date,year,facility_name,doc_type,type_name,doc_url,srn,epa_class,address_line1,city,zip,county,egle_district,staff,type_simple,type_name_simple,address_full,nsite_doc_id,nsite_category,nsite_prog_area,nsite_func_area
2026-08-14,2026.0,PYRAMID PAVING & CONTRACTING CO,NFORMDOC,nForm Document,https://mienviro.michigan.gov/ncore/downloadpdf/7273262985279549095,B1485,SM OPT OUT,1503 PINE ST,ESSEXVILLE,48732,BAY,BAY CITY,MCCANNG2,,,"1503 PINE ST, ESSEXVILLE, MI 48732",7273262985279549095,Form Submission Attachments,AQD - Air,Application/Request
2026-08-14,2026.0,ST. CLAIR / BELLE RIVER POWER PLANT,NFORMDOC,nForm Document,https://mienviro.michigan.gov/ncore/downloadpdf/-4922689373430975481,B2796,MAJOR,4505 King Road,CHINA TWP,48054,SAINT CLAIR,WARREN,DZIADOSZM,,,"4505 King Road, CHINA TWP, MI 48054",-4922689373430975481,Form Submission Attachments,AQD - Air,Application/Request
2026-08-14,2026.0,PYRAMID PAVING & CONTRACTING CO,NFORMDOC,nForm Document,https://mienviro.michigan.gov/ncore/downloadpdf/-528705697717544744,B1485,SM OPT OUT,1503 PINE ST,ESSEXVILLE,48732,BAY,BAY CITY,MCCANNG2,,,"1503 PINE ST, ESSEXVILLE, MI 48732",-528705697717544744,Form Submission Attachments,AQD - Air,Application/Request
2026-08-14,2026.0,PYRAMID PAVING & CONTRACTING CO,SUBMISSI,Submission PDF,https://mienviro.michigan.gov/ncore/downloadpdf/-2491776001818647601,B1485,SM OPT OUT,1503 PINE ST,ESSEXVILLE,48732,BAY,BAY CITY,MCCANNG2,,,"1503 PINE ST, ESSEXVILLE, MI 48732",-2491776001818647601,Form Submission Attachments,AQD - Air,Application/Request
2026-08-14,2026.0,MOTUS INTEGRATED TECHNOLOGIES - MAPLEWOOD FACILITY,ALTERNAT,Alternate Method 24 Approval Letter,https://mienviro.michigan.gov/ncore/downloadpdf/-7971445272998500011,N5455,SM OPT OUT,88 EAST 48TH STREET,HOLLAND,49423,ALLEGAN,KALAMAZOO,YAZZIEC,,,"88 EAST 48TH STREET, HOLLAND, MI 49423",-7971445272998500011,Air Site Documents,n/a,Site
2026-08-14,2026.0,BASF CORPORATION - CHEMICAL PLANTS,AIRPERMI,Air Permit to Install,https://mienviro.michigan.gov/ncore/downloadpdf/8152408582371066670,B4359,MAJOR,1609  BIDDLE AVE,WYANDOTTE,48192,WAYNE,DETROIT,LIVESONS2,,,"1609  BIDDLE AVE, WYANDOTTE, MI 48192",8152408582371066670,Air Permit to Install Documents,AQD - Air,Permit
2026-08-14,2026.0,BASF CORPORATION - CHEMICAL PLANTS,APPLICAT,Application - Air Permit to Install - New,https://mienviro.michigan.gov/ncore/downloadpdf/5280473094825344379,B4359,MAJOR,1609  BIDDLE AVE,WYANDOTTE,48192,WAYNE,DETROIT,LIVESONS2,,,"1609  BIDDLE AVE, WYANDOTTE, MI 48192",5280473094825344379,Application Review Documents,AQD - Air,Application/Request
2026-08-14,2026.0,BASF CORPORATION - CHEMICAL PLANTS,AIRPERMI,Air Permit to Install,https://mienviro.michigan.gov/ncore/downloadpdf/-4299914572239383591,B4359,MAJOR,1609  BIDDLE AVE,WYANDOTTE,48192,WAYNE,DETROIT,LIVESONS2,,,"1609  BIDDLE AVE, WYANDOTTE, MI 48192",-4299914572239383591,Air Permit to Install Documents,AQD - Air,Permit
2026-08-14,2026.0,ST. CLAIR / BELLE RIVER POWER PLANT,NFORMDOC,nForm Document,https://mienviro.michigan.gov/ncore/downloadpdf/-1695591792843274316,B2796,MAJOR,4505 King Road,CHINA TWP,48054,SAINT CLAIR,WARREN,DZIADOSZM,,,"4505 King Road, CHINA TWP, MI 48054",-1695591792843274316,Form Submission Attachments,AQD - Air,Application/Request
2026-08-14,2026.0,UP PAPER LLC.,UPDATEDS,Updated section G permit application - 35 gallon solvent parts washer,https://mienviro.michigan.gov/ncore/downloadpdf/-6170580733402456217,A6475,MAJOR,402 West Elk Street,MANISTIQUE,49854,SCHOOLCRAFT,MARQUETTE,LUCEL1,,,"402 West Elk Street, MANISTIQUE, MI 49854",-6170580733402456217,Air Application Documents,AQD - Air,Application/Request
2026-08-14,2026.0,ST. CLAIR / BELLE RIVER POWER PLANT,SUBMISSI,Submission PDF,https://mienviro.michigan.gov/ncore/downloadpdf/-5138509143882396616,B2796,MAJOR,4505 King Road,CHINA TWP,48054,SAINT CLAIR,WARREN,DZIADOSZM,,,"4505 King Road, CHINA TWP, MI 48054",-5138509143882396616,Form Submission Attachments,AQD - Air,Application/Request
2026-08-14,2026.0,GRANGER WOOD STREET LANDFILL,NFORMDOC,nForm Document,https://mienviro.michigan.gov/ncore/downloadpdf/-4066046428433152818,N5997,MAJOR,16980 Wood Road,LANSING,48906,CLINTON,LANSING,LUPLOWM1,,,"16980 Wood Road, LANSING, MI 48906",-4066046428433152818,Form Submission Attachments,AQD - Air,Application/Request
2026-08-14,2026.0,GRANGER WOOD STREET LANDFILL,SUBMISSI,Submission PDF,https://mienviro.michigan.gov/ncore/downloadpdf/-5288219260741895536,N5997,MAJOR,16980 Wood Road,LANSING,48906,CLINTON,LANSING,LUPLOWM1,,,"16980 Wood Road, LANSING, MI 48906",-5288219260741895536,Form Submission Attachments,AQD - Air,Application/Request
2026-08-14,2026.0,UNIVERSITY OF MICHIGAN,SUBMISSI,Submission PDF,https://mienviro.michigan.gov/ncore/downloadpdf/-6380007960003222694,M0675,MAJOR,1239  KIPKE DR,ANN ARBOR,48109,WASHTENAW,JACKSON,KAVANAUGHD,,,"1239  KIPKE DR, ANN ARBOR, MI 48109",-6380007960003222694,Form Submission Attachments,AQD - Air,Application/Request
2026-08-14,2026.0,KENT COUNTY WASTE TO ENERGY FACILITY,NFORMDOC,nForm Document,https://mienviro.michigan.gov/ncore/downloadpdf/8100472264619398555,N1604,MAJOR,950  Market Ave SW,GRAND RAPIDS,49503,KENT,GRAND RAPIDS,DEVRIESK1,,,"950  Market Ave SW, GRAND RAPIDS, MI 49503",8100472264619398555,Form Submission Attachments,AQD - Air,Application/Request
2026-08-14,2026.0,KENT COUNTY WASTE TO ENERGY FACILITY,NFORMDOC,nForm Document,https://mienviro.michigan.gov/ncore/downloadpdf/6069900916771015867,N1604,MAJOR,950  Market Ave SW,GRAND RAPIDS,49503,KENT,GRAND RAPIDS,DEVRIESK1,,,"950  Market Ave SW, GRAND RAPIDS, MI 49503",6069900916771015867,Form Submission Attachments,AQD - Air,Application/Request
2026-08-14,2026.0,KENT COUNTY WASTE TO ENERGY FACILITY,NFORMDOC,nForm Document,https://mienviro.michigan.gov/ncore/downloadpdf/-1588712723769444242,N1604,MAJOR,950  Market Ave SW,GRAND RAPIDS,49503,KENT,GRAND RAPIDS,DEVRIESK1,,,"950  Market Ave SW, GRAND RAPIDS, MI 49503",-1588712723769444242,Form Submission Attachments,AQD - Air,Application/Request
2026-08-14,2026.0,KENT COUNTY WASTE TO ENERGY FACILITY,NFORMDOC,nForm Document,https://mienviro.michigan.gov/ncore/downloadpdf/-1991744211949766873,N1604,MAJOR,950  Market Ave SW,GRAND RAPIDS,49503,KENT,GRAND RAPIDS,DEVRIESK1,,,"950  Market Ave SW, GRAND RAPIDS, MI 49503",-1991744211949766873,Form Submission Attachments,AQD - Air,Application/Request
2026-08-14,2026.0,ST MARYS CEMENT CHARLEVOIX PLANT,NFORMDOC,nForm Document,https://mienviro.michigan.gov/ncore/downloadpdf/-3478202088978827326,B1559,MAJOR,16000  BELLS BAY RD,CHARLEVOIX,49720,CHARLEVOIX,CADILLAC,DICKMANR,,,"16000  BELLS BAY RD, CHARLEVOIX, MI 49720",-3478202088978827326,Form Submission Attachments,AQD - Air,Application/Request
2026-08-14,2026.0,KENT COUNTY WASTE TO ENERGY FACILITY,SUBMISSI,Submission PDF,https://mienviro.michigan.gov/ncore/downloadpdf/-3139790174502058330,N1604,MAJOR,950  Market Ave SW,GRAND RAPIDS,49503,KENT,GRAND RAPIDS,DEVRIESK1,,,"950  Market Ave SW, GRAND RAPIDS, MI 49503",-3139790174502058330,Form Submission Attachments,AQD - Air,Application/Request
2026-08-14,2026.0,MARATHON PETROLEUM COMPANY LP,SCHEDULE,Schedule - Air Quality Test Report Submittal,https://mienviro.michigan.gov/ncore/downloadpdf/3404073944585139546,A9831,MEGASITE,1001 S Oakwood,DETROIT,48217,WAYNE,DETROIT,ACEVEDOJ1,,,"1001 S Oakwood, DETROIT, MI 48217",3404073944585139546,Misc. Submittal Docs,AQD - Air,Application/Request
2026-08-14,2026.0,KENT COUNTY WASTE TO ENERGY FACILITY,NFORMDOC,nForm Document,https://mienviro.michigan.gov/ncore/downloadpdf/-8232565777975622740,N1604,MAJOR,950  Market Ave SW,GRAND RAPIDS,49503,KENT,GRAND RAPIDS,DEVRIESK1,,,"950  Market Ave SW, GRAND RAPIDS, MI 49503",-8232565777975622740,Form Submission Attachments,AQD - Air,Application/Request
2026-08-14,2026.0,ST MARYS CEMENT CHARLEVOIX PLANT,SUBMISSI,Submission PDF,https://mienviro.michigan.gov/ncore/downloadpdf/8622181549936938904,B1559,MAJOR,16000  BELLS BAY RD,CHARLEVOIX,49720,CHARLEVOIX,CADILLAC,DICKMANR,,,"16000  BELLS BAY RD, CHARLEVOIX, MI 49720",8622181549936938904,Form Submission Attachments,AQD - Air,Application/Request
2026-08-14,2026.0,ST MARYS CEMENT CHARLEVOIX PLANT,NFORMDOC,nForm Document,https://mienviro.michigan.gov/ncore/downloadpdf/7920172829144460546,B1559,MAJOR,16000  BELLS BAY RD,CHARLEVOIX,49720,CHARLEVOIX,CADILLAC,DICKMANR,,,"16000  BELLS BAY RD, CHARLEVOIX, MI 49720",7920172829144460546,Form Submission Attachments,AQD - Air,Application/Request
2026-08-14,2026.0,ST MARYS CEMENT CHARLEVOIX PLANT,NFORMDOC,nForm Document,https://mienviro.michigan.gov/ncore/downloadpdf/6726823021271312921,B1559,MAJOR,16000  BELLS BAY RD,CHARLEVOIX,49720,CHARLEVOIX,CADILLAC,DICKMANR,,,"16000  BELLS BAY RD, CHARLEVOIX, MI 49720",6726823021271312921,Form Submission Attachments,AQD - Air,Application/Request
2026-08-14,2026.0,ST MARYS CEMENT CHARLEVOIX PLANT,NFORMDOC,nForm Document,https://mienviro.michigan.gov/ncore/downloadpdf/4154000654234089242,B1559,MAJOR,16000  BELLS BAY RD,CHARLEVOIX,49720,CHARLEVOIX,CADILLAC,DICKMANR,,,"16000  BELLS BAY RD, CHARLEVOIX, MI 49720",4154000654234089242,Form Submission Attachments,AQD - Air,Application/Request
2026-08-14,2026.0,ST MARYS CEMENT CHARLEVOIX PLANT,NFORMDOC,nForm Document,https://mienviro.michigan.gov/ncore/downloadpdf/1586867367655354011,B1559,MAJOR,16000  BELLS BAY RD,CHARLEVOIX,49720,CHARLEVOIX,CADILLAC,DICKMANR,,,"16000  BELLS BAY RD, CHARLEVOIX, MI 49720",1586867367655354011,Form Submission Attachments,AQD - Air,Application/Request
2026-08-14,2026.0,ST MARYS CEMENT CHARLEVOIX PLANT,NFORMDOC,nForm Document,https://mienviro.michigan.gov/ncore/downloadpdf/-302046680865140031,B1559,MAJOR,16000  BELLS BAY RD,CHARLEVOIX,49720,CHARLEVOIX,CADILLAC,DICKMANR,,,"16000  BELLS BAY RD, CHARLEVOIX, MI 49720",-302046680865140031,Form Submission Attachments,AQD - Air,Application/Request
2026-08-14,2026.0,ST MARYS CEMENT CHARLEVOIX PLANT,NFORMDOC,nForm Document,https://mienviro.michigan.gov/ncore/downloadpdf/-794833479000342627,B1559,MAJOR,16000  BELLS BAY RD,CHARLEVOIX,49720,CHARLEVOIX,CADILLAC,DICKMANR,,,"16000  BELLS BAY RD, CHARLEVOIX, MI 49720",-794833479000342627,Form Submission Attachments,AQD - Air,Application/Request
2026-08-14,2026.0,ST MARYS CEMENT CHARLEVOIX PLANT,NFORMDOC,nForm Document,https://mienviro.michigan.gov/ncore/downloadpdf/-2696967877051215737,B1559,MAJOR,16000  BELLS BAY RD,CHARLEVOIX,49720,CHARLEVOIX,CADILLAC,DICKMANR,,,"16000  BELLS BAY RD, CHARLEVOIX, MI 49720",-2696967877051215737,Form Submission Attachments,AQD - Air,Application/Request
2026-08-14,2026.0,ST MARYS CEMENT CHARLEVOIX PLANT,NFORMDOC,nForm Document,https://mienviro.michigan.gov/ncore/downloadpdf/-3831678691823118058,B1559,MAJOR,16000  BELLS BAY RD,CHARLEVOIX,49720,CHARLEVOIX,CADILLAC,DICKMANR,,,"16000  BELLS BAY RD, CHARLEVOIX, MI 49720",-3831678691823118058,Form Submission Attachments,AQD - Air,Application/Request
2026-08-14,2026.0,ST MARYS CEMENT CHARLEVOIX PLANT,NFORMDOC,nForm Document,https://mienviro.michigan.gov/ncore/downloadpdf/7549612396629745911,B1559,MAJOR,16000  BELLS BAY RD,CHARLEVOIX,49720,CHARLEVOIX,CADILLAC,DICKMANR,,,"16000  BELLS BAY RD, CHARLEVOIX, MI 49720",7549612396629745911,Form Submission Attachments,AQD - Air,Application/Request
2026-08-14,2026.0,ST MARYS CEMENT CHARLEVOIX PLANT,NFORMDOC,nForm Document,https://mienviro.michigan.gov/ncore/downloadpdf/-3922779009905148865,B1559,MAJOR,16000  BELLS BAY RD,CHARLEVOIX,49720,CHARLEVOIX,CADILLAC,DICKMANR,,,"16000  BELLS BAY RD, CHARLEVOIX, MI 49720",-3922779009905148865,Form Submission Attachments,AQD - Air,Application/Request
2026-08-14,2026.0,ST MARYS CEMENT CHARLEVOIX PLANT,NFORMDOC,nForm Document,https://mienviro.michigan.gov/ncore/downloadpdf/-7114731207034256081,B1559,MAJOR,16000  BELLS BAY RD,CHARLEVOIX,49720,CHARLEVOIX,CADILLAC,DICKMANR,,,"16000  BELLS BAY RD, CHARLEVOIX, MI 49720",-7114731207034256081,Form Submission Attachments,AQD - Air,Application/Request
2026-08-14,2026.0,ST MARYS CEMENT CHARLEVOIX PLANT,SUBMISSI,Submission PDF,https://mienviro.michigan.gov/ncore/downloadpdf/-7499236886841541120,B1559,MAJOR,16000  BELLS BAY RD,CHARLEVOIX,49720,CHARLEVOIX,CADILLAC,DICKMANR,,,"16000  BELLS BAY RD, CHARLEVOIX, MI 49720",-7499236886841541120,Form Submission Attachments,AQD - Air,Application/Request
2026-08-14,2026.0,HOLCIM (US) INC. DBA LAFARGE ALPENA PLANT,SECONDVI,Second Violation Notice,https://mienviro.michigan.gov/ncore/downloadpdf/-7371704348067295851,B1477,MAJOR,1435  Ford Avenue,ALPENA,49707,ALPENA,CADILLAC,CHILDSK,,,"1435  Ford Avenue, ALPENA, MI 49707",-7371704348067295851,Air Enforcement Documents,AQD - Air,Compliance Action
2026-08-14,2026.0,UP PAPER LLC.,SIGNEDC0,Signed C-001 certification for ROP application updates. Signed by Responsible Official Brian Gustagson,https://mienviro.michigan.gov/ncore/downloadpdf/-1641102824193900330,A6475,MAJOR,402 West Elk Street,MANISTIQUE,49854,SCHOOLCRAFT,MARQUETTE,LUCEL1,,,"402 West Elk Street, MANISTIQUE, MI 49854",-1641102824193900330,Air Application Documents,AQD - Air,Application/Request
2026-08-14,2026.0,UP PAPER LLC.,UPDATEDS,"Updated section D permit application exempt emission units to include steam parts washer, diesel fuel storage tanks, urea storage tank, phorphoric acid storage tank, and air conditioning system.",https://mienviro.michigan.gov/ncore/downloadpdf/-5105630370643934548,A6475,MAJOR,402 West Elk Street,MANISTIQUE,49854,SCHOOLCRAFT,MARQUETTE,LUCEL1,,,"402 West Elk Street, MANISTIQUE, MI 49854",-5105630370643934548,Air Application Documents,AQD - Air,Application/Request
2026-08-14,2026.0,ST MARYS CEMENT CHARLEVOIX PLANT,NFORMDOC,nForm Document,https://mienviro.michigan.gov/ncore/downloadpdf/-4208252088781419552,B1559,MAJOR,16000  BELLS BAY RD,CHARLEVOIX,49720,CHARLEVOIX,CADILLAC,DICKMANR,,,"16000  BELLS BAY RD, CHARLEVOIX, MI 49720",-4208252088781419552,Form Submission Attachments,AQD - Air,Application/Request
2026-08-13,2026.0,C&C EXPANDED SANITARY LANDFILL,SUBMISSI,Submission PDF,https://mienviro.michigan.gov/ncore/downloadpdf/6968791818147443573,N2896,MAJOR,14800  P Drive North,MARSHALL,49068.0,CALHOUN,KALAMAZOO,DESKINSM,,,"14800  P Drive North, MARSHALL, MI 49068",6.968791818147444e+18,Form Submission Attachments,AQD - Air,Application/Request
2026-08-13,2026.0,BIEWER SAWMILL INC,NFORMDOC,nForm Document,https://mienviro.michigan.gov/ncore/downloadpdf/4757017590278198416,N1722,MAJOR,6251 GERWOUDE DR,MCBAIN,49657.0,MISSAUKEE,CADILLAC,CHILDSK,,,"6251 GERWOUDE DR, MCBAIN, MI 49657",4.757017590278198e+18,Form Submission Attachments,AQD - Air,Application/Request
2026-08-13,2026.0,EAGLE ALLOY INC,NFORMDOC,nForm Document,https://mienviro.michigan.gov/ncore/downloadpdf/1566097664203813558,B7870,SM OPT OUT,5142 EVANSTON AVE,MUSKEGON,49442.0,MUSKEGON,GRAND RAPIDS,GRINSTERNE,,,"5142 EVANSTON AVE, MUSKEGON, MI 49442",1.5660976642038136e+18,Form Submission Attachments,AQD - Air,Application/Request
2026-08-13,2026.0,MARATHON PETROLEUM COMPANY LP,NFORMDOC,nForm Document,https://mienviro.michigan.gov/ncore/downloadpdf/8954676250632442187,A9831,MEGASITE,1001 S Oakwood,DETROIT,48217.0,WAYNE,DETROIT,ACEVEDOJ1,,,"1001 S Oakwood, DETROIT, MI 48217",8.954676250632442e+18,Form Submission Attachments,AQD - Air,Application/Request
2026-08-13,2026.0,MARATHON PETROLEUM COMPANY LP,TESTOBSE,Test Observation (08/12/2026),https://mienviro.michigan.gov/ncore/downloadpdf/8738159830958022532,A9831,MEGASITE,1001 S Oakwood,DETROIT,48217.0,WAYNE,DETROIT,ACEVEDOJ1,,,"1001 S Oakwood, DETROIT, MI 48217",8.738159830958023e+18,Inspection Report,AQD - Air,Evaluation
2026-08-13,2026.0,OTSEGO PAPER INC,NFORMDOC,nForm Document,https://mienviro.michigan.gov/ncore/downloadpdf/4621455324992234470,A0023,MAJOR,320 N Farmer St.,OTSEGO,49078.0,ALLEGAN,KALAMAZOO,YAZZIEC,,,"320 N Farmer St., OTSEGO, MI 49078",4.621455324992233e+18,Form Submission Attachments,AQD - Air,Application/Request
2026-08-13,2026.0,OTSEGO PAPER INC,NFORMDOC,nForm Document,https://mienviro.michigan.gov/ncore/downloadpdf/6772382756993701405,A0023,MAJOR,320 N Farmer St.,OTSEGO,49078.0,ALLEGAN,KALAMAZOO,YAZZIEC,,,"320 N Farmer St., OTSEGO, MI 49078",6.772382756993701e+18,Form Submission Attachments,AQD - Air,Application/Request
2026-08-13,2026.0,OTSEGO PAPER INC,NFORMDOC,nForm Document,https://mienviro.michigan.gov/ncore/downloadpdf/9143289255613322475,A0023,MAJOR,320 N Farmer St.,OTSEGO,49078.0,ALLEGAN,KALAMAZOO,YAZZIEC,,,"320 N Farmer St., OTSEGO, MI 49078",9.143289255613321e+18,Form Submission Attachments,AQD - Air,Application/Request
2026-08-13,2026.0,DARLING INGREDIENTS INC.,SUBMISSI,Submission PDF,https://mienviro.michigan.gov/ncore/downloadpdf/5907457380464735286,N0547,MINOR,5900 OLD ALLEGAN RD,HAMILTON,49419.0,ALLEGAN,KALAMAZOO,YAZZIEC,,,"5900 OLD ALLEGAN RD, HAMILTON, MI 49419",5.907457380464735e+18,Form Submission Attachments,AQD - Air,Application/Request
2026-08-13,2026.0,EAGLE ALLOY INC,NFORMDOC,nForm Document,https://mienviro.michigan.gov/ncore/downloadpdf/2562054072598688573,B7870,SM OPT OUT,5142 EVANSTON AVE,MUSKEGON,49442.0,MUSKEGON,GRAND RAPIDS,GRINSTERNE,,,"5142 EVANSTON AVE, MUSKEGON, MI 49442",2.5620540725986883e+18,Form Submission Attachments,AQD - Air,Application/Request
2026-08-13,2026.0,MARATHON PETROLEUM COMPANY LP,TESTOBSE,Test Observation (08/11/2026),https://mienviro.michigan.gov/ncore/downloadpdf/2773700286577676622,A9831,MEGASITE,1001 S Oakwood,DETROIT,48217.0,WAYNE,DETROIT,ACEVEDOJ1,,,"1001 S Oakwood, DETROIT, MI 48217",2.773700286577677e+18,Inspection Report,AQD - Air,Evaluation
2026-08-13,2026.0,EAGLE ALLOY INC,SUBMISSI,Submission PDF,https://mienviro.michigan.gov/ncore/downloadpdf/5129340230601761669,B7870,SM OPT OUT,5142 EVANSTON AVE,MUSKEGON,49442.0,MUSKEGON,GRAND RAPIDS,GRINSTERNE,,,"5142 EVANSTON AVE, MUSKEGON, MI 49442",5.129340230601762e+18,Form Submission Attachments,AQD - Air,Application/Request
2026-08-13,2026.0,OTSEGO PAPER INC,SUBMISSI,Submission PDF,https://mienviro.michigan.gov/ncore/downloadpdf/-290120703847235051,A0023,MAJOR,320 N Farmer St.,OTSEGO,49078.0,ALLEGAN,KALAMAZOO,YAZZIEC,,,"320 N Farmer St., OTSEGO, MI 49078",-2.901207038472351e+17,Form Submission Attachments,AQD - Air,Application/Request
2026-08-13,2026.0,BIEWER SAWMILL INC,NFORMDOC,nForm Document,https://mienviro.michigan.gov/ncore/downloadpdf/-1285423364793822569,N1722,MAJOR,6251 GERWOUDE DR,MCBAIN,49657.0,MISSAUKEE,CADILLAC,CHILDSK,,,"6251 GERWOUDE DR, MCBAIN, MI 49657",-1.2854233647938225e+18,Form Submission Attachments,AQD - Air,Application/Request
2026-08-13,2026.0,BIEWER SAWMILL INC,SUBMISSI,Submission PDF,https://mienviro.michigan.gov/ncore/downloadpdf/3301387613433486492,N1722,MAJOR,6251 GERWOUDE DR,MCBAIN,49657.0,MISSAUKEE,CADILLAC,CHILDSK,,,"6251 GERWOUDE DR, MCBAIN, MI 49657",3.3013876134334863e+18,Form Submission Attachments,AQD - Air,Application/Request
2026-08-13,2026.0,MARATHON PETROLEUM COMPANY LP,SUBMISSI,Submission PDF,https://mienviro.michigan.gov/ncore/downloadpdf/-9140897776688031697,A9831,MEGASITE,1001 S Oakwood,DETROIT,48217.0,WAYNE,DETROIT,ACEVEDOJ1,,,"1001 S Oakwood, DETROIT, MI 48217",-9.140897776688032e+18,Form Submission Attachments,AQD - Air,Application/Request
2026-08-13,2026.0,THOMPSON RECYCLE CO,AIRPERMI,Air Permit to Install,https://mienviro.michigan.gov/ncore/downloadpdf/-1070627118981169905,N5408,MINOR,7061 Dexter Ann Arbor Rd,DEXTER,48130.0,WASHTENAW,JACKSON,KOVALCHICKM,,,"7061 Dexter Ann Arbor Rd, DEXTER, MI 48130",-1.07062711898117e+18,Air Permit to Install Documents,AQD - Air,Permit
2026-08-13,2026.0,THOMPSON RECYCLE CO,AIRPERMI,Air Permit to Install,https://mienviro.michigan.gov/ncore/downloadpdf/-2375455442455807400,N5408,MINOR,7061 Dexter Ann Arbor Rd,DEXTER,48130.0,WASHTENAW,JACKSON,KOVALCHICKM,,,"7061 Dexter Ann Arbor Rd, DEXTER, MI 48130",-2.3754554424558075e+18,Air Permit to Install Documents,AQD - Air,Permit
2026-08-13,2026.0,HOLCIM (US) INC. DBA LAFARGE ALPENA PLANT,NFORMDOC,nForm Document,https://mienviro.michigan.gov/ncore/downloadpdf/-5488320388849632766,B1477,MAJOR,1435  Ford Avenue,ALPENA,49707.0,ALPENA,CADILLAC,CHILDSK,,,"1435  Ford Avenue, ALPENA, MI 49707",-5.488320388849633e+18,Form Submission Attachments,AQD - Air,Application/Request
2026-08-13,2026.0,DTE ELECTRIC COMPANY - MONROE POWER PLANT,NFORMDOC,nForm Document,https://mienviro.michigan.gov/ncore/downloadpdf/6606190289645248751,B2816,MAJOR,3500 EAST FRONT STREET,MONROE,48161.0,MONROE,JACKSON,CARLEYB,,,"3500 EAST FRONT STREET, MONROE, MI 48161",6.606190289645249e+18,Form Submission Attachments,AQD - Air,Application/Request
2026-08-13,2026.0,GENERAL MOTORS LLC  DETROIT-HAMTRAMCK ASSEMBLY,SUBMISSI,Submission PDF,https://mienviro.michigan.gov/ncore/downloadpdf/-6812611529148253989,M4199,MAJOR,2500 E GENERAL MOTORS BLVD,DETROIT,48211.0,WAYNE,DETROIT,SANDOVALC,,,"2500 E GENERAL MOTORS BLVD, DETROIT, MI 48211",-6.812611529148253e+18,Form Submission Attachments,AQD - Air,Application/Request
2026-08-13,2026.0,DTE ELECTRIC COMPANY - MONROE POWER PLANT,NFORMDOC,nForm Document,https://mienviro.michigan.gov/ncore/downloadpdf/-4934115576428566818,B2816,MAJOR,3500 EAST FRONT STREET,MONROE,48161.0,MONROE,JACKSON,CARLEYB,,,"3500 EAST FRONT STREET, MONROE, MI 48161",-4.934115576428568e+18,Form Submission Attachments,AQD - Air,Application/Request
2026-08-13,2026.0,GENERAL MOTORS LLC  DETROIT-HAMTRAMCK ASSEMBLY,NFORMDOC,nForm Document,https://mienviro.michigan.gov/ncore/downloadpdf/-2039431347341386615,M4199,MAJOR,2500 E GENERAL MOTORS BLVD,DETROIT,48211.0,WAYNE,DETROIT,SANDOVALC,,,"2500 E GENERAL MOTORS BLVD, DETROIT, MI 48211",-2.0394313473413865e+18,Form Submission Attachments,AQD - Air,Application/Request
2026-08-13,2026.0,GRAND BLANC PROCESSING LLC,ONSITEIN,On-Site Inspection (06/15/2026),https://mienviro.michigan.gov/ncore/downloadpdf/5339902485963442038,N5983,MINOR,10151 GAINEY DR,HOLLY,48442.0,GENESEE,LANSING,DAVISS46,,,"10151 GAINEY DR, HOLLY, MI 48442",5.339902485963441e+18,Air Evaluation Documents,AQD - Air,Evaluation
2026-08-13,2026.0,DARLING INGREDIENTS INC.,NFORMDOC,nForm Document,https://mienviro.michigan.gov/ncore/downloadpdf/-3966997615797044024,N0547,MINOR,5900 OLD ALLEGAN RD,HAMILTON,49419.0,ALLEGAN,KALAMAZOO,YAZZIEC,,,"5900 OLD ALLEGAN RD, HAMILTON, MI 49419",-3.966997615797044e+18,Form Submission Attachments,AQD - Air,Application/Request
2026-08-13,2026.0,THOMPSON RECYCLE CO,APPLICAT,Application - Air Permit to Install - New,https://mienviro.michigan.gov/ncore/downloadpdf/8050655255690089563,N5408,MINOR,7061 Dexter Ann Arbor Rd,DEXTER,48130.0,WASHTENAW,JACKSON,KOVALCHICKM,,,"7061 Dexter Ann Arbor Rd, DEXTER, MI 48130",8.050655255690089e+18,Applicant Attachments,AQD - Air,Application/Request
2026-08-13,2026.0,OTSEGO PAPER INC,NFORMDOC,nForm Document,https://mienviro.michigan.gov/ncore/downloadpdf/-1689352586528979889,A0023,MAJOR,320 N Farmer St.,OTSEGO,49078.0,ALLEGAN,KALAMAZOO,YAZZIEC,,,"320 N Farmer St., OTSEGO, MI 49078",-1.6893525865289797e+18,Form Submission Attachments,AQD - Air,Application/Request
2026-08-13,2026.0,GENERAL MOTORS LLC  DETROIT-HAMTRAMCK ASSEMBLY,NFORMDOC,nForm Document,https://mienviro.michigan.gov/ncore/downloadpdf/-8667839319062158131,M4199,MAJOR,2500 E GENERAL MOTORS BLVD,DETROIT,48211.0,WAYNE,DETROIT,SANDOVALC,,,"2500 E GENERAL MOTORS BLVD, DETROIT, MI 48211",-8.667839319062158e+18,Form Submission Attachments,AQD - Air,Application/Request
2026-08-13,2026.0,HOLCIM (US) INC. DBA LAFARGE ALPENA PLANT,SUBMISSI,Submission PDF,https://mienviro.michigan.gov/ncore/downloadpdf/-6707464612673336156,B1477,MAJOR,1435  Ford Avenue,ALPENA,49707.0,ALPENA,CADILLAC,CHILDSK,,,"1435  Ford Avenue, ALPENA, MI 49707",-6.707464612673336e+18,Form Submission Attachments,AQD - Air,Application/Request
2026-08-13,2026.0,TES FILER CITY STATION,N1685CLA,N1685 Clarifications on EGLE's test protocol approval letter (HQQ-1NX5-PSTPY),https://mienviro.michigan.gov/ncore/downloadpdf/-866301268605574205,N1685,MAJOR,700  Mee Street,FILER CITY,49634.0,MANISTEE,CADILLAC,OWENSC1,,,"700  Mee Street, FILER CITY, MI 49634",-8.663012686055743e+17,Air Schedule Documents,AQD - Air,Application/Request
2026-08-13,2026.0,MARATHON PETROLEUM COMPANY LP,NFORMDOC,nForm Document,https://mienviro.michigan.gov/ncore/downloadpdf/-8304223492203822298,A9831,MEGASITE,1001 S Oakwood,DETROIT,48217.0,WAYNE,DETROIT,ACEVEDOJ1,,,"1001 S Oakwood, DETROIT, MI 48217",-8.304223492203822e+18,Form Submission Attachments,AQD - Air,Application/Request
2026-08-13,2026.0,"MEAD JOHNSON & COMPANY, LLC",SUBMISSI,Submission PDF,https://mienviro.michigan.gov/ncore/downloadpdf/-2490991478617822371,A5858,MAJOR,725 E. Main Street,ZEELAND,49464.0,OTTAWA,GRAND RAPIDS,ROBINSONC17,,,"725 E. Main Street, ZEELAND, MI 49464",-2.490991478617822e+18,Form Submission Attachments,AQD - Air,Application/Request
2026-08-13,2026.0,"MEAD JOHNSON & COMPANY, LLC",NFORMDOC,nForm Document,https://mienviro.michigan.gov/ncore/downloadpdf/-486280741514204031,A5858,MAJOR,725 E. Main Street,ZEELAND,49464.0,OTTAWA,GRAND RAPIDS,ROBINSONC17,,,"725 E. Main Street, ZEELAND, MI 49464",-4.86280741514204e+17,Form Submission Attachments,AQD - Air,Application/Request
2026-08-13,2026.0,"MEAD JOHNSON & COMPANY, LLC",NFORMDOC,nForm Document,https://mienviro.michigan.gov/ncore/downloadpdf/2130566064561681502,A5858,MAJOR,725 E. Main Street,ZEELAND,49464.0,OTTAWA,GRAND RAPIDS,ROBINSONC17,,,"725 E. Main Street, ZEELAND, MI 49464",2.1305660645616812e+18,Form Submission Attachments,AQD - Air,Application/Request
2026-08-13,2026.0,HOLCIM (US) INC. DBA LAFARGE ALPENA PLANT,NFORMDOC,nForm Document,https://mienviro.michigan.gov/ncore/downloadpdf/-8862707337182364388,B1477,MAJOR,1435  Ford Avenue,ALPENA,49707.0,ALPENA,CADILLAC,CHILDSK,,,"1435  Ford Avenue, ALPENA, MI 49707",-8.862707337182365e+18,Form Submission Attachments,AQD - Air,Application/Request
2026-08-13,2026.0,DTE ELECTRIC COMPANY - MONROE POWER PLANT,SUBMISSI,Submission PDF,https://mienviro.michigan.gov/ncore/downloadpdf/-6010308617706048781,B2816,MAJOR,3500 EAST FRONT STREET,MONROE,48161.0,MONROE,JACKSON,CARLEYB,,,"3500 EAST FRONT STREET, MONROE, MI 48161",-6.010308617706049e+18,Form Submission Attachments,AQD - Air,Application/Request
2026-08-12,2026.0,"CADILLAC CASTING, INC",SUBMISSI,Submission PDF,https://mienviro.michigan.gov/ncore/downloadpdf/-5375505208343901267,B2178,MAJOR,1500  4th Ave.,CADILLAC,49601.0,WEXFORD,CADILLAC,CHILDSK,,,"1500  4th Ave., CADILLAC, MI 49601",-5.375505208343901e+18,Form Submission Attachments,AQD - Air,Application/Request
2026-08-12,2026.0,FCA US LLC - JEFFERSON NORTH ASSEMBLY PLANT,NFORMDOC,nForm Document,https://mienviro.michigan.gov/ncore/downloadpdf/-2763372898992605754,N2155,MAJOR,2101  CONNER AVE,DETROIT,48215.0,WAYNE,DETROIT,BYRNESR,,,"2101  CONNER AVE, DETROIT, MI 48215",-2.7633728989926057e+18,Form Submission Attachments,AQD - Air,Application/Request
2026-08-12,2026.0,GUARDIAN INDUSTRIES-CARLETON,SUBMISSI,Submission PDF,https://mienviro.michigan.gov/ncore/downloadpdf/2468601979720755613,B1877,MAJOR,14600  ROMINE RD,CARLETON,48117.0,MONROE,JACKSON,CARLEYB,,,"14600  ROMINE RD, CARLETON, MI 48117",2.468601979720756e+18,Form Submission Attachments,AQD - Air,Application/Request
2026-08-12,2026.0,"CADILLAC CASTING, INC",NFORMDOC,nForm Document,https://mienviro.michigan.gov/ncore/downloadpdf/-3140934926000902600,B2178,MAJOR,1500  4th Ave.,CADILLAC,49601.0,WEXFORD,CADILLAC,CHILDSK,,,"1500  4th Ave., CADILLAC, MI 49601",-3.140934926000902e+18,Form Submission Attachments,AQD - Air,Application/Request
2026-08-12,2026.0,GREDE LLC - IRON MOUNTAIN,SCHEDULE,Schedule - Air Quality Test Report Submittal,https://mienviro.michigan.gov/ncore/downloadpdf/-8492391619554326135,B1577,MAJOR,801 S CARPENTER AVE,KINGSFORD,49802.0,DICKINSON,MARQUETTE,CONKLINM1,,,"801 S CARPENTER AVE, KINGSFORD, MI 49802",-8.492391619554327e+18,Misc. Submittal Docs,AQD - Air,Application/Request
2026-08-12,2026.0,WOOD ISLAND WASTE MANAGEMENT,SEMRESUL,SEM Results Letter - Wood Island,https://mienviro.michigan.gov/ncore/downloadpdf/-3330543575497813549,N6034,MAJOR,EAST 10081 STATE HIGHWAY M-28 EAST,WETMORE,49894.0,ALGER,MARQUETTE,LUCEL1,,,"EAST 10081 STATE HIGHWAY M-28 EAST, WETMORE, MI 49894",-3.330543575497813e+18,Inspection Report,AQD - Air,Evaluation
2026-08-12,2026.0,MARATHON PETROLEUM COMPANY LP,SUBMISSI,Submission PDF,https://mienviro.michigan.gov/ncore/downloadpdf/78246316299779445,A9831,MEGASITE,1001 S Oakwood,DETROIT,48217.0,WAYNE,DETROIT,ACEVEDOJ1,,,"1001 S Oakwood, DETROIT, MI 48217",7.824631629977944e+16,Form Submission Attachments,AQD - Air,Application/Request
2026-08-12,2026.0,GREDE LLC - IRON MOUNTAIN,SCHEDULE,Schedule - Air Quality Test Report Submittal,https://mienviro.michigan.gov/ncore/downloadpdf/-8829896275757627769,B1577,MAJOR,801 S CARPENTER AVE,KINGSFORD,49802.0,DICKINSON,MARQUETTE,CONKLINM1,,,"801 S CARPENTER AVE, KINGSFORD, MI 49802",-8.829896275757627e+18,Misc. Submittal Docs,AQD - Air,Application/Request
2026-08-12,2026.0,SENSITILE SYSTEMS,ONSITEIN,On-Site Inspection (07/31/2026),https://mienviro.michigan.gov/ncore/downloadpdf/-8767624381890047060,N2824,MINOR,1735 Holmes Rd,YPSILANTI,48198.0,WASHTENAW,JACKSON,KOVALCHICKM,,,"1735 Holmes Rd, YPSILANTI, MI 48198",-8.767624381890046e+18,Air Evaluation Documents,AQD - Air,Evaluation
2026-08-12,2026.0,GREDE LLC - IRON MOUNTAIN,SCHEDULE,Schedule - Air Quality Test Report Submittal,https://mienviro.michigan.gov/ncore/downloadpdf/166885783347790655,B1577,MAJOR,801 S CARPENTER AVE,KINGSFORD,49802.0,DICKINSON,MARQUETTE,CONKLINM1,,,"801 S CARPENTER AVE, KINGSFORD, MI 49802",1.6688578334779066e+17,Misc. Submittal Docs,AQD - Air,Application/Request
2026-08-12,2026.0,DTE ELECTRIC COMPANY - MONROE POWER PLANT,NFORMDOC,nForm Document,https://mienviro.michigan.gov/ncore/downloadpdf/-5321877099778768994,B2816,MAJOR,3500 EAST FRONT STREET,MONROE,48161.0,MONROE,JACKSON,CARLEYB,,,"3500 EAST FRONT STREET, MONROE, MI 48161",-5.321877099778769e+18,Form Submission Attachments,AQD - Air,Application/Request
2026-08-12,2026.0,MPLX TERMINALS LLC - NILES TERMINAL,AIRPERMI,Air Permit to Install,https://mienviro.michigan.gov/ncore/downloadpdf/468290336906522027,B9073,MAJOR,2216 S. Third  St.,NILES,49120.0,BERRIEN,KALAMAZOO,DESKINSM,,,"2216 S. Third  St., NILES, MI 49120",4.68290336906522e+17,Air Permit to Install Documents,AQD - Air,Permit
2026-08-12,2026.0,STONECO-ZEEB RD,ONSITEIN,On-Site Inspection (07/31/2026),https://mienviro.michigan.gov/ncore/downloadpdf/-4606152465913720196,N5437,MINOR,2575 S. ZEEB RD,ANN ARBOR,48103.0,WASHTENAW,JACKSON,KOVALCHICKM,,,"2575 S. ZEEB RD, ANN ARBOR, MI 48103",-4.60615246591372e+18,Air Evaluation Documents,AQD - Air,Evaluation
2026-08-12,2026.0,DTE ELECTRIC COMPANY - MONROE POWER PLANT,SUBMISSI,Submission PDF,https://mienviro.michigan.gov/ncore/downloadpdf/2905266454739763886,B2816,MAJOR,3500 EAST FRONT STREET,MONROE,48161.0,MONROE,JACKSON,CARLEYB,,,"3500 EAST FRONT STREET, MONROE, MI 48161",2.905266454739764e+18,Form Submission Attachments,AQD - Air,Application/Request
2026-08-12,2026.0,THOMPSON RECYCLE CO,AIRPERMI,Air Permit to Install,https://mienviro.michigan.gov/ncore/downloadpdf/1818658157778863244,N5408,MINOR,7061 Dexter Ann Arbor Rd,DEXTER,48130.0,WASHTENAW,JACKSON,KOVALCHICKM,,,"7061 Dexter Ann Arbor Rd, DEXTER, MI 48130",1.818658157778863e+18,Air Permit to Install Documents,AQD - Air,Permit
2026-08-12,2026.0,THOMPSON RECYCLE CO,AIRPERMI,Air Permit to Install,https://mienviro.michigan.gov/ncore/downloadpdf/1754233106613359695,N5408,MINOR,7061 Dexter Ann Arbor Rd,DEXTER,48130.0,WASHTENAW,JACKSON,KOVALCHICKM,,,"7061 Dexter Ann Arbor Rd, DEXTER, MI 48130",1.7542331066133596e+18,Air Permit to Install Documents,AQD - Air,Permit
2026-08-12,2026.0,CONSUMERS ENERGY - FREEDOM COMPRESSOR STATION,SUBMISSI,Submission PDF,https://mienviro.michigan.gov/ncore/downloadpdf/-1737282705422872590,N3920,MAJOR,12201  PLEASANT LAKE RD,MANCHESTER,48158.0,WASHTENAW,JACKSON,KOVALCHICKM,,,"12201  PLEASANT LAKE RD, MANCHESTER, MI 48158",-1.7372827054228723e+18,Form Submission Attachments,AQD - Air,Application/Request
2026-08-12,2026.0,CORTEVA LLC,PERMITCH,Permit Change - Air Renewable Operating Permit (ROP) Submission Package - Renewal,https://mienviro.michigan.gov/ncore/downloadpdf/187982237647488377,B4942,MAJOR,305 N HURON AVE,HARBOR BEACH,48441.0,HURON,BAY CITY,SHAFFERA1,,,"305 N HURON AVE, HARBOR BEACH, MI 48441",1.879822376474884e+17,Air Application Documents,AQD - Air,Application/Request
2026-08-12,2026.0,MPLX TERMINALS LLC - NILES TERMINAL,AIRPERMI,Air Permit to Install,https://mienviro.michigan.gov/ncore/downloadpdf/3077542843689420765,B9073,MAJOR,2216 S. Third  St.,NILES,49120.0,BERRIEN,KALAMAZOO,DESKINSM,,,"2216 S. Third  St., NILES, MI 49120",3.077542843689421e+18,Air Permit to Install Documents,AQD - Air,Permit
2026-08-12,2026.0,FCA US LLC - JEFFERSON NORTH ASSEMBLY PLANT,NFORMDOC,nForm Document,https://mienviro.michigan.gov/ncore/downloadpdf/2304673515944604443,N2155,MAJOR,2101  CONNER AVE,DETROIT,48215.0,WAYNE,DETROIT,BYRNESR,,,"2101  CONNER AVE, DETROIT, MI 48215",2.3046735159446044e+18,Form Submission Attachments,AQD - Air,Application/Request
2026-08-12,2026.0,GREDE LLC - IRON MOUNTAIN,SCHEDULE,Schedule - Air Quality Test Report Submittal,https://mienviro.michigan.gov/ncore/downloadpdf/-7200039217740041767,B1577,MAJOR,801 S CARPENTER AVE,KINGSFORD,49802.0,DICKINSON,MARQUETTE,CONKLINM1,,,"801 S CARPENTER AVE, KINGSFORD, MI 49802",-7.200039217740041e+18,Misc. Submittal Docs,AQD - Air,Application/Request
2026-08-12,2026.0,GREDE LLC - IRON MOUNTAIN,SCHEDULE,Schedule - Air Quality Test Report Submittal,https://mienviro.michigan.gov/ncore/downloadpdf/537524547953323108,B1577,MAJOR,801 S CARPENTER AVE,KINGSFORD,49802.0,DICKINSON,MARQUETTE,CONKLINM1,,,"801 S CARPENTER AVE, KINGSFORD, MI 49802",5.375245479533232e+17,Misc. Submittal Docs,AQD - Air,Application/Request
2026-08-12,2026.0,GREDE LLC - IRON MOUNTAIN,SCHEDULE,Schedule - Air Quality Test Report Submittal,https://mienviro.michigan.gov/ncore/downloadpdf/-1611025507287900922,B1577,MAJOR,801 S CARPENTER AVE,KINGSFORD,49802.0,DICKINSON,MARQUETTE,CONKLINM1,,,"801 S CARPENTER AVE, KINGSFORD, MI 49802",-1.6110255072879007e+18,Misc. Submittal Docs,AQD - Air,Application/Request
2026-08-12,2026.0,GREDE LLC - IRON MOUNTAIN,SCHEDULE,Schedule - Air Quality Test Report Submittal,https://mienviro.michigan.gov/ncore/downloadpdf/5937413379503989679,B1577,MAJOR,801 S CARPENTER AVE,KINGSFORD,49802.0,DICKINSON,MARQUETTE,CONKLINM1,,,"801 S CARPENTER AVE, KINGSFORD, MI 49802",5.93741337950399e+18,Misc. Submittal Docs,AQD - Air,Application/Request
2026-08-12,2026.0,GREDE LLC - IRON MOUNTAIN,SCHEDULE,Schedule - Air Quality Test Report Submittal,https://mienviro.michigan.gov/ncore/downloadpdf/1469956575289733135,B1577,MAJOR,801 S CARPENTER AVE,KINGSFORD,49802.0,DICKINSON,MARQUETTE,CONKLINM1,,,"801 S CARPENTER AVE, KINGSFORD, MI 49802",1.469956575289733e+18,Misc. Submittal Docs,AQD - Air,Application/Request
2026-08-12,2026.0,"VERSO QUINNESEC, LLC",NFORMDOC,nForm Document,https://mienviro.michigan.gov/ncore/downloadpdf/440630933509099823,B7192,MAJOR,W-6791 US HIGHWAY 2,QUINNESEC,49876.0,DICKINSON,MARQUETTE,CONKLINM1,,,"W-6791 US HIGHWAY 2, QUINNESEC, MI 49876",4.4063093350909984e+17,Form Submission Attachments,AQD - Air,Application/Request
2026-08-12,2026.0,GREDE LLC - IRON MOUNTAIN,SCHEDULE,Schedule - Air Quality Test Report Submittal,https://mienviro.michigan.gov/ncore/downloadpdf/2334931464624030031,B1577,MAJOR,801 S CARPENTER AVE,KINGSFORD,49802.0,DICKINSON,MARQUETTE,CONKLINM1,,,"801 S CARPENTER AVE, KINGSFORD, MI 49802",2.33493146462403e+18,Misc. Submittal Docs,AQD - Air,Application/Request
2026-08-12,2026.0,DTE ELECTRIC COMPANY - MONROE POWER PLANT,SUBMISSI,Submission PDF,https://mienviro.michigan.gov/ncore/downloadpdf/-1246133586714321040,B2816,MAJOR,3500 EAST FRONT STREET,MONROE,48161.0,MONROE,JACKSON,CARLEYB,,,"3500 EAST FRONT STREET, MONROE, MI 48161",-1.246133586714321e+18,Form Submission Attachments,AQD - Air,Application/Request
2026-08-12,2026.0,MARATHON PETROLEUM COMPANY LP,NFORMDOC,nForm Document,https://mienviro.michigan.gov/ncore/downloadpdf/3158320223729180450,A9831,MEGASITE,1001 S Oakwood,DETROIT,48217.0,WAYNE,DETROIT,ACEVEDOJ1,,,"1001 S Oakwood, DETROIT, MI 48217",3.15832022372918e+18,Form Submission Attachments,AQD - Air,Application/Request
2026-08-12,2026.0,MOLD MASTERS LIMITED,VN,Response to Violation from Mold Masters.,https://mienviro.michigan.gov/ncore/downloadpdf/-1651010687106222909,P0609,MINOR,29111 Stephenson Highway,MADISON HTS,48071.0,OAKLAND,WARREN,KELLYK6,VN,Violation Notice,"29111 Stephenson Highway, MADISON HTS, MI 48071",-1.6510106871062228e+18,Air Enforcement Documents,AQD - Air,Compliance Action
2026-08-12,2026.0,DTE ELECTRIC COMPANY - MONROE POWER PLANT,NFORMDOC,nForm Document,https://mienviro.michigan.gov/ncore/downloadpdf/2093745236996042885,B2816,MAJOR,3500 EAST FRONT STREET,MONROE,48161.0,MONROE,JACKSON,CARLEYB,,,"3500 EAST FRONT STREET, MONROE, MI 48161",2.0937452369960428e+18,Form Submission Attachments,AQD - Air,Application/Request
2026-08-12,2026.0,GREDE LLC - IRON MOUNTAIN,SCHEDULE,Schedule - Air Quality Test Report Submittal,https://mienviro.michigan.gov/ncore/downloadpdf/6828022374355790339,B1577,MAJOR,801 S CARPENTER AVE,KINGSFORD,49802.0,DICKINSON,MARQUETTE,CONKLINM1,,,"801 S CARPENTER AVE, KINGSFORD, MI 49802",6.828022374355791e+18,Misc. Submittal Docs,AQD - Air,Application/Request
2026-08-12,2026.0,DTE ELECTRIC COMPANY - MONROE POWER PLANT,NFORMDOC,nForm Document,https://mienviro.michigan.gov/ncore/downloadpdf/-2141055658645210303,B2816,MAJOR,3500 EAST FRONT STREET,MONROE,48161.0,MONROE,JACKSON,CARLEYB,,,"3500 EAST FRONT STREET, MONROE, MI 48161",-2.1410556586452104e+18,Form Submission Attachments,AQD - Air,Application/Request
2026-08-12,2026.0,FCA US LLC - JEFFERSON NORTH ASSEMBLY PLANT,SUBMISSI,Submission PDF,https://mienviro.michigan.gov/ncore/downloadpdf/-478224026743174424,N2155,MAJOR,2101  CONNER AVE,DETROIT,48215.0,WAYNE,DETROIT,BYRNESR,,,"2101  CONNER AVE, DETROIT, MI 48215",-4.782240267431744e+17,Form Submission Attachments,AQD - Air,Application/Request
2026-08-12,2026.0,GREDE LLC - IRON MOUNTAIN,SCHEDULE,Schedule - Air Quality Test Report Submittal,https://mienviro.michigan.gov/ncore/downloadpdf/7093320717774073829,B1577,MAJOR,801 S CARPENTER AVE,KINGSFORD,49802.0,DICKINSON,MARQUETTE,CONKLINM1,,,"801 S CARPENTER AVE, KINGSFORD, MI 49802",7.093320717774074e+18,Misc. Submittal Docs,AQD - Air,Application/Request
2026-08-12,2026.0,"VERSO QUINNESEC, LLC",NFORMDOC,nForm Document,https://mienviro.michigan.gov/ncore/downloadpdf/5079523512648510096,B7192,MAJOR,W-6791 US HIGHWAY 2,QUINNESEC,49876.0,DICKINSON,MARQUETTE,CONKLINM1,,,"W-6791 US HIGHWAY 2, QUINNESEC, MI 49876",5.07952351264851e+18,Form Submission Attachments,AQD - Air,Application/Request
2026-08-12,2026.0,DTE ELECTRIC COMPANY - MONROE POWER PLANT,NFORMDOC,nForm Document,https://mienviro.michigan.gov/ncore/downloadpdf/-4496521367181790357,B2816,MAJOR,3500 EAST FRONT STREET,MONROE,48161.0,MONROE,JACKSON,CARLEYB,,,"3500 EAST FRONT STREET, MONROE, MI 48161",-4.49652136718179e+18,Form Submission Attachments,AQD - Air,Application/Request
2026-08-12,2026.0,"VERSO QUINNESEC, LLC",SUBMISSI,Submission PDF,https://mienviro.michigan.gov/ncore/downloadpdf/-6766691854380601172,B7192,MAJOR,W-6791 US HIGHWAY 2,QUINNESEC,49876.0,DICKINSON,MARQUETTE,CONKLINM1,,,"W-6791 US HIGHWAY 2, QUINNESEC, MI 49876",-6.7666918543806e+18,Form Submission Attachments,AQD - Air,Application/Request
2026-08-12,2026.0,MARATHON PETROLEUM COMPANY LP,SCHEDULE,Schedule - Air Quality Test Plan Submittal,https://mienviro.michigan.gov/ncore/downloadpdf/4027906427775540095,A9831,MEGASITE,1001 S Oakwood,DETROIT,48217.0,WAYNE,DETROIT,ACEVEDOJ1,,,"1001 S Oakwood, DETROIT, MI 48217",4.02790642777554e+18,Misc. Submittal Docs,AQD - Air,Application/Request
2026-08-12,2026.0,GREDE LLC - IRON MOUNTAIN,SCHEDULE,Schedule - Air Quality Test Report Submittal,https://mienviro.michigan.gov/ncore/downloadpdf/2802915785249788167,B1577,MAJOR,801 S CARPENTER AVE,KINGSFORD,49802.0,DICKINSON,MARQUETTE,CONKLINM1,,,"801 S CARPENTER AVE, KINGSFORD, MI 49802",2.802915785249788e+18,Misc. Submittal Docs,AQD - Air,Application/Request
2026-08-12,2026.0,"VERSO QUINNESEC, LLC",NFORMDOC,nForm Document,https://mienviro.michigan.gov/ncore/downloadpdf/-8874842210280431947,B7192,MAJOR,W-6791 US HIGHWAY 2,QUINNESEC,49876.0,DICKINSON,MARQUETTE,CONKLINM1,,,"W-6791 US HIGHWAY 2, QUINNESEC, MI 49876",-8.874842210280432e+18,Form Submission Attachments,AQD - Air,Application/Request
2026-08-12,2026.0,DTE ELECTRIC COMPANY - MONROE POWER PLANT,SUBMISSI,Submission PDF,https://mienviro.michigan.gov/ncore/downloadpdf/-1476559181791555366,B2816,MAJOR,3500 EAST FRONT STREET,MONROE,48161.0,MONROE,JACKSON,CARLEYB,,,"3500 EAST FRONT STREET, MONROE, MI 48161",-1.476559181791555e+18,Form Submission Attachments,AQD - Air,Application/Request
2026-08-12,2026.0,GREDE LLC - IRON MOUNTAIN,SCHEDULE,Schedule - Air Quality Test Report Submittal,https://mienviro.michigan.gov/ncore/downloadpdf/-4794158782161195833,B1577,MAJOR,801 S CARPENTER AVE,KINGSFORD,49802.0,DICKINSON,MARQUETTE,CONKLINM1,,,"801 S CARPENTER AVE, KINGSFORD, MI 49802",-4.794158782161196e+18,Misc. Submittal Docs,AQD - Air,Application/Request
2026-08-12,2026.0,"CADILLAC CASTING, INC",NFORMDOC,nForm Document,https://mienviro.michigan.gov/ncore/downloadpdf/1001630507963792150,B2178,MAJOR,1500  4th Ave.,CADILLAC,49601.0,WEXFORD,CADILLAC,CHILDSK,,,"1500  4th Ave., CADILLAC, MI 49601",1.001630507963792e+18,Form Submission Attachments,AQD - Air,Application/Request
2026-08-12,2026.0,GREDE LLC - IRON MOUNTAIN,SCHEDULE,Schedule - Air Quality Test Report Submittal,https://mienviro.michigan.gov/ncore/downloadpdf/7549959179930130542,B1577,MAJOR,801 S CARPENTER AVE,KINGSFORD,49802.0,DICKINSON,MARQUETTE,CONKLINM1,,,"801 S CARPENTER AVE, KINGSFORD, MI 49802",7.549959179930129e+18,Misc. Submittal Docs,AQD - Air,Application/Request
2026-08-12,2026.0,GREDE LLC - IRON MOUNTAIN,SCHEDULE,Schedule - Air Quality Test Report Submittal,https://mienviro.michigan.gov/ncore/downloadpdf/8631285331842464225,B1577,MAJOR,801 S CARPENTER AVE,KINGSFORD,49802.0,DICKINSON,MARQUETTE,CONKLINM1,,,"801 S CARPENTER AVE, KINGSFORD, MI 49802",8.631285331842464e+18,Misc. Submittal Docs,AQD - Air,Application/Request
2026-08-12,2026.0,GREDE LLC - IRON MOUNTAIN,SCHEDULE,Schedule - Air Quality Test Report Submittal,https://mienviro.michigan.gov/ncore/downloadpdf/8900241534437954950,B1577,MAJOR,801 S CARPENTER AVE,KINGSFORD,49802.0,DICKINSON,MARQUETTE,CONKLINM1,,,"801 S CARPENTER AVE, KINGSFORD, MI 49802",8.900241534437956e+18,Misc. Submittal Docs,AQD - Air,Application/Request
2026-08-11,2026.0,HOLCIM (US) INC. DBA LAFARGE ALPENA PLANT,NFORMDOC,nForm Document,https://mienviro.michigan.gov/ncore/downloadpdf/-4410076494573724583,B1477,MAJOR,1435  Ford Avenue,ALPENA,49707.0,ALPENA,CADILLAC,CHILDSK,,,"1435  Ford Avenue, ALPENA, MI 49707",-4.4100764945737247e+18,Form Submission Attachments,AQD - Air,Application/Request
2026-08-11,2026.0,U.S. OIL CHEBOYGAN RIVER TERMINAL,SUBMISSI,Submission PDF,https://mienviro.michigan.gov/ncore/downloadpdf/-8644389967590650065,B6828,SM OPT OUT,311 COAST GUARD DR,CHEBOYGAN,49721.0,CHEBOYGAN,GAYLORD,RADULSKIR,,,"311 COAST GUARD DR, CHEBOYGAN, MI 49721",-8.64438996759065e+18,Form Submission Attachments,AQD - Air,Application/Request
2026-08-11,2026.0,LOCKHART CHEMICAL COMPANY,AGENDAFO,Agenda for 8/12/2026 Weekly Update Meeting with EGLE and the company.,https://mienviro.michigan.gov/ncore/downloadpdf/1696386104898241136,B6179,SM OPT OUT,4302 JAMES P COLE BLVD,FLINT,48505.0,GENESEE,LANSING,MCGEEND,,,"4302 JAMES P COLE BLVD, FLINT, MI 48505",1.6963861048982413e+18,Air Site Documents,,Site
2026-08-11,2026.0,CONNOR AGA  SPORTS FLOORING LLC,PERMITCH,Permit Change - Air Permit to Install - Modification,https://mienviro.michigan.gov/ncore/downloadfile/-4991608348323037620,B7099,SM OPT OUT,251 INDUSTRIAL PARK RD,AMASA,49903.0,IRON,MARQUETTE,SCANLANJ,,,"251 INDUSTRIAL PARK RD, AMASA, MI 49903",-4.991608348323037e+18,Application Review Documents,AQD - Air,Application/Request
2026-08-11,2026.0,CONNOR AGA  SPORTS FLOORING LLC,AIRPERMI,Air Permit to Install,https://mienviro.michigan.gov/ncore/downloadpdf/3258295914184159352,B7099,SM OPT OUT,251 INDUSTRIAL PARK RD,AMASA,49903.0,IRON,MARQUETTE,SCANLANJ,,,"251 INDUSTRIAL PARK RD, AMASA, MI 49903",3.25829591418416e+18,Air Permit to Install Documents,AQD - Air,Permit
2026-08-11,2026.0,CMS GENERATION KALAMAZOO RIVER GENERATING STATION,NFORMDOC,nForm Document,https://mienviro.michigan.gov/ncore/downloadpdf/-6960655342380230773,N6731,MAJOR,6900 EAST MICHIGAN AVENUE,COMSTOCK TWP,49093.0,KALAMAZOO,KALAMAZOO,BROTHERSM,,,"6900 EAST MICHIGAN AVENUE, COMSTOCK TWP, MI 49093",-6.960655342380232e+18,Form Submission Attachments,AQD - Air,Application/Request
2026-08-11,2026.0,DTE ELECTRIC COMPANY - MONROE POWER PLANT,NFORMDOC,nForm Document,https://mienviro.michigan.gov/ncore/downloadpdf/5759532033318075253,B2816,MAJOR,3500 EAST FRONT STREET,MONROE,48161.0,MONROE,JACKSON,CARLEYB,,,"3500 EAST FRONT STREET, MONROE, MI 48161",5.759532033318075e+18,Form Submission Attachments,AQD - Air,Application/Request
2026-08-11,2026.0,CMS GENERATION KALAMAZOO RIVER GENERATING STATION,SUBMISSI,Submission PDF,https://mienviro.michigan.gov/ncore/downloadpdf/1463597951131361820,N6731,MAJOR,6900 EAST MICHIGAN AVENUE,COMSTOCK TWP,49093.0,KALAMAZOO,KALAMAZOO,BROTHERSM,,,"6900 EAST MICHIGAN AVENUE, COMSTOCK TWP, MI 49093",1.4635979511313618e+18,Form Submission Attachments,AQD - Air,Application/Request
2026-08-11,2026.0,ST. CLAIR / BELLE RIVER POWER PLANT,NFORMDOC,nForm Document,https://mienviro.michigan.gov/ncore/downloadpdf/-3179637811005027050,B2796,MAJOR,4505 King Road,CHINA TWP,48054.0,SAINT CLAIR,WARREN,DZIADOSZM,,,"4505 King Road, CHINA TWP, MI 48054",-3.179637811005028e+18,Form Submission Attachments,AQD - Air,Application/Request
2026-08-11,2026.0,HOLCIM (US) INC. DBA LAFARGE ALPENA PLANT,NFORMDOC,nForm Document,https://mienviro.michigan.gov/ncore/downloadpdf/790127966573676705,B1477,MAJOR,1435  Ford Avenue,ALPENA,49707.0,ALPENA,CADILLAC,CHILDSK,,,"1435  Ford Avenue, ALPENA, MI 49707",7.901279665736767e+17,Form Submission Attachments,AQD - Air,Application/Request
2026-08-11,2026.0,STATELINE CRUSHING,AIRPERMI,Air Permit to Install,https://mienviro.michigan.gov/ncore/downloadpdf/6435675727922682789,P0622,MINOR,7061 Dexter Ann Arbor Rd,DEXTER,48130.0,WASHTENAW,JACKSON,KOVALCHICKM,,,"7061 Dexter Ann Arbor Rd, DEXTER, MI 48130",6.435675727922683e+18,Air Permit to Install Documents,AQD - Air,Permit
2026-08-11,2026.0,DTE ELECTRIC COMPANY - MONROE POWER PLANT,SUBMISSI,Submission PDF,https://mienviro.michigan.gov/ncore/downloadpdf/6124279175770916664,B2816,MAJOR,3500 EAST FRONT STREET,MONROE,48161.0,MONROE,JACKSON,CARLEYB,,,"3500 EAST FRONT STREET, MONROE, MI 48161",6.124279175770917e+18,Form Submission Attachments,AQD - Air,Application/Request
2026-08-11,2026.0,DTE ELECTRIC COMPANY - MONROE POWER PLANT,NFORMDOC,nForm Document,https://mienviro.michigan.gov/ncore/downloadpdf/819026981116659478,B2816,MAJOR,3500 EAST FRONT STREET,MONROE,48161.0,MONROE,JACKSON,CARLEYB,,,"3500 EAST FRONT STREET, MONROE, MI 48161",8.190269811166593e+17,Form Submission Attachments,AQD - Air,Application/Request
2026-08-11,2026.0,HOLCIM (US) INC. DBA LAFARGE ALPENA PLANT,SUBMISSI,Submission PDF,https://mienviro.michigan.gov/ncore/downloadpdf/1831812864060308242,B1477,MAJOR,1435  Ford Avenue,ALPENA,49707.0,ALPENA,CADILLAC,CHILDSK,,,"1435  Ford Avenue, ALPENA, MI 49707",1.831812864060308e+18,Form Submission Attachments,AQD - Air,Application/Request
2026-08-11,2026.0,STATELINE CRUSHING,AIRPERMI,Air Permit to Install,https://mienviro.michigan.gov/ncore/downloadpdf/-2379877876996079728,P0622,MINOR,7061 Dexter Ann Arbor Rd,DEXTER,48130.0,WASHTENAW,JACKSON,KOVALCHICKM,,,"7061 Dexter Ann Arbor Rd, DEXTER, MI 48130",-2.37987787699608e+18,Air Permit to Install Documents,AQD - Air,Permit
2026-08-11,2026.0,GENERAL MOTORS LLC - MILFORD PROVING GROUND,SUBMISSI,Submission PDF,https://mienviro.michigan.gov/ncore/downloadpdf/4688658552725957380,A5262,MAJOR,3300 General Motors Rd.,MILFORD,48380.0,OAKLAND,WARREN,KELLYK6,,,"3300 General Motors Rd., MILFORD, MI 48380",4.688658552725957e+18,Form Submission Attachments,AQD - Air,Application/Request
2026-08-11,2026.0,CONNOR AGA  SPORTS FLOORING LLC,AIRPERMI,Air Permit to Install,https://mienviro.michigan.gov/ncore/downloadpdf/6315681953980418865,B7099,SM OPT OUT,251 INDUSTRIAL PARK RD,AMASA,49903.0,IRON,MARQUETTE,SCANLANJ,,,"251 INDUSTRIAL PARK RD, AMASA, MI 49903",6.315681953980418e+18,Air Permit to Install Documents,AQD - Air,Permit
2026-08-11,2026.0,ST. CLAIR / BELLE RIVER POWER PLANT,SUBMISSI,Submission PDF,https://mienviro.michigan.gov/ncore/downloadpdf/3603390367449332013,B2796,MAJOR,4505 King Road,CHINA TWP,48054.0,SAINT CLAIR,WARREN,DZIADOSZM,,,"4505 King Road, CHINA TWP, MI 48054",3.603390367449332e+18,Form Submission Attachments,AQD - Air,Application/Request
2026-08-11,2026.0,TUSCOLA ENERGY - RICHFIELD GAS PLANT,VN,Violation Notice,https://mienviro.michigan.gov/ncore/downloadpdf/-1209404578560691723,B5462,MAJOR,7770  McTaggart Rd,NORTH BRANCH,48461.0,LAPEER,LANSING,MCGEEND,VN,Violation Notice,"7770  McTaggart Rd, NORTH BRANCH, MI 48461",-1.2094045785606917e+18,Air Enforcement Documents,AQD - Air,Compliance Action
2026-08-10,2026.0,GENERAL MOTORS LLC  DETROIT-HAMTRAMCK ASSEMBLY,NFORMDOC,nForm Document,https://mienviro.michigan.gov/ncore/downloadpdf/-7595603318770580776,M4199,MAJOR,2500 E GENERAL MOTORS BLVD,DETROIT,48211.0,WAYNE,DETROIT,SANDOVALC,,,"2500 E GENERAL MOTORS BLVD, DETROIT, MI 48211",-7.595603318770579e+18,Form Submission Attachments,AQD - Air,Application/Request
2026-08-10,2026.0,MCGILL ROAD LANDFILL,SUBMISSI,Submission PDF,https://mienviro.michigan.gov/ncore/downloadpdf/2092198536973779486,N6032,MINOR,3895 MCGILL RD,JACKSON,49201.0,JACKSON,JACKSON,WEEMSS,,,"3895 MCGILL RD, JACKSON, MI 49201",2.09219853697378e+18,Form Submission Attachments,AQD - Air,Application/Request
2026-08-10,2026.0,BPV ENVIRONMENTAL LLC,NFORMDOC,nForm Document,https://mienviro.michigan.gov/ncore/downloadpdf/6548168433440341605,P1036,MINOR,511 76th Street SW,BYRON CENTER,49315.0,KENT,GRAND RAPIDS,LAZZAROA1,,,"511 76th Street SW, BYRON CENTER, MI 49315",6.548168433440342e+18,Form Submission Attachments,AQD - Air,Application/Request
2026-08-10,2026.0,GENERAL MOTORS LLC  DETROIT-HAMTRAMCK ASSEMBLY,NFORMDOC,nForm Document,https://mienviro.michigan.gov/ncore/downloadpdf/2531344116377677326,M4199,MAJOR,2500 E GENERAL MOTORS BLVD,DETROIT,48211.0,WAYNE,DETROIT,SANDOVALC,,,"2500 E GENERAL MOTORS BLVD, DETROIT, MI 48211",2.5313441163776773e+18,Form Submission Attachments,AQD - Air,Application/Request
2026-08-10,2026.0,BPV ENVIRONMENTAL LLC,SUBMISSI,Submission PDF,https://mienviro.michigan.gov/ncore/downloadpdf/-1948079739987122315,P1036,MINOR,511 76th Street SW,BYRON CENTER,49315.0,KENT,GRAND RAPIDS,LAZZAROA1,,,"511 76th Street SW, BYRON CENTER, MI 49315",-1.9480797399871224e+18,Form Submission Attachments,AQD - Air,Application/Request
2026-08-10,2026.0,"PINE TREE ACRES, INC.",NFORMDOC,nForm Document,https://mienviro.michigan.gov/ncore/downloadpdf/1924479204474809099,N5984,MAJOR,36600  29 MILE RD.,LENOX,48048.0,MACOMB,WARREN,JOSEPHR4,,,"36600  29 MILE RD., LENOX, MI 48048",1.9244792044748088e+18,Form Submission Attachments,AQD - Air,Application/Request
2026-08-10,2026.0,QUALA,SUBMISSI,Submission PDF,https://mienviro.michigan.gov/ncore/downloadpdf/-1619040283165112354,N7164,SM OPT OUT,50321 E Russell Schmidt,CHESTERFIELD,48051.0,MACOMB,WARREN,KELLYK6,,,"50321 E Russell Schmidt, CHESTERFIELD, MI 48051",-1.6190402831651123e+18,Form Submission Attachments,AQD - Air,Application/Request
2026-08-10,2026.0,QUALA,NFORMDOC,nForm Document,https://mienviro.michigan.gov/ncore/downloadpdf/-1957407963477151171,N7164,SM OPT OUT,50321 E Russell Schmidt,CHESTERFIELD,48051.0,MACOMB,WARREN,KELLYK6,,,"50321 E Russell Schmidt, CHESTERFIELD, MI 48051",-1.9574079634771512e+18,Form Submission Attachments,AQD - Air,Application/Request
2026-08-10,2026.0,CONSUMERS ENERGY - FREEDOM COMPRESSOR STATION,SUBMISSI,Submission PDF,https://mienviro.michigan.gov/ncore/downloadpdf/-8798122104784915912,N3920,MAJOR,12201  PLEASANT LAKE RD,MANCHESTER,48158.0,WASHTENAW,JACKSON,KOVALCHICKM,,,"12201  PLEASANT LAKE RD, MANCHESTER, MI 48158",-8.798122104784916e+18,Form Submission Attachments,AQD - Air,Application/Request
2026-08-10,2026.0,BRENT RUN LANDFILL,NFORMDOC,nForm Document,https://mienviro.michigan.gov/ncore/downloadpdf/-8033804075764755945,N5987,MAJOR,8335 W. Vienna Rd,MONTROSE,48457.0,GENESEE,LANSING,LUPLOWM1,,,"8335 W. Vienna Rd, MONTROSE, MI 48457",-8.033804075764756e+18,Form Submission Attachments,AQD - Air,Application/Request
2026-08-10,2026.0,BPV ENVIRONMENTAL LLC,SUBMISSI,Submission PDF,https://mienviro.michigan.gov/ncore/downloadpdf/-5957694043721508341,P1036,MINOR,511 76th Street SW,BYRON CENTER,49315.0,KENT,GRAND RAPIDS,LAZZAROA1,,,"511 76th Street SW, BYRON CENTER, MI 49315",-5.957694043721508e+18,Form Submission Attachments,AQD - Air,Application/Request
2026-08-10,2026.0,ST MARYS CEMENT CHARLEVOIX PLANT,SUBMISSI,Submission PDF,https://mienviro.michigan.gov/ncore/downloadpdf/-895010168409402267,B1559,MAJOR,16000  BELLS BAY RD,CHARLEVOIX,49720.0,CHARLEVOIX,CADILLAC,DICKMANR,,,"16000  BELLS BAY RD, CHARLEVOIX, MI 49720",-8.950101684094022e+17,Form Submission Attachments,AQD - Air,Application/Request
2026-08-10,2026.0,MARATHON PETROLEUM COMPANY LP,TESTOBSE,Test Observation (08/04/2026),https://mienviro.michigan.gov/ncore/downloadpdf/-8999360588528567682,A9831,MEGASITE,1001 S Oakwood,DETROIT,48217.0,WAYNE,DETROIT,ACEVEDOJ1,,,"1001 S Oakwood, DETROIT, MI 48217",-8.999360588528566e+18,Inspection Report,AQD - Air,Evaluation
2026-08-10,2026.0,BPV ENVIRONMENTAL LLC,NFORMDOC,nForm Document,https://mienviro.michigan.gov/ncore/downloadpdf/-464748682396568244,P1036,MINOR,511 76th Street SW,BYRON CENTER,49315.0,KENT,GRAND RAPIDS,LAZZAROA1,,,"511 76th Street SW, BYRON CENTER, MI 49315",-4.647486823965682e+17,Form Submission Attachments,AQD - Air,Application/Request
2026-08-10,2026.0,GENERAL MOTORS LLC  DETROIT-HAMTRAMCK ASSEMBLY,SUBMISSI,Submission PDF,https://mienviro.michigan.gov/ncore/downloadpdf/-8096075886644139263,M4199,MAJOR,2500 E GENERAL MOTORS BLVD,DETROIT,48211.0,WAYNE,DETROIT,SANDOVALC,,,"2500 E GENERAL MOTORS BLVD, DETROIT, MI 48211",-8.096075886644139e+18,Form Submission Attachments,AQD - Air,Application/Request
2026-08-10,2026.0,GENERAL MOTORS LLC  DETROIT-HAMTRAMCK ASSEMBLY,SUBMISSI,Submission PDF,https://mienviro.michigan.gov/ncore/downloadpdf/2912745288384889094,M4199,MAJOR,2500 E GENERAL MOTORS BLVD,DETROIT,48211.0,WAYNE,DETROIT,SANDOVALC,,,"2500 E GENERAL MOTORS BLVD, DETROIT, MI 48211",2.912745288384889e+18,Form Submission Attachments,AQD - Air,Application/Request
2026-08-10,2026.0,"PINE TREE ACRES, INC.",SUBMISSI,Submission PDF,https://mienviro.michigan.gov/ncore/downloadpdf/2710868427962091933,N5984,MAJOR,36600  29 MILE RD.,LENOX,48048.0,MACOMB,WARREN,JOSEPHR4,,,"36600  29 MILE RD., LENOX, MI 48048",2.710868427962092e+18,Form Submission Attachments,AQD - Air,Application/Request
2026-08-10,2026.0,"PINE TREE ACRES, INC.",SUBMISSI,Submission PDF,https://mienviro.michigan.gov/ncore/downloadpdf/-489820440108989027,N5984,MAJOR,36600  29 MILE RD.,LENOX,48048.0,MACOMB,WARREN,JOSEPHR4,,,"36600  29 MILE RD., LENOX, MI 48048",-4.898204401089889e+17,Form Submission Attachments,AQD - Air,Application/Request
2026-08-10,2026.0,MARATHON PETROLEUM COMPANY LP,TESTOBSE,Test Observation (08/03/2026),https://mienviro.michigan.gov/ncore/downloadpdf/-21901156950679499,A9831,MEGASITE,1001 S Oakwood,DETROIT,48217.0,WAYNE,DETROIT,ACEVEDOJ1,,,"1001 S Oakwood, DETROIT, MI 48217",-2.1901156950679496e+16,Inspection Report,AQD - Air,Evaluation
2026-08-10,2026.0,MCGILL ROAD LANDFILL,NFORMDOC,nForm Document,https://mienviro.michigan.gov/ncore/downloadpdf/-6492539170764584806,N6032,MINOR,3895 MCGILL RD,JACKSON,49201.0,JACKSON,JACKSON,WEEMSS,,,"3895 MCGILL RD, JACKSON, MI 49201",-6.492539170764585e+18,Form Submission Attachments,AQD - Air,Application/Request
2026-08-10,2026.0,CONSUMERS ENERGY - FREEDOM COMPRESSOR STATION,NFORMDOC,nForm Document,https://mienviro.michigan.gov/ncore/downloadpdf/-3422514444447423103,N3920,MAJOR,12201  PLEASANT LAKE RD,MANCHESTER,48158.0,WASHTENAW,JACKSON,KOVALCHICKM,,,"12201  PLEASANT LAKE RD, MANCHESTER, MI 48158",-3.422514444447423e+18,Form Submission Attachments,AQD - Air,Application/Request
2026-08-10,2026.0,MERIDIAN BRICK,RESPONSE,Response to AQD's request regarding issues found in original 2025 Q3 submittal.,https://mienviro.michigan.gov/ncore/downloadpdf/8242820338321224406,A6497,MAJOR,3820 E. Serr Rd.,CORUNNA,48817.0,SHIAWASSEE,LANSING,LUPLOWM1,,,"3820 E. Serr Rd., CORUNNA, MI 48817",8.242820338321224e+18,Air Schedule Documents,AQD - Air,Application/Request
2026-08-10,2026.0,BRENT RUN LANDFILL,SUBMISSI,Submission PDF,https://mienviro.michigan.gov/ncore/downloadpdf/-8053286471016279214,N5987,MAJOR,8335 W. Vienna Rd,MONTROSE,48457.0,GENESEE,LANSING,LUPLOWM1,,,"8335 W. Vienna Rd, MONTROSE, MI 48457",-8.053286471016278e+18,Form Submission Attachments,AQD - Air,Application/Request
2026-08-10,2026.0,CONSUMERS ENERGY - FREEDOM COMPRESSOR STATION,NFORMDOC,nForm Document,https://mienviro.michigan.gov/ncore/downloadpdf/-4701056809918502542,N3920,MAJOR,12201  PLEASANT LAKE RD,MANCHESTER,48158.0,WASHTENAW,JACKSON,KOVALCHICKM,,,"12201  PLEASANT LAKE RD, MANCHESTER, MI 48158",-4.701056809918503e+18,Form Submission Attachments,AQD - Air,Application/Request
2026-08-08,2026.0,UNIVERSITY OF MICHIGAN,NFORMDOC,nForm Document,https://mienviro.michigan.gov/ncore/downloadpdf/3807176377224768845,M0675,MAJOR,1239  KIPKE DR,ANN ARBOR,48109.0,WASHTENAW,JACKSON,KAVANAUGHD,,,"1239  KIPKE DR, ANN ARBOR, MI 48109",3.807176377224769e+18,Form Submission Attachments,AQD - Air,Application/Request
2026-08-08,2026.0,UNIVERSITY OF MICHIGAN,NFORMDOC,nForm Document,https://mienviro.michigan.gov/ncore/downloadpdf/3812027868959130022,M0675,MAJOR,1239  KIPKE DR,ANN ARBOR,48109.0,WASHTENAW,JACKSON,KAVANAUGHD,,,"1239  KIPKE DR, ANN ARBOR, MI 48109",3.8120278689591296e+18,Form Submission Attachments,AQD - Air,Application/Request
2026-08-08,2026.0,UNIVERSITY OF MICHIGAN,SUBMISSI,Submission PDF,https://mienviro.michigan.gov/ncore/downloadpdf/-2438363870259002949,M0675,MAJOR,1239  KIPKE DR,ANN ARBOR,48109.0,WASHTENAW,JACKSON,KAVANAUGHD,,,"1239  KIPKE DR, ANN ARBOR, MI 48109",-2.438363870259003e+18,Form Submission Attachments,AQD - Air,Application/Request
2026-08-07,2026.0,WEYERHAEUSER NR COMPANY,NFORMDOC,nForm Document,https://mienviro.michigan.gov/ncore/downloadpdf/7978171224244495488,B7302,MAJOR,4111 W FOUR MILE RD,GRAYLING,49738.0,CRAWFORD,GAYLORD,LEBLANCS,,,"4111 W FOUR MILE RD, GRAYLING, MI 49738",7.978171224244494e+18,Form Submission Attachments,AQD - Air,Application/Request
2026-08-07,2026.0,UP PAPER LLC.,NFORMDOC,nForm Document,https://mienviro.michigan.gov/ncore/downloadpdf/1062555847670217163,A6475,MAJOR,402 West Elk Street,MANISTIQUE,49854.0,SCHOOLCRAFT,MARQUETTE,LUCEL1,,,"402 West Elk Street, MANISTIQUE, MI 49854",1.0625558476702172e+18,Form Submission Attachments,AQD - Air,Application/Request
2026-08-07,2026.0,TIMBER PRODUCTS MICHIGAN,SCHEDULE,Schedule - Air Quality Test Plan Submittal,https://mienviro.michigan.gov/ncore/downloadpdf/-929232649961477763,B1471,SM OPT OUT,HIGHWAY M-28,MUNISING,49862.0,ALGER,MARQUETTE,SCANLANJ,,,"HIGHWAY M-28, MUNISING, MI 49862",-9.292326499614776e+17,Misc. Submittal Docs,AQD - Air,Application/Request
2026-08-07,2026.0,J. H. CAMPBELL PLANT,NFORMDOC,nForm Document,https://mienviro.michigan.gov/ncore/downloadpdf/2099973003332492077,B2835,MAJOR,17000  Croswell,WEST OLIVE,49460.0,OTTAWA,GRAND RAPIDS,DEVRIESK1,,,"17000  Croswell, WEST OLIVE, MI 49460",2.099973003332492e+18,Form Submission Attachments,AQD - Air,Application/Request
2026-08-07,2026.0,EES COKE BATTERY L.L.C.,SUBMISSI,Submission PDF,https://mienviro.michigan.gov/ncore/downloadpdf/2371394142731181452,P0408,MEGASITE,1400 Zug Island Road,RIVER ROUGE,48209.0,WAYNE,DETROIT,KOSTERK1,,,"1400 Zug Island Road, RIVER ROUGE, MI 48209",2.371394142731181e+18,Form Submission Attachments,AQD - Air,Application/Request
2026-08-07,2026.0,BELL SITE DEVELOPMENT,BELLSITE,Bell Site Bond / Special Approval from Planning Commission,https://mienviro.michigan.gov/ncore/downloadpdf/-7523325422335320597,P1360,,5100 HUDSON ROAD,WATERFORD,48329.0,OAKLAND,,,,,"5100 Hudson Road, Waterford, MI 48329",-7.52332542233532e+18,Misc Site Docs,,Site
2026-08-07,2026.0,"DDP SPECIALTY ELECTRONIC MATERIALS US, LLC",P1027APP,P1027 App Rcvd EPA Email,https://mienviro.michigan.gov/ncore/downloadpdf/3094216893987461490,P1027,MEGASITE,3400 S. Saginaw Rd  Unit 96,MIDLAND,48640.0,MIDLAND,BAY CITY,BREWERK,,,"3400 S. Saginaw Rd  Unit 96, MIDLAND, MI 48640",3.094216893987461e+18,Air Application Documents,AQD - Air,Application/Request
2026-08-07,2026.0,ULTIUM CELLS LLC,VN,Violation Notice,https://mienviro.michigan.gov/ncore/downloadpdf/1671273360474117683,P1269,,7111 DAVIS HWY,LANSING,48917.0,EATON,LANSING,,VN,Violation Notice,"7111 DAVIS HWY, LANSING, MI 48917",1.6712733604741176e+18,Air Enforcement Documents,AQD - Air,Compliance Action
2026-08-07,2026.0,WEYERHAEUSER NR COMPANY,NFORMDOC,nForm Document,https://mienviro.michigan.gov/ncore/downloadpdf/-3497712635116582564,B7302,MAJOR,4111 W FOUR MILE RD,GRAYLING,49738.0,CRAWFORD,GAYLORD,LEBLANCS,,,"4111 W FOUR MILE RD, GRAYLING, MI 49738",-3.4977126351165824e+18,Form Submission Attachments,AQD - Air,Application/Request
2026-08-07,2026.0,J. H. CAMPBELL PLANT,NFORMDOC,nForm Document,https://mienviro.michigan.gov/ncore/downloadpdf/-4180319514129522213,B2835,MAJOR,17000  Croswell,WEST OLIVE,49460.0,OTTAWA,GRAND RAPIDS,DEVRIESK1,,,"17000  Croswell, WEST OLIVE, MI 49460",-4.1803195141295217e+18,Form Submission Attachments,AQD - Air,Application/Request
2026-08-07,2026.0,J. H. CAMPBELL PLANT,SUBMISSI,Submission PDF,https://mienviro.michigan.gov/ncore/downloadpdf/4627232157927311448,B2835,MAJOR,17000  Croswell,WEST OLIVE,49460.0,OTTAWA,GRAND RAPIDS,DEVRIESK1,,,"17000  Croswell, WEST OLIVE, MI 49460",4.627232157927312e+18,Form Submission Attachments,AQD - Air,Application/Request
2026-08-07,2026.0,"DENSO MANUFACTURING MICHIGAN, INC.",SUBMISSI,Submission PDF,https://mienviro.michigan.gov/ncore/downloadpdf/-1021876921368717310,N1192,MAJOR,One Denso Road,BATTLE CREEK,49037.0,CALHOUN,KALAMAZOO,CHAPELA,,,"One Denso Road, BATTLE CREEK, MI 49037",-1.0218769213687172e+18,Form Submission Attachments,AQD - Air,Application/Request
2026-08-07,2026.0,BRENT RUN LANDFILL,SUBMISSI,Submission PDF,https://mienviro.michigan.gov/ncore/downloadpdf/-2507418500786660664,N5987,MAJOR,8335 W. Vienna Rd,MONTROSE,48457.0,GENESEE,LANSING,LUPLOWM1,,,"8335 W. Vienna Rd, MONTROSE, MI 48457",-2.507418500786661e+18,Form Submission Attachments,AQD - Air,Application/Request
2026-08-07,2026.0,FCA US LLC WARREN TRUCK ASSEMBLY PLANT,SUBMISSI,Submission PDF,https://mienviro.michigan.gov/ncore/downloadpdf/-2960864854658565561,B2767,MAJOR,21500  Mound Road,WARREN,48091.0,MACOMB,WARREN,KONANAHALLII,,,"21500  Mound Road, WARREN, MI 48091",-2.960864854658565e+18,Form Submission Attachments,AQD - Air,Application/Request
2026-08-07,2026.0,WEYERHAEUSER NR COMPANY,SUBMISSI,Submission PDF,https://mienviro.michigan.gov/ncore/downloadpdf/6437498166819336206,B7302,MAJOR,4111 W FOUR MILE RD,GRAYLING,49738.0,CRAWFORD,GAYLORD,LEBLANCS,,,"4111 W FOUR MILE RD, GRAYLING, MI 49738",6.437498166819336e+18,Form Submission Attachments,AQD - Air,Application/Request
2026-08-07,2026.0,TIMBER PRODUCTS MICHIGAN,NFORMDOC,nForm Document,https://mienviro.michigan.gov/ncore/downloadpdf/632653733346963740,B1471,SM OPT OUT,HIGHWAY M-28,MUNISING,49862.0,ALGER,MARQUETTE,SCANLANJ,,,"HIGHWAY M-28, MUNISING, MI 49862",6.326537333469637e+17,Form Submission Attachments,AQD - Air,Application/Request
2026-08-07,2026.0,WEYERHAEUSER NR COMPANY,SUBMISSI,Submission PDF,https://mienviro.michigan.gov/ncore/downloadpdf/1166163252362571514,B7302,MAJOR,4111 W FOUR MILE RD,GRAYLING,49738.0,CRAWFORD,GAYLORD,LEBLANCS,,,"4111 W FOUR MILE RD, GRAYLING, MI 49738",1.1661632523625715e+18,Form Submission Attachments,AQD - Air,Application/Request
2026-08-07,2026.0,WEYERHAEUSER NR COMPANY,NFORMDOC,nForm Document,https://mienviro.michigan.gov/ncore/downloadpdf/-6874339117584979441,B7302,MAJOR,4111 W FOUR MILE RD,GRAYLING,49738.0,CRAWFORD,GAYLORD,LEBLANCS,,,"4111 W FOUR MILE RD, GRAYLING, MI 49738",-6.874339117584979e+18,Form Submission Attachments,AQD - Air,Application/Request
2026-08-07,2026.0,WEYERHAEUSER NR COMPANY,NFORMDOC,nForm Document,https://mienviro.michigan.gov/ncore/downloadpdf/-1141236193396343409,B7302,MAJOR,4111 W FOUR MILE RD,GRAYLING,49738.0,CRAWFORD,GAYLORD,LEBLANCS,,,"4111 W FOUR MILE RD, GRAYLING, MI 49738",-1.1412361933963434e+18,Form Submission Attachments,AQD - Air,Application/Request
2026-08-07,2026.0,WEYERHAEUSER NR COMPANY,NFORMDOC,nForm Document,https://mienviro.michigan.gov/ncore/downloadpdf/3474987486569521133,B7302,MAJOR,4111 W FOUR MILE RD,GRAYLING,49738.0,CRAWFORD,GAYLORD,LEBLANCS,,,"4111 W FOUR MILE RD, GRAYLING, MI 49738",3.4749874865695206e+18,Form Submission Attachments,AQD - Air,Application/Request
2026-08-07,2026.0,BRENT RUN LANDFILL,NFORMDOC,nForm Document,https://mienviro.michigan.gov/ncore/downloadpdf/7735680065120930184,N5987,MAJOR,8335 W. Vienna Rd,MONTROSE,48457.0,GENESEE,LANSING,LUPLOWM1,,,"8335 W. Vienna Rd, MONTROSE, MI 48457",7.73568006512093e+18,Form Submission Attachments,AQD - Air,Application/Request
2026-08-07,2026.0,"PHARMACIA & UPJOHN CO LLC, A SUBSIDIARY OF PFIZER",SUBMISSI,Submission PDF,https://mienviro.michigan.gov/ncore/downloadpdf/7664960566878455601,B3610,MEGASITE,7000  Portage Road,KALAMAZOO,49001.0,KALAMAZOO,KALAMAZOO,BROTHERSM,,,"7000  Portage Road, KALAMAZOO, MI 49001",7.664960566878455e+18,Form Submission Attachments,AQD - Air,Application/Request
2026-08-07,2026.0,UP PAPER LLC.,SUBMISSI,Submission PDF,https://mienviro.michigan.gov/ncore/downloadpdf/2423796209436772327,A6475,MAJOR,402 West Elk Street,MANISTIQUE,49854.0,SCHOOLCRAFT,MARQUETTE,LUCEL1,,,"402 West Elk Street, MANISTIQUE, MI 49854",2.4237962094367724e+18,Form Submission Attachments,AQD - Air,Application/Request
2026-08-07,2026.0,TIMBER PRODUCTS MICHIGAN,SUBMISSI,Submission PDF,https://mienviro.michigan.gov/ncore/downloadpdf/1157818505858008178,B1471,SM OPT OUT,HIGHWAY M-28,MUNISING,49862.0,ALGER,MARQUETTE,SCANLANJ,,,"HIGHWAY M-28, MUNISING, MI 49862",1.157818505858008e+18,Form Submission Attachments,AQD - Air,Application/Request
2026-08-07,2026.0,QUALA,NFORMDOC,nForm Document,https://mienviro.michigan.gov/ncore/downloadpdf/2877198819083261522,N7164,SM OPT OUT,50321 E Russell Schmidt,CHESTERFIELD,48051.0,MACOMB,WARREN,KELLYK6,,,"50321 E Russell Schmidt, CHESTERFIELD, MI 48051",2.8771988190832614e+18,Form Submission Attachments,AQD - Air,Application/Request
2026-08-07,2026.0,EES COKE BATTERY L.L.C.,NFORMDOC,nForm Document,https://mienviro.michigan.gov/ncore/downloadpdf/826476044975134524,P0408,MEGASITE,1400 Zug Island Road,RIVER ROUGE,48209.0,WAYNE,DETROIT,KOSTERK1,,,"1400 Zug Island Road, RIVER ROUGE, MI 48209",8.264760449751346e+17,Form Submission Attachments,AQD - Air,Application/Request
2026-08-07,2026.0,DTE GAS COMPANY  - COLUMBUS COMPRESSOR STATION,NFORMDOC,nForm Document,https://mienviro.michigan.gov/ncore/downloadpdf/5837510563812131696,B6480,MAJOR,1647  CAUGHILL Road,COLUMBUS,48063.0,SAINT CLAIR,WARREN,AHAMMODS,,,"1647  CAUGHILL Road, COLUMBUS, MI 48063",5.837510563812132e+18,Form Submission Attachments,AQD - Air,Application/Request
2026-08-07,2026.0,ADVANCED ARCHITECTUAL PRODUCTS,NFORMDOC,nForm Document,https://mienviro.michigan.gov/ncore/downloadpdf/-845064953061680114,P0686,SM OPT OUT,3393 S M-40,HAMILTON,49419.0,ALLEGAN,KALAMAZOO,YAZZIEC,,,"3393 S M-40, HAMILTON, MI 49419",-8.450649530616801e+17,Form Submission Attachments,AQD - Air,Application/Request
2026-08-07,2026.0,J. H. CAMPBELL PLANT,SUBMISSI,Submission PDF,https://mienviro.michigan.gov/ncore/downloadpdf/6820748993388737531,B2835,MAJOR,17000  Croswell,WEST OLIVE,49460.0,OTTAWA,GRAND RAPIDS,DEVRIESK1,,,"17000  Croswell, WEST OLIVE, MI 49460",6.820748993388738e+18,Form Submission Attachments,AQD - Air,Application/Request
2026-08-07,2026.0,DTE GAS COMPANY  - COLUMBUS COMPRESSOR STATION,NFORMDOC,nForm Document,https://mienviro.michigan.gov/ncore/downloadpdf/-3472563140084396754,B6480,MAJOR,1647  CAUGHILL Road,COLUMBUS,48063.0,SAINT CLAIR,WARREN,AHAMMODS,,,"1647  CAUGHILL Road, COLUMBUS, MI 48063",-3.472563140084397e+18,Form Submission Attachments,AQD - Air,Application/Request
2026-08-07,2026.0,GENESEE POWER STATION LIMITED PARTNERSHIP,SCHEDULE,Schedule - Air Quality Test Plan Submittal,https://mienviro.michigan.gov/ncore/downloadpdf/-3069077515172667552,N3570,MAJOR,G 5310 NORTH DORT HIGHWAY,FLINT,48505.0,GENESEE,LANSING,BRUNNERJ1,,,"G 5310 NORTH DORT HIGHWAY, FLINT, MI 48505",-3.0690775151726674e+18,Misc. Submittal Docs,AQD - Air,Application/Request
2026-08-07,2026.0,ADVANCED ARCHITECTUAL PRODUCTS,SUBMISSI,Submission PDF,https://mienviro.michigan.gov/ncore/downloadpdf/-6967927319318560684,P0686,SM OPT OUT,3393 S M-40,HAMILTON,49419.0,ALLEGAN,KALAMAZOO,YAZZIEC,,,"3393 S M-40, HAMILTON, MI 49419",-6.967927319318561e+18,Form Submission Attachments,AQD - Air,Application/Request
2026-08-07,2026.0,TIMBER PRODUCTS MICHIGAN,NFORMDOC,nForm Document,https://mienviro.michigan.gov/ncore/downloadpdf/-5874717401554483745,B1471,SM OPT OUT,HIGHWAY M-28,MUNISING,49862.0,ALGER,MARQUETTE,SCANLANJ,,,"HIGHWAY M-28, MUNISING, MI 49862",-5.874717401554484e+18,Form Submission Attachments,AQD - Air,Application/Request
2026-08-07,2026.0,"PHARMACIA & UPJOHN CO LLC, A SUBSIDIARY OF PFIZER",NFORMDOC,nForm Document,https://mienviro.michigan.gov/ncore/downloadpdf/8851680902247510757,B3610,MEGASITE,7000  Portage Road,KALAMAZOO,49001.0,KALAMAZOO,KALAMAZOO,BROTHERSM,,,"7000  Portage Road, KALAMAZOO, MI 49001",8.85168090224751e+18,Form Submission Attachments,AQD - Air,Application/Request
2026-08-07,2026.0,ADVANCED ARCHITECTUAL PRODUCTS,SUBMISSI,Submission PDF,https://mienviro.michigan.gov/ncore/downloadpdf/-6743949232889841719,P0686,SM OPT OUT,3393 S M-40,HAMILTON,49419.0,ALLEGAN,KALAMAZOO,YAZZIEC,,,"3393 S M-40, HAMILTON, MI 49419",-6.743949232889842e+18,Form Submission Attachments,AQD - Air,Application/Request
2026-08-07,2026.0,J. H. CAMPBELL PLANT,SUBMISSI,Submission PDF,https://mienviro.michigan.gov/ncore/downloadpdf/8886983811619392879,B2835,MAJOR,17000  Croswell,WEST OLIVE,49460.0,OTTAWA,GRAND RAPIDS,DEVRIESK1,,,"17000  Croswell, WEST OLIVE, MI 49460",8.886983811619391e+18,Form Submission Attachments,AQD - Air,Application/Request
2026-08-07,2026.0,UP PAPER LLC.,NFORMDOC,nForm Document,https://mienviro.michigan.gov/ncore/downloadpdf/4064884387631389258,A6475,MAJOR,402 West Elk Street,MANISTIQUE,49854.0,SCHOOLCRAFT,MARQUETTE,LUCEL1,,,"402 West Elk Street, MANISTIQUE, MI 49854",4.0648843876313887e+18,Form Submission Attachments,AQD - Air,Application/Request
2026-08-07,2026.0,QUALA,SUBMISSI,Submission PDF,https://mienviro.michigan.gov/ncore/downloadpdf/-5599850306814506514,N7164,SM OPT OUT,50321 E Russell Schmidt,CHESTERFIELD,48051.0,MACOMB,WARREN,KELLYK6,,,"50321 E Russell Schmidt, CHESTERFIELD, MI 48051",-5.599850306814506e+18,Form Submission Attachments,AQD - Air,Application/Request
2026-08-07,2026.0,DTE GAS COMPANY  - COLUMBUS COMPRESSOR STATION,SUBMISSI,Submission PDF,https://mienviro.michigan.gov/ncore/downloadpdf/-2461576004194835606,B6480,MAJOR,1647  CAUGHILL Road,COLUMBUS,48063.0,SAINT CLAIR,WARREN,AHAMMODS,,,"1647  CAUGHILL Road, COLUMBUS, MI 48063",-2.461576004194836e+18,Form Submission Attachments,AQD - Air,Application/Request
2026-08-07,2026.0,J. H. CAMPBELL PLANT,SUBMISSI,Submission PDF,https://mienviro.michigan.gov/ncore/downloadpdf/6518764609108631701,B2835,MAJOR,17000  Croswell,WEST OLIVE,49460.0,OTTAWA,GRAND RAPIDS,DEVRIESK1,,,"17000  Croswell, WEST OLIVE, MI 49460",6.518764609108632e+18,Form Submission Attachments,AQD - Air,Application/Request
2026-08-06,2026.0,GREAT LAKES CASTINGS LLC,PROPOSED,Proposed Project Summary,https://mienviro.michigan.gov/ncore/downloadpdf/-9069898713503828711,A3934,MAJOR,800 N. Washington Ave.,LUDINGTON,49431.0,MASON,CADILLAC,OWENSC1,,,"800 N. Washington Ave., LUDINGTON, MI 49431",-9.069898713503828e+18,Air Application Documents,AQD - Air,Application/Request
2026-08-06,2026.0,UNIFIRST CORPORATION,EMISSION,Emission Calculations from Combustion,https://mienviro.michigan.gov/ncore/downloadpdf/2616821272531472332,P0758,SM OPT OUT,1300 AUBURN RD,PONTIAC,48342.0,OAKLAND,WARREN,KELLYK6,,,"1300 AUBURN RD, PONTIAC, MI 48342",2.6168212725314724e+18,Application Review Documents,AQD - Air,Application/Request
2026-08-06,2026.0,"HOLLAND BPW, 48TH STREET PEAKING STATION",NFORMDOC,nForm Document,https://mienviro.michigan.gov/ncore/downloadpdf/-3183534735135750614,N2586,MAJOR,491 E 48th St,HOLLAND,49423.0,ALLEGAN,KALAMAZOO,YAZZIEC,,,"491 E 48th St, HOLLAND, MI 49423",-3.18353473513575e+18,Form Submission Attachments,AQD - Air,Application/Request
2026-08-06,2026.0,UNITED STATES GYPSUM CO,SUBMISSI,Submission PDF,https://mienviro.michigan.gov/ncore/downloadpdf/-2874742061321808162,B3518,MAJOR,10090 W JEFFERSON AVE,RIVER ROUGE,48218.0,WAYNE,DETROIT,LAMBJ1,,,"10090 W JEFFERSON AVE, RIVER ROUGE, MI 48218",-2.874742061321808e+18,Form Submission Attachments,AQD - Air,Application/Request
2026-08-06,2026.0,"BREMBO NORTH AMERICA, INC.",SUBMISSI,Submission PDF,https://mienviro.michigan.gov/ncore/downloadpdf/8735556901739255262,N6226,MAJOR,29991 M 60 EAST,HOMER,49245.0,CALHOUN,KALAMAZOO,CHAPELA,,,"29991 M 60 EAST, HOMER, MI 49245",8.735556901739255e+18,Form Submission Attachments,AQD - Air,Application/Request
2026-08-06,2026.0,HOLLAND BOARD OF PUBLIC WORKS-HOLLAND ENERGY PARK,NFORMDOC,nForm Document,https://mienviro.michigan.gov/ncore/downloadpdf/2486231638630574817,P0465,MAJOR,1 Energy Park Way,HOLLAND,49423.0,OTTAWA,GRAND RAPIDS,DEVRIESK1,,,"1 Energy Park Way, HOLLAND, MI 49423",2.4862316386305746e+18,Form Submission Attachments,AQD - Air,Application/Request
2026-08-06,2026.0,GREAT LAKES CASTINGS LLC,PROPOSED,Proposed Permit Conditions,https://mienviro.michigan.gov/ncore/downloadpdf/-1043541453313779361,A3934,MAJOR,800 N. Washington Ave.,LUDINGTON,49431.0,MASON,CADILLAC,OWENSC1,,,"800 N. Washington Ave., LUDINGTON, MI 49431",-1.0435414533137792e+18,Air Application Documents,AQD - Air,Application/Request
2026-08-06,2026.0,UNITED STATES GYPSUM CO,SUBMISSI,Submission PDF,https://mienviro.michigan.gov/ncore/downloadpdf/5138677399944594355,B3518,MAJOR,10090 W JEFFERSON AVE,RIVER ROUGE,48218.0,WAYNE,DETROIT,LAMBJ1,,,"10090 W JEFFERSON AVE, RIVER ROUGE, MI 48218",5.138677399944593e+18,Form Submission Attachments,AQD - Air,Application/Request
2026-08-06,2026.0,DTE ELECTRIC COMPANY - WILMOT PEAKING FACILITY,SUBMISSI,Submission PDF,https://mienviro.michigan.gov/ncore/downloadpdf/-6362951150734232900,B2804,MAJOR,5977 EAST BEVENS ROAD,KINGSTON TWP,48741.0,TUSCOLA,BAY CITY,SHAFFERA1,,,"5977 EAST BEVENS ROAD, KINGSTON TWP, MI 48741",-6.362951150734233e+18,Form Submission Attachments,AQD - Air,Application/Request
2026-08-06,2026.0,"HOLLAND BPW, 48TH STREET PEAKING STATION",NFORMDOC,nForm Document,https://mienviro.michigan.gov/ncore/downloadpdf/8883717281462144227,N2586,MAJOR,491 E 48th St,HOLLAND,49423.0,ALLEGAN,KALAMAZOO,YAZZIEC,,,"491 E 48th St, HOLLAND, MI 49423",8.883717281462144e+18,Form Submission Attachments,AQD - Air,Application/Request
2026-08-06,2026.0,GREAT LAKES CASTINGS LLC,INTEREST,Interested Party Letter,https://mienviro.michigan.gov/ncore/downloadpdf/-3391837417833483273,A3934,MAJOR,800 N. Washington Ave.,LUDINGTON,49431.0,MASON,CADILLAC,OWENSC1,,,"800 N. Washington Ave., LUDINGTON, MI 49431",-3.391837417833484e+18,Air Application Documents,AQD - Air,Application/Request
2026-08-06,2026.0,J. H. CAMPBELL PLANT,SUBMISSI,Submission PDF,https://mienviro.michigan.gov/ncore/downloadpdf/7845754874266676526,B2835,MAJOR,17000  Croswell,WEST OLIVE,49460.0,OTTAWA,GRAND RAPIDS,DEVRIESK1,,,"17000  Croswell, WEST OLIVE, MI 49460",7.845754874266675e+18,Form Submission Attachments,AQD - Air,Application/Request
2026-08-06,2026.0,GREAT LAKES CASTINGS LLC,NOTICEOF,Notice of Air Permit Comment Period,https://mienviro.michigan.gov/ncore/downloadpdf/11033178646098619,A3934,MAJOR,800 N. Washington Ave.,LUDINGTON,49431.0,MASON,CADILLAC,OWENSC1,,,"800 N. Washington Ave., LUDINGTON, MI 49431",1.103317864609862e+16,Air Application Documents,AQD - Air,Application/Request
2026-08-06,2026.0,UNITED STATES GYPSUM CO,NFORMDOC,nForm Document,https://mienviro.michigan.gov/ncore/downloadpdf/-3244102193794805747,B3518,MAJOR,10090 W JEFFERSON AVE,RIVER ROUGE,48218.0,WAYNE,DETROIT,LAMBJ1,,,"10090 W JEFFERSON AVE, RIVER ROUGE, MI 48218",-3.244102193794806e+18,Form Submission Attachments,AQD - Air,Application/Request
2026-08-06,2026.0,"BREMBO NORTH AMERICA, INC.",NFORMDOC,nForm Document,https://mienviro.michigan.gov/ncore/downloadpdf/1237977650321941517,N6226,MAJOR,29991 M 60 EAST,HOMER,49245.0,CALHOUN,KALAMAZOO,CHAPELA,,,"29991 M 60 EAST, HOMER, MI 49245",1.2379776503219415e+18,Form Submission Attachments,AQD - Air,Application/Request
2026-08-06,2026.0,UNITED STATES GYPSUM CO,NFORMDOC,nForm Document,https://mienviro.michigan.gov/ncore/downloadpdf/2687526601846681911,B3518,MAJOR,10090 W JEFFERSON AVE,RIVER ROUGE,48218.0,WAYNE,DETROIT,LAMBJ1,,,"10090 W JEFFERSON AVE, RIVER ROUGE, MI 48218",2.6875266018466816e+18,Form Submission Attachments,AQD - Air,Application/Request
2026-08-06,2026.0,"HOLLAND BPW, GENERATING STATION & WWTP",NFORMDOC,nForm Document,https://mienviro.michigan.gov/ncore/downloadpdf/-3819322218630583055,B2357,MINOR,64  Pine Ave,HOLLAND,49423.0,OTTAWA,GRAND RAPIDS,DEVRIESK1,,,"64  Pine Ave, HOLLAND, MI 49423",-3.8193222186305833e+18,Form Submission Attachments,AQD - Air,Application/Request
2026-08-06,2026.0,"HOLLAND BPW, 48TH STREET PEAKING STATION",SUBMISSI,Submission PDF,https://mienviro.michigan.gov/ncore/downloadpdf/-5495286617254826144,N2586,MAJOR,491 E 48th St,HOLLAND,49423.0,ALLEGAN,KALAMAZOO,YAZZIEC,,,"491 E 48th St, HOLLAND, MI 49423",-5.495286617254826e+18,Form Submission Attachments,AQD - Air,Application/Request
2026-08-06,2026.0,GREAT LAKES CASTINGS LLC,COMPANYL,Company Letter,https://mienviro.michigan.gov/ncore/downloadpdf/-4049567831623885207,A3934,MAJOR,800 N. Washington Ave.,LUDINGTON,49431.0,MASON,CADILLAC,OWENSC1,,,"800 N. Washington Ave., LUDINGTON, MI 49431",-4.049567831623885e+18,Air Application Documents,AQD - Air,Application/Request
2026-08-06,2026.0,HOLLAND BOARD OF PUBLIC WORKS-HOLLAND ENERGY PARK,NFORMDOC,nForm Document,https://mienviro.michigan.gov/ncore/downloadpdf/7392795819049561151,P0465,MAJOR,1 Energy Park Way,HOLLAND,49423.0,OTTAWA,GRAND RAPIDS,DEVRIESK1,,,"1 Energy Park Way, HOLLAND, MI 49423",7.392795819049562e+18,Form Submission Attachments,AQD - Air,Application/Request
2026-08-06,2026.0,UNITED STATES GYPSUM CO,SUBMISSI,Submission PDF,https://mienviro.michigan.gov/ncore/downloadpdf/8506755632814580277,B3518,MAJOR,10090 W JEFFERSON AVE,RIVER ROUGE,48218.0,WAYNE,DETROIT,LAMBJ1,,,"10090 W JEFFERSON AVE, RIVER ROUGE, MI 48218",8.50675563281458e+18,Form Submission Attachments,AQD - Air,Application/Request
2026-08-06,2026.0,UNIFIRST CORPORATION,AIRPERMI,Air Permit to Install,https://mienviro.michigan.gov/ncore/downloadpdf/-692675965503776851,P0758,SM OPT OUT,1300 AUBURN RD,PONTIAC,48342.0,OAKLAND,WARREN,KELLYK6,,,"1300 AUBURN RD, PONTIAC, MI 48342",-6.926759655037769e+17,Air Permit to Install Documents,AQD - Air,Permit
2026-08-06,2026.0,"VERSO QUINNESEC, LLC",SUBMISSI,Submission PDF,https://mienviro.michigan.gov/ncore/downloadpdf/-2587832784889917329,B7192,MAJOR,W-6791 US HIGHWAY 2,QUINNESEC,49876.0,DICKINSON,MARQUETTE,CONKLINM1,,,"W-6791 US HIGHWAY 2, QUINNESEC, MI 49876",-2.5878327848899174e+18,Form Submission Attachments,AQD - Air,Application/Request
2026-08-06,2026.0,ST MARYS CEMENT CHARLEVOIX PLANT,SUBMISSI,Submission PDF,https://mienviro.michigan.gov/ncore/downloadpdf/2939756876491907722,B1559,MAJOR,16000  BELLS BAY RD,CHARLEVOIX,49720.0,CHARLEVOIX,CADILLAC,DICKMANR,,,"16000  BELLS BAY RD, CHARLEVOIX, MI 49720",2.939756876491908e+18,Form Submission Attachments,AQD - Air,Application/Request
2026-08-06,2026.0,HOLLAND BOARD OF PUBLIC WORKS-HOLLAND ENERGY PARK,NFORMDOC,nForm Document,https://mienviro.michigan.gov/ncore/downloadpdf/-8952625934459560726,P0465,MAJOR,1 Energy Park Way,HOLLAND,49423.0,OTTAWA,GRAND RAPIDS,DEVRIESK1,,,"1 Energy Park Way, HOLLAND, MI 49423",-8.95262593445956e+18,Form Submission Attachments,AQD - Air,Application/Request
2026-08-06,2026.0,UNIFIRST CORPORATION,RULE227T,Rule 227 Toxics Evaluation,https://mienviro.michigan.gov/ncore/downloadpdf/-1215608612632823749,P0758,SM OPT OUT,1300 AUBURN RD,PONTIAC,48342.0,OAKLAND,WARREN,KELLYK6,,,"1300 AUBURN RD, PONTIAC, MI 48342",-1.2156086126328236e+18,Application Review Documents,AQD - Air,Application/Request
2026-08-06,2026.0,J. H. CAMPBELL PLANT,SUBMISSI,Submission PDF,https://mienviro.michigan.gov/ncore/downloadpdf/185416036901719359,B2835,MAJOR,17000  Croswell,WEST OLIVE,49460.0,OTTAWA,GRAND RAPIDS,DEVRIESK1,,,"17000  Croswell, WEST OLIVE, MI 49460",1.8541603690171933e+17,Form Submission Attachments,AQD - Air,Application/Request
2026-08-06,2026.0,"HOLLAND BPW, 48TH STREET PEAKING STATION",NFORMDOC,nForm Document,https://mienviro.michigan.gov/ncore/downloadpdf/8615391968111390833,N2586,MAJOR,491 E 48th St,HOLLAND,49423.0,ALLEGAN,KALAMAZOO,YAZZIEC,,,"491 E 48th St, HOLLAND, MI 49423",8.615391968111392e+18,Form Submission Attachments,AQD - Air,Application/Request
2026-08-06,2026.0,UNIFIRST CORPORATION,AIRPERMI,Air Permit to Install,https://mienviro.michigan.gov/ncore/downloadpdf/-3564550980599114362,P0758,SM OPT OUT,1300 AUBURN RD,PONTIAC,48342.0,OAKLAND,WARREN,KELLYK6,,,"1300 AUBURN RD, PONTIAC, MI 48342",-3.564550980599114e+18,Air Permit to Install Documents,AQD - Air,Permit
2026-08-06,2026.0,UNIFIRST CORPORATION,EMISSION,Emission Calculations,https://mienviro.michigan.gov/ncore/downloadpdf/-2807060807305625415,P0758,SM OPT OUT,1300 AUBURN RD,PONTIAC,48342.0,OAKLAND,WARREN,KELLYK6,,,"1300 AUBURN RD, PONTIAC, MI 48342",-2.807060807305625e+18,Application Review Documents,AQD - Air,Application/Request
2026-08-06,2026.0,HOLLAND BOARD OF PUBLIC WORKS-HOLLAND ENERGY PARK,SUBMISSI,Submission PDF,https://mienviro.michigan.gov/ncore/downloadpdf/4820021091899742792,P0465,MAJOR,1 Energy Park Way,HOLLAND,49423.0,OTTAWA,GRAND RAPIDS,DEVRIESK1,,,"1 Energy Park Way, HOLLAND, MI 49423",4.820021091899743e+18,Form Submission Attachments,AQD - Air,Application/Request
2026-08-06,2026.0,DTE ELECTRIC COMPANY - WILMOT PEAKING FACILITY,NFORMDOC,nForm Document,https://mienviro.michigan.gov/ncore/downloadpdf/-2633471489485274884,B2804,MAJOR,5977 EAST BEVENS ROAD,KINGSTON TWP,48741.0,TUSCOLA,BAY CITY,SHAFFERA1,,,"5977 EAST BEVENS ROAD, KINGSTON TWP, MI 48741",-2.6334714894852746e+18,Form Submission Attachments,AQD - Air,Application/Request
2026-08-06,2026.0,"BUCKEYE TERMINALS, LLC-MARSHALL TERMINAL",AIRPERMI,Air Permit to Install,https://mienviro.michigan.gov/ncore/downloadpdf/-3411453566449433141,B9052,SM OPT OUT,12451 OLD US  27 S,MARSHALL,49068.0,CALHOUN,KALAMAZOO,CHAPELA,,,"12451 OLD US  27 S, MARSHALL, MI 49068",-3.4114535664494326e+18,Air Permit to Install Documents,AQD - Air,Permit
2026-08-06,2026.0,"HOLLAND BPW, GENERATING STATION & WWTP",SUBMISSI,Submission PDF,https://mienviro.michigan.gov/ncore/downloadpdf/-5855781852062151207,B2357,MINOR,64  Pine Ave,HOLLAND,49423.0,OTTAWA,GRAND RAPIDS,DEVRIESK1,,,"64  Pine Ave, HOLLAND, MI 49423",-5.855781852062152e+18,Form Submission Attachments,AQD - Air,Application/Request
2026-08-06,2026.0,"BUCKEYE TERMINALS, LLC-MARSHALL TERMINAL",AIRPERMI,Air Permit to Install,https://mienviro.michigan.gov/ncore/downloadpdf/3310843346427270725,B9052,SM OPT OUT,12451 OLD US  27 S,MARSHALL,49068.0,CALHOUN,KALAMAZOO,CHAPELA,,,"12451 OLD US  27 S, MARSHALL, MI 49068",3.3108433464272707e+18,Air Permit to Install Documents,AQD - Air,Permit
2026-08-06,2026.0,"HOLLAND BPW, GENERATING STATION & WWTP",NFORMDOC,nForm Document,https://mienviro.michigan.gov/ncore/downloadpdf/-6578104599213441175,B2357,MINOR,64  Pine Ave,HOLLAND,49423.0,OTTAWA,GRAND RAPIDS,DEVRIESK1,,,"64  Pine Ave, HOLLAND, MI 49423",-6.578104599213441e+18,Form Submission Attachments,AQD - Air,Application/Request
2026-08-06,2026.0,GREAT LAKES CASTINGS LLC,TECHNICA,Technical Fact Sheet,https://mienviro.michigan.gov/ncore/downloadpdf/1268806088073757285,A3934,MAJOR,800 N. Washington Ave.,LUDINGTON,49431.0,MASON,CADILLAC,OWENSC1,,,"800 N. Washington Ave., LUDINGTON, MI 49431",1.2688060880737572e+18,Air Application Documents,AQD - Air,Application/Request
2026-08-06,2026.0,"PHARMACIA & UPJOHN CO LLC, A SUBSIDIARY OF PFIZER",B3610APP,B3610 App Rvcd EPA Email,https://mienviro.michigan.gov/ncore/downloadpdf/6661978783977546436,B3610,MEGASITE,7000  Portage Road,KALAMAZOO,49001.0,KALAMAZOO,KALAMAZOO,BROTHERSM,,,"7000  Portage Road, KALAMAZOO, MI 49001",6.661978783977546e+18,Air Application Documents,AQD - Air,Application/Request
2026-08-06,2026.0,DTE ELECTRIC COMPANY - WILMOT PEAKING FACILITY,NFORMDOC,nForm Document,https://mienviro.michigan.gov/ncore/downloadpdf/1331504053347201685,B2804,MAJOR,5977 EAST BEVENS ROAD,KINGSTON TWP,48741.0,TUSCOLA,BAY CITY,SHAFFERA1,,,"5977 EAST BEVENS ROAD, KINGSTON TWP, MI 48741",1.3315040533472015e+18,Form Submission Attachments,AQD - Air,Application/Request
2026-08-06,2026.0,"VERSO QUINNESEC, LLC",SUBMISSI,Submission PDF,https://mienviro.michigan.gov/ncore/downloadpdf/728545152472539089,B7192,MAJOR,W-6791 US HIGHWAY 2,QUINNESEC,49876.0,DICKINSON,MARQUETTE,CONKLINM1,,,"W-6791 US HIGHWAY 2, QUINNESEC, MI 49876",7.285451524725391e+17,Form Submission Attachments,AQD - Air,Application/Request
2026-08-06,2026.0,"HOLLAND BPW, 48TH STREET PEAKING STATION",SUBMISSI,Submission PDF,https://mienviro.michigan.gov/ncore/downloadpdf/-2120994979271383217,N2586,MAJOR,491 E 48th St,HOLLAND,49423.0,ALLEGAN,KALAMAZOO,YAZZIEC,,,"491 E 48th St, HOLLAND, MI 49423",-2.120994979271384e+18,Form Submission Attachments,AQD - Air,Application/Request
2026-08-06,2026.0,"HOLLAND BPW, 48TH STREET PEAKING STATION",NFORMDOC,nForm Document,https://mienviro.michigan.gov/ncore/downloadpdf/-1481411798227971157,N2586,MAJOR,491 E 48th St,HOLLAND,49423.0,ALLEGAN,KALAMAZOO,YAZZIEC,,,"491 E 48th St, HOLLAND, MI 49423",-1.481411798227971e+18,Form Submission Attachments,AQD - Air,Application/Request
2026-08-06,2026.0,HOLLAND BOARD OF PUBLIC WORKS-HOLLAND ENERGY PARK,SUBMISSI,Submission PDF,https://mienviro.michigan.gov/ncore/downloadpdf/-5611861331749148134,P0465,MAJOR,1 Energy Park Way,HOLLAND,49423.0,OTTAWA,GRAND RAPIDS,DEVRIESK1,,,"1 Energy Park Way, HOLLAND, MI 49423",-5.611861331749148e+18,Form Submission Attachments,AQD - Air,Application/Request
2026-08-06,2026.0,HOLLAND BOARD OF PUBLIC WORKS-HOLLAND ENERGY PARK,NFORMDOC,nForm Document,https://mienviro.michigan.gov/ncore/downloadpdf/1115213787745113420,P0465,MAJOR,1 Energy Park Way,HOLLAND,49423.0,OTTAWA,GRAND RAPIDS,DEVRIESK1,,,"1 Energy Park Way, HOLLAND, MI 49423",1.1152137877451132e+18,Form Submission Attachments,AQD - Air,Application/Request
2026-08-05,2026.0,CONSUMERS ENERGY - ST. CLAIR COMPRESSOR STATION,RENEWABL,Renewable Operating Permit containing permit conditions for the facility.,https://mienviro.michigan.gov/ncore/downloadpdf/-8178134580020880194,B6637,MAJOR,10021  MARINE CITY HWY.,IRA TWP,48023.0,SAINT CLAIR,WARREN,ELMOUCHIR,,,"10021  MARINE CITY HWY., IRA TWP, MI 48023",-8.17813458002088e+18,ROP Documents,AQD - Air,Permit
2026-08-05,2026.0,THOMPSON RECYCLE CO,AIRPERMI,Air Permit to Install,https://mienviro.michigan.gov/ncore/downloadpdf/1542884114312705476,N5408,MINOR,7061 Dexter Ann Arbor Rd,DEXTER,48130.0,WASHTENAW,JACKSON,KOVALCHICKM,,,"7061 Dexter Ann Arbor Rd, DEXTER, MI 48130",1.5428841143127053e+18,Air Permit to Install Documents,AQD - Air,Permit
2026-08-05,2026.0,GRAND RAPIDS WASTEWATER TREATMENT PLANT,SUBMISSI,Submission PDF,https://mienviro.michigan.gov/ncore/downloadpdf/2295187221940742897,B1729,SM OPT OUT,1300 MARKET AVE SW,GRAND RAPIDS,49503.0,KENT,GRAND RAPIDS,DEVRIESK1,,,"1300 MARKET AVE SW, GRAND RAPIDS, MI 49503",2.295187221940743e+18,Form Submission Attachments,AQD - Air,Application/Request
2026-08-05,2026.0,CLEVELAND-CLIFFS STEEL CORPORATION DEARBORN WORKS,SUBMISSI,Submission PDF,https://mienviro.michigan.gov/ncore/downloadpdf/-2065173062831203695,A8640,MEGASITE,4001  MILLER ROAD,DEARBORN,48120.0,WAYNE,DETROIT,KOSTERK1,,,"4001  MILLER ROAD, DEARBORN, MI 48120",-2.065173062831204e+18,Form Submission Attachments,AQD - Air,Application/Request
2026-08-05,2026.0,FCA US LLC - JEFFERSON NORTH ASSEMBLY PLANT,NFORMDOC,nForm Document,https://mienviro.michigan.gov/ncore/downloadpdf/-1412513060747091772,N2155,MAJOR,2101  CONNER AVE,DETROIT,48215.0,WAYNE,DETROIT,BYRNESR,,,"2101  CONNER AVE, DETROIT, MI 48215",-1.4125130607470917e+18,Form Submission Attachments,AQD - Air,Application/Request
2026-08-05,2026.0,GRAND RAPIDS WASTEWATER TREATMENT PLANT,NFORMDOC,nForm Document,https://mienviro.michigan.gov/ncore/downloadpdf/7634557651153331844,B1729,SM OPT OUT,1300 MARKET AVE SW,GRAND RAPIDS,49503.0,KENT,GRAND RAPIDS,DEVRIESK1,,,"1300 MARKET AVE SW, GRAND RAPIDS, MI 49503",7.634557651153331e+18,Form Submission Attachments,AQD - Air,Application/Request
2026-08-05,2026.0,AEVITAS SPECIALTY SERVICES CORP,APPLICAT,Application - Air Permit to Install - New,https://mienviro.michigan.gov/ncore/downloadpdf/3313755012305273476,N7359,MINOR,663 LYCASTE,DETROIT,48214.0,WAYNE,DETROIT,WEISS,,,"663 LYCASTE, DETROIT, MI 48214",3.3137550123052733e+18,Air Application Documents,AQD - Air,Application/Request
2026-08-05,2026.0,GRAYLING GENERATING STATION LTD PTNR,SUBMISSI,Submission PDF,https://mienviro.michigan.gov/ncore/downloadpdf/5981414440448172275,N2388,MAJOR,4400 W FOUR MILE RD,GRAYLING,49738.0,CRAWFORD,GAYLORD,RADULSKIR,,,"4400 W FOUR MILE RD, GRAYLING, MI 49738",5.981414440448172e+18,Form Submission Attachments,AQD - Air,Application/Request
2026-08-05,2026.0,FCA US LLC - JEFFERSON NORTH ASSEMBLY PLANT,NFORMDOC,nForm Document,https://mienviro.michigan.gov/ncore/downloadpdf/-168312488317098715,N2155,MAJOR,2101  CONNER AVE,DETROIT,48215.0,WAYNE,DETROIT,BYRNESR,,,"2101  CONNER AVE, DETROIT, MI 48215",-1.6831248831709872e+17,Form Submission Attachments,AQD - Air,Application/Request
2026-08-05,2026.0,FISHER SAND AND GRAVEL CO,AIRPERMI,Air Permit to Install,https://mienviro.michigan.gov/ncore/downloadpdf/-215275131932243432,B2465,MINOR,921 JEFFERSON ST     PO BOX 1271,MIDLAND,48640.0,MIDLAND,BAY CITY,WITKOPPB,,,"921 JEFFERSON ST     PO BOX 1271, MIDLAND, MI 48640",-2.1527513193224346e+17,Air Permit to Install Documents,AQD - Air,Permit
2026-08-05,2026.0,MUELLER BRASS CO.,COMPANYS,Company's initial response to the 8/4/2026 visible emissions event observed by AQD,https://mienviro.michigan.gov/ncore/downloadpdf/-7075597272617419873,A6262,SM OPT OUT,2199 LAPEER AVE,PORT HURON,48060.0,SAINT CLAIR,WARREN,LEFFERTK,,,"2199 LAPEER AVE, PORT HURON, MI 48060",-7.07559727261742e+18,Air Site Documents,,Site
2026-08-05,2026.0,MICHIGAN POWER LIMITED PARTNERSHIP,N4975DIE,N4975 Diesel Fuel correspondence,https://mienviro.michigan.gov/ncore/downloadpdf/-5022023610975370899,N4975,MAJOR,5795 6th Street,LUDINGTON,49431.0,MASON,CADILLAC,OWENSC1,,,"5795 6th Street, LUDINGTON, MI 49431",-5.02202361097537e+18,Air Site Documents,,Site
2026-08-05,2026.0,"NORTHERN PRECISION PRODUCTS, INC.",AIRPERMI,Air Permit to Install,https://mienviro.michigan.gov/ncore/downloadpdf/72838421230293583,N5521,MINOR,4790 N MACKINAW TRL,LEROY,49655.0,OSCEOLA,CADILLAC,DICKMANR,,,"4790 N MACKINAW TRL, LEROY, MI 49655",7.283842123029358e+16,Air Permit to Install Documents,AQD - Air,Permit
2026-08-05,2026.0,DEWITTS' AUTO SERVICE,AIRGENER,Air General Permit to Install,https://mienviro.michigan.gov/ncore/downloadpdf/-3685249520552028924,N7277,,425 BALDWIN ST.,JENISON,49428.0,KENT,GRAND RAPIDS,,,,"425 BALDWIN ST., JENISON, MI 49428",-3.6852495205520287e+18,Air Permit to Install Documents,AQD - Air,Permit
2026-08-05,2026.0,THOMPSON RECYCLE CO,AIRPERMI,Air Permit to Install,https://mienviro.michigan.gov/ncore/downloadpdf/2133177813986409240,N5408,MINOR,7061 Dexter Ann Arbor Rd,DEXTER,48130.0,WASHTENAW,JACKSON,KOVALCHICKM,,,"7061 Dexter Ann Arbor Rd, DEXTER, MI 48130",2.1331778139864087e+18,Air Permit to Install Documents,AQD - Air,Permit
2026-08-05,2026.0,"NORTHERN PRECISION PRODUCTS, INC.",AIRPERMI,Air Permit to Install,https://mienviro.michigan.gov/ncore/downloadpdf/-5891848754722118915,N5521,MINOR,4790 N MACKINAW TRL,LEROY,49655.0,OSCEOLA,CADILLAC,DICKMANR,,,"4790 N MACKINAW TRL, LEROY, MI 49655",-5.89184875472212e+18,Air Permit to Install Documents,AQD - Air,Permit
2026-08-05,2026.0,C W MARSH CO,ONSITEIN,On-Site Inspection (06/09/2026),https://mienviro.michigan.gov/ncore/downloadpdf/7768884184495956641,N0654,MINOR,1385 HUDSON ST,MUSKEGON,49443.0,MUSKEGON,GRAND RAPIDS,EVANSS13,,,"1385 HUDSON ST, MUSKEGON, MI 49443",7.768884184495955e+18,Air Evaluation Documents,AQD - Air,Evaluation
2026-08-05,2026.0,SPECTRUM HEALTH - CONTINUING CARE FACILITY,AIRPERMI,Air Permit to Install,https://mienviro.michigan.gov/ncore/downloadpdf/862670916744278385,E6236,MINOR,650 Fuller Ave NE,GRAND RAPIDS,49503.0,KENT,GRAND RAPIDS,COXM9,,,"650 Fuller Ave NE, GRAND RAPIDS, MI 49503",8.626709167442784e+17,Air Permit to Install Documents,AQD - Air,Permit
2026-08-05,2026.0,FCA US LLC WARREN TRUCK ASSEMBLY PLANT,SUBMISSI,Submission PDF,https://mienviro.michigan.gov/ncore/downloadpdf/2754317478049580456,B2767,MAJOR,21500  Mound Road,WARREN,48091.0,MACOMB,WARREN,KONANAHALLII,,,"21500  Mound Road, WARREN, MI 48091",2.7543174780495805e+18,Form Submission Attachments,AQD - Air,Application/Request
2026-08-05,2026.0,FCA US LLC WARREN TRUCK ASSEMBLY PLANT,NFORMDOC,nForm Document,https://mienviro.michigan.gov/ncore/downloadpdf/-6515557648859100129,B2767,MAJOR,21500  Mound Road,WARREN,48091.0,MACOMB,WARREN,KONANAHALLII,,,"21500  Mound Road, WARREN, MI 48091",-6.5155576488591e+18,Form Submission Attachments,AQD - Air,Application/Request
2026-08-05,2026.0,CAPPON OIL CO,AIRGENER,Air General Permit to Install,https://mienviro.michigan.gov/ncore/downloadpdf/-2587761429595311367,B8069,,1601 S. BEDFORD RD.,HASTINGS,49058.0,BARRY,GRAND RAPIDS,GRINSTERNE,,,"1601 S. BEDFORD RD., HASTINGS, MI 49058",-2.587761429595312e+18,Air Permit to Install Documents,AQD - Air,Permit
2026-08-05,2026.0,GRAYLING GENERATING STATION LTD PTNR,NFORMDOC,nForm Document,https://mienviro.michigan.gov/ncore/downloadpdf/9173118849806105325,N2388,MAJOR,4400 W FOUR MILE RD,GRAYLING,49738.0,CRAWFORD,GAYLORD,RADULSKIR,,,"4400 W FOUR MILE RD, GRAYLING, MI 49738",9.173118849806104e+18,Form Submission Attachments,AQD - Air,Application/Request
2026-08-05,2026.0,DEWITTS' AUTO SERVICE,AIRGENER,Air General Permit to Install,https://mienviro.michigan.gov/ncore/downloadpdf/-8011237589734263519,N7277,,425 BALDWIN ST.,JENISON,49428.0,KENT,GRAND RAPIDS,,,,"425 BALDWIN ST., JENISON, MI 49428",-8.011237589734263e+18,Air Permit to Install Documents,AQD - Air,Permit
2026-08-05,2026.0,CONSUMERS ENERGY - ST. CLAIR COMPRESSOR STATION,STAFFREP,Staff Report – An explanation of the technical details and the rules and regulations that apply to the permit.,https://mienviro.michigan.gov/ncore/downloadpdf/-2519234516173119921,B6637,MAJOR,10021  MARINE CITY HWY.,IRA TWP,48023.0,SAINT CLAIR,WARREN,ELMOUCHIR,,,"10021  MARINE CITY HWY., IRA TWP, MI 48023",-2.51923451617312e+18,ROP Documents,AQD - Air,Permit
2026-08-05,2026.0,CAPPON OIL CO,AIRGENER,Air General Permit to Install,https://mienviro.michigan.gov/ncore/downloadpdf/1797834904953813550,B8069,,1601 S. BEDFORD RD.,HASTINGS,49058.0,BARRY,GRAND RAPIDS,GRINSTERNE,,,"1601 S. BEDFORD RD., HASTINGS, MI 49058",1.7978349049538135e+18,Air Permit to Install Documents,AQD - Air,Permit
2026-08-05,2026.0,SPECTRUM HEALTH - CONTINUING CARE FACILITY,AIRPERMI,Air Permit to Install,https://mienviro.michigan.gov/ncore/downloadpdf/-8710922034132915061,E6236,MINOR,650 Fuller Ave NE,GRAND RAPIDS,49503.0,KENT,GRAND RAPIDS,COXM9,,,"650 Fuller Ave NE, GRAND RAPIDS, MI 49503",-8.710922034132915e+18,Air Permit to Install Documents,AQD - Air,Permit
2026-08-05,2026.0,GRAND RAPIDS WASTEWATER TREATMENT PLANT,NFORMDOC,nForm Document,https://mienviro.michigan.gov/ncore/downloadpdf/6645717806476033617,B1729,SM OPT OUT,1300 MARKET AVE SW,GRAND RAPIDS,49503.0,KENT,GRAND RAPIDS,DEVRIESK1,,,"1300 MARKET AVE SW, GRAND RAPIDS, MI 49503",6.645717806476034e+18,Form Submission Attachments,AQD - Air,Application/Request
2026-08-05,2026.0,"SPRAYTEK, INC",AIRPERMI,Air Permit to Install,https://mienviro.michigan.gov/ncore/downloadpdf/-5037771895363312529,P0560,SM OPT OUT,32451 NORTH AVIS DRIVE,MADISON HTS,48071.0,OAKLAND,WARREN,ELMOUCHIR,,,"32451 NORTH AVIS DRIVE, MADISON HTS, MI 48071",-5.037771895363313e+18,Air Permit to Install Documents,AQD - Air,Permit
2026-08-05,2026.0,FCA US LLC - JEFFERSON NORTH ASSEMBLY PLANT,SUBMISSI,Submission PDF,https://mienviro.michigan.gov/ncore/downloadpdf/-6624116438749233940,N2155,MAJOR,2101  CONNER AVE,DETROIT,48215.0,WAYNE,DETROIT,BYRNESR,,,"2101  CONNER AVE, DETROIT, MI 48215",-6.624116438749233e+18,Form Submission Attachments,AQD - Air,Application/Request
2026-08-05,2026.0,CLEVELAND-CLIFFS STEEL CORPORATION DEARBORN WORKS,NFORMDOC,nForm Document,https://mienviro.michigan.gov/ncore/downloadpdf/7477919282061933558,A8640,MEGASITE,4001  MILLER ROAD,DEARBORN,48120.0,WAYNE,DETROIT,KOSTERK1,,,"4001  MILLER ROAD, DEARBORN, MI 48120",7.477919282061933e+18,Form Submission Attachments,AQD - Air,Application/Request
2026-08-05,2026.0,"MSM BLASTING AND PAINTING, LLC",AIRGENER,Air General Permit to Install,https://mienviro.michigan.gov/ncore/downloadpdf/-7234699144584669453,N6987,MINOR,2100 17 Mile Road,KENT CITY,49330.0,KENT,GRAND RAPIDS,COXM9,,,"2100 17 Mile Road, KENT CITY, MI 49330",-7.234699144584669e+18,Air Permit to Install Documents,AQD - Air,Permit
2026-08-04,2026.0,MARTINREA BISHOP CIRCLE,VN,Violation Notice,https://mienviro.michigan.gov/ncore/downloadpdf/-611851996238205166,B3658,SM OPT OUT,10501 M-52,MANCHESTER,48158.0,WASHTENAW,JACKSON,KOVALCHICKM,VN,Violation Notice,"10501 M-52, MANCHESTER, MI 48158",-6.118519962382052e+17,Air Enforcement Documents,AQD - Air,Compliance Action
2026-08-04,2026.0,MARATHON PETROLEUM COMPANY LP,SUBMISSI,Submission PDF,https://mienviro.michigan.gov/ncore/downloadpdf/3705949788174031256,A9831,MEGASITE,1001 S Oakwood,DETROIT,48217.0,WAYNE,DETROIT,ACEVEDOJ1,,,"1001 S Oakwood, DETROIT, MI 48217",3.705949788174032e+18,Form Submission Attachments,AQD - Air,Application/Request
2026-08-04,2026.0,LOCKHART CHEMICAL COMPANY,AGENDAFO,Agenda for 8/5/2026 Weekly Update Meeting with EGLE and company.,https://mienviro.michigan.gov/ncore/downloadpdf/-7957129588838745395,B6179,SM OPT OUT,4302 JAMES P COLE BLVD,FLINT,48505.0,GENESEE,LANSING,MCGEEND,,,"4302 JAMES P COLE BLVD, FLINT, MI 48505",-7.957129588838746e+18,Air Site Documents,,Site
2026-08-04,2026.0,GREDE LLC - IRON MOUNTAIN,NFORMDOC,nForm Document,https://mienviro.michigan.gov/ncore/downloadpdf/-4095493361581024117,B1577,MAJOR,801 S CARPENTER AVE,KINGSFORD,49802.0,DICKINSON,MARQUETTE,CONKLINM1,,,"801 S CARPENTER AVE, KINGSFORD, MI 49802",-4.095493361581024e+18,Form Submission Attachments,AQD - Air,Application/Request
2026-08-04,2026.0,"CMS GENERATION, LIVINGSTON GENERATING STATION",PROPOSED,Proposed Staff Report – An explanation of the technical details and the rules and regulations that apply to the permit.,https://mienviro.michigan.gov/ncore/downloadpdf/-1008134144486940625,N6526,MAJOR,155 N. Townline Road,GAYLORD,49735.0,OTSEGO,GAYLORD,RADULSKIR,,,"155 N. Townline Road, GAYLORD, MI 49735",-1.0081341444869404e+18,Air Application Documents,AQD - Air,Application/Request
2026-08-04,2026.0,ANR PIPELINE - REED CITY COMPRESSOR STATION,NFORMDOC,nForm Document,https://mienviro.michigan.gov/ncore/downloadpdf/-1342232335140654142,B3721,MAJOR,7677  230th Ave.,REED CITY,49677.0,OSCEOLA,CADILLAC,OWENSC1,,,"7677  230th Ave., REED CITY, MI 49677",-1.342232335140654e+18,Form Submission Attachments,AQD - Air,Application/Request
2026-08-04,2026.0,WESTERN MICHIGAN UNIVERSITY,RENEWABL,Renewable Operating Permit containing permit conditions for the facility.,https://mienviro.michigan.gov/ncore/downloadpdf/-6001194297825317031,K2131,MAJOR,1903 West Michigan Ave,KALAMAZOO,49008.0,KALAMAZOO,KALAMAZOO,BROTHERSM,,,"1903 West Michigan Ave, KALAMAZOO, MI 49008",-6.001194297825317e+18,Air Application Documents,AQD - Air,Application/Request
2026-08-04,2026.0,"ASAMA COLDWATER MANUFACTURING, INC.",NFORMDOC,nForm Document,https://mienviro.michigan.gov/ncore/downloadpdf/-7399553413005621999,N5814,MAJOR,180 ASAMA Parkway,COLDWATER,49036.0,BRANCH,KALAMAZOO,CHAPELA,,,"180 ASAMA Parkway, COLDWATER, MI 49036",-7.399553413005622e+18,Form Submission Attachments,AQD - Air,Application/Request
2026-08-04,2026.0,ANR PIPELINE - REED CITY COMPRESSOR STATION,SUBMISSI,Submission PDF,https://mienviro.michigan.gov/ncore/downloadpdf/-1491657866508421273,B3721,MAJOR,7677  230th Ave.,REED CITY,49677.0,OSCEOLA,CADILLAC,OWENSC1,,,"7677  230th Ave., REED CITY, MI 49677",-1.491657866508421e+18,Form Submission Attachments,AQD - Air,Application/Request
2026-08-04,2026.0,"ARBOR HILLS LANDFILL, INC.",SUBMISSI,Submission PDF,https://mienviro.michigan.gov/ncore/downloadpdf/4778025976224223878,N2688,MAJOR,10690 W. SIX MILE RD,NORTHVILLE,48168.0,WASHTENAW,JACKSON,KAVANAUGHD,,,"10690 W. SIX MILE RD, NORTHVILLE, MI 48168",4.778025976224224e+18,Form Submission Attachments,AQD - Air,Application/Request
2026-08-04,2026.0,"CMS GENERATION, LIVINGSTON GENERATING STATION",RENEWABL,Renewable Operating Permit containing permit conditions for the facility.,https://mienviro.michigan.gov/ncore/downloadpdf/-7078907088665238335,N6526,MAJOR,155 N. Townline Road,GAYLORD,49735.0,OTSEGO,GAYLORD,RADULSKIR,,,"155 N. Townline Road, GAYLORD, MI 49735",-7.078907088665239e+18,Air Application Documents,AQD - Air,Application/Request
2026-08-04,2026.0,"ARBOR HILLS LANDFILL, INC.",NFORMDOC,nForm Document,https://mienviro.michigan.gov/ncore/downloadpdf/1883082666287807738,N2688,MAJOR,10690 W. SIX MILE RD,NORTHVILLE,48168.0,WASHTENAW,JACKSON,KAVANAUGHD,,,"10690 W. SIX MILE RD, NORTHVILLE, MI 48168",1.883082666287808e+18,Form Submission Attachments,AQD - Air,Application/Request
2026-08-04,2026.0,GREDE LLC - IRON MOUNTAIN,NFORMDOC,nForm Document,https://mienviro.michigan.gov/ncore/downloadpdf/-9210459576131421360,B1577,MAJOR,801 S CARPENTER AVE,KINGSFORD,49802.0,DICKINSON,MARQUETTE,CONKLINM1,,,"801 S CARPENTER AVE, KINGSFORD, MI 49802",-9.21045957613142e+18,Form Submission Attachments,AQD - Air,Application/Request
2026-08-04,2026.0,GREDE LLC - IRON MOUNTAIN,SUBMISSI,Submission PDF,https://mienviro.michigan.gov/ncore/downloadpdf/7583103086689516932,B1577,MAJOR,801 S CARPENTER AVE,KINGSFORD,49802.0,DICKINSON,MARQUETTE,CONKLINM1,,,"801 S CARPENTER AVE, KINGSFORD, MI 49802",7.583103086689519e+18,Form Submission Attachments,AQD - Air,Application/Request
2026-08-04,2026.0,LOUISIANA-PACIFIC CORP SAGOLA PLANT,N1315APP,N1315 App Rcvd EPA Email,https://mienviro.michigan.gov/ncore/downloadpdf/8177185411398350672,N1315,MAJOR,N8504  HIGHWAY M-95,SAGOLA,49881.0,DICKINSON,MARQUETTE,CONKLINM1,,,"N8504  HIGHWAY M-95, SAGOLA, MI 49881",8.177185411398351e+18,Air Application Documents,AQD - Air,Application/Request
2026-08-04,2026.0,ANR PIPELINE - REED CITY COMPRESSOR STATION,PLANNEDV,Planned venting at ANR Reed City email correspondence,https://mienviro.michigan.gov/ncore/downloadpdf/3444940778516239515,B3721,MAJOR,7677  230th Ave.,REED CITY,49677.0,OSCEOLA,CADILLAC,OWENSC1,,,"7677  230th Ave., REED CITY, MI 49677",3.4449407785162394e+18,Air Site Documents,,Site
2026-08-04,2026.0,WESTERN MICHIGAN UNIVERSITY,PROPOSED,Proposed Staff Report – An explanation of the technical details and the rules and regulations that apply to the permit.,https://mienviro.michigan.gov/ncore/downloadpdf/1336364028865841998,K2131,MAJOR,1903 West Michigan Ave,KALAMAZOO,49008.0,KALAMAZOO,KALAMAZOO,BROTHERSM,,,"1903 West Michigan Ave, KALAMAZOO, MI 49008",1.336364028865842e+18,Air Application Documents,AQD - Air,Application/Request
2026-08-04,2026.0,"CMS GENERATION, LIVINGSTON GENERATING STATION",PERMITCH,Permit Change - Air Acid Rain Permit - Transition Application - Renewal ,https://mienviro.michigan.gov/ncore/downloadpdf/-3242113152719468624,N6526,MAJOR,155 N. Townline Road,GAYLORD,49735.0,OTSEGO,GAYLORD,RADULSKIR,,,"155 N. Townline Road, GAYLORD, MI 49735",-3.2421131527194685e+18,Air Application Documents,AQD - Air,Application/Request
2026-08-04,2026.0,"ASAMA COLDWATER MANUFACTURING, INC.",NFORMDOC,nForm Document,https://mienviro.michigan.gov/ncore/downloadpdf/-10025001873057135,N5814,MAJOR,180 ASAMA Parkway,COLDWATER,49036.0,BRANCH,KALAMAZOO,CHAPELA,,,"180 ASAMA Parkway, COLDWATER, MI 49036",-1.0025001873057136e+16,Form Submission Attachments,AQD - Air,Application/Request
2026-08-04,2026.0,GREDE LLC - IRON MOUNTAIN,NFORMDOC,nForm Document,https://mienviro.michigan.gov/ncore/downloadpdf/-3179621584956092396,B1577,MAJOR,801 S CARPENTER AVE,KINGSFORD,49802.0,DICKINSON,MARQUETTE,CONKLINM1,,,"801 S CARPENTER AVE, KINGSFORD, MI 49802",-3.1796215849560924e+18,Form Submission Attachments,AQD - Air,Application/Request
2026-08-04,2026.0,"ARBOR HILLS LANDFILL, INC.",SUBMISSI,Submission PDF,https://mienviro.michigan.gov/ncore/downloadpdf/326972623888842489,N2688,MAJOR,10690 W. SIX MILE RD,NORTHVILLE,48168.0,WASHTENAW,JACKSON,KAVANAUGHD,,,"10690 W. SIX MILE RD, NORTHVILLE, MI 48168",3.269726238888425e+17,Form Submission Attachments,AQD - Air,Application/Request
2026-08-04,2026.0,"ASAMA COLDWATER MANUFACTURING, INC.",SUBMISSI,Submission PDF,https://mienviro.michigan.gov/ncore/downloadpdf/-5189414110705026463,N5814,MAJOR,180 ASAMA Parkway,COLDWATER,49036.0,BRANCH,KALAMAZOO,CHAPELA,,,"180 ASAMA Parkway, COLDWATER, MI 49036",-5.189414110705026e+18,Form Submission Attachments,AQD - Air,Application/Request
2026-08-03,2026.0,DTE GAS CO. - BELLE RIVER MILLS COMPRESSOR STATION,NFORMDOC,nForm Document,https://mienviro.michigan.gov/ncore/downloadpdf/-2562219837757944762,B6478,MAJOR,5440  PUTTYGUT  RD.,CHINA,48054.0,SAINT CLAIR,WARREN,DZIADOSZM,,,"5440  PUTTYGUT  RD., CHINA, MI 48054",-2.562219837757945e+18,Form Submission Attachments,AQD - Air,Application/Request
2026-08-03,2026.0,GENERAL MOTORS LLC  DETROIT-HAMTRAMCK ASSEMBLY,SUBMISSI,Submission PDF,https://mienviro.michigan.gov/ncore/downloadpdf/-1680420884088850856,M4199,MAJOR,2500 E GENERAL MOTORS BLVD,DETROIT,48211.0,WAYNE,DETROIT,SANDOVALC,,,"2500 E GENERAL MOTORS BLVD, DETROIT, MI 48211",-1.6804208840888507e+18,Form Submission Attachments,AQD - Air,Application/Request
2026-08-03,2026.0,GENERAL MOTORS LLC  DETROIT-HAMTRAMCK ASSEMBLY,SUBMISSI,Submission PDF,https://mienviro.michigan.gov/ncore/downloadpdf/1748490075579791390,M4199,MAJOR,2500 E GENERAL MOTORS BLVD,DETROIT,48211.0,WAYNE,DETROIT,SANDOVALC,,,"2500 E GENERAL MOTORS BLVD, DETROIT, MI 48211",1.748490075579791e+18,Form Submission Attachments,AQD - Air,Application/Request
2026-08-03,2026.0,GERDAU MACSTEEL MONROE MILL,SCHEDULE,Schedule - Air Quality Test Report Submittal,https://mienviro.michigan.gov/ncore/downloadpdf/-7617758010410154059,B7061,MAJOR,3000 E FRONT STREET,MONROE,48161.0,MONROE,JACKSON,KOVALCHICKM,,,"3000 E FRONT STREET, MONROE, MI 48161",-7.617758010410154e+18,Misc. Submittal Docs,AQD - Air,Application/Request
2026-08-03,2026.0,KOPPERS PERFORMANCE CHEMICALS INC.,AIRPERMI,Air Permit to Install,https://mienviro.michigan.gov/ncore/downloadpdf/-1522028281754545737,B8596,MINOR,52430 DUNCAN AVE M-26,HUBBELL,49934.0,HOUGHTON,MARQUETTE,SCANLANJ,,,"52430 DUNCAN AVE M-26, HUBBELL, MI 49934",-1.5220282817545457e+18,Air Permit to Install Documents,AQD - Air,Permit
2026-08-03,2026.0,"LACKS INDUSTRIES, INC.",SCHEDULE,Schedule - Air Quality Test Report Submittal,https://mienviro.michigan.gov/ncore/downloadpdf/-6466223595655485415,N2079,MEGASITE,4375 52ND STREET SE,KENTWOOD,49512.0,KENT,GRAND RAPIDS,LAZZAROA1,,,"4375 52ND STREET SE, KENTWOOD, MI 49512",-6.466223595655484e+18,Misc. Submittal Docs,AQD - Air,Application/Request
2026-08-03,2026.0,DTE GAS CO. - BELLE RIVER MILLS COMPRESSOR STATION,NFORMDOC,nForm Document,https://mienviro.michigan.gov/ncore/downloadpdf/8095367348508108666,B6478,MAJOR,5440  PUTTYGUT  RD.,CHINA,48054.0,SAINT CLAIR,WARREN,DZIADOSZM,,,"5440  PUTTYGUT  RD., CHINA, MI 48054",8.095367348508109e+18,Form Submission Attachments,AQD - Air,Application/Request
2026-08-03,2026.0,J. H. CAMPBELL PLANT,NFORMDOC,nForm Document,https://mienviro.michigan.gov/ncore/downloadpdf/4376771686421102651,B2835,MAJOR,17000  Croswell,WEST OLIVE,49460.0,OTTAWA,GRAND RAPIDS,DEVRIESK1,,,"17000  Croswell, WEST OLIVE, MI 49460",4.376771686421103e+18,Form Submission Attachments,AQD - Air,Application/Request
2026-08-03,2026.0,J. H. CAMPBELL PLANT,SUBMISSI,Submission PDF,https://mienviro.michigan.gov/ncore/downloadpdf/-1517190827935313997,B2835,MAJOR,17000  Croswell,WEST OLIVE,49460.0,OTTAWA,GRAND RAPIDS,DEVRIESK1,,,"17000  Croswell, WEST OLIVE, MI 49460",-1.517190827935314e+18,Form Submission Attachments,AQD - Air,Application/Request
2026-08-03,2026.0,MAGNA MIRRORS NORTH AMERICA,COMMUNIC,Communication between EGLE and Magna Mirrors regarding Capture Efficiency.,https://mienviro.michigan.gov/ncore/downloadpdf/-2912035859698660041,N5056,MAJOR,700 South Industrial Drive,NEWAYGO,49337.0,NEWAYGO,GRAND RAPIDS,DEVRIESK1,,,"700 South Industrial Drive, NEWAYGO, MI 49337",-2.91203585969866e+18,Misc. Submittal Docs,AQD - Air,Application/Request
2026-08-03,2026.0,"LACKS INDUSTRIES, INC.",SCHEDULE,Schedule - Air Quality Test Report Submittal,https://mienviro.michigan.gov/ncore/downloadpdf/-6979366869605854071,N2079,MEGASITE,4375 52ND STREET SE,KENTWOOD,49512.0,KENT,GRAND RAPIDS,LAZZAROA1,,,"4375 52ND STREET SE, KENTWOOD, MI 49512",-6.979366869605854e+18,Misc. Submittal Docs,AQD - Air,Application/Request
2026-08-03,2026.0,DTE ELECTRIC COMPANY - MONROE POWER PLANT,NFORMDOC,nForm Document,https://mienviro.michigan.gov/ncore/downloadpdf/-353248568957875174,B2816,MAJOR,3500 EAST FRONT STREET,MONROE,48161.0,MONROE,JACKSON,CARLEYB,,,"3500 EAST FRONT STREET, MONROE, MI 48161",-3.532485689578752e+17,Form Submission Attachments,AQD - Air,Application/Request
2026-08-03,2026.0,WOLVERINE POWER SUPPLY CO-OP - ALPINE POWER PLANT,NFORMDOC,nForm Document,https://mienviro.michigan.gov/ncore/downloadpdf/1987087185943497248,P0582,MAJOR,7432 M-32 Highway,ELMIRA,49730.0,OTSEGO,GAYLORD,BOWMAND7,,,"7432 M-32 Highway, ELMIRA, MI 49730",1.9870871859434967e+18,Form Submission Attachments,AQD - Air,Application/Request
2026-08-03,2026.0,GERDAU MACSTEEL MONROE MILL,SCHEDULE,Schedule - Air Quality Test Report Submittal,https://mienviro.michigan.gov/ncore/downloadpdf/-1947538107856650248,B7061,MAJOR,3000 E FRONT STREET,MONROE,48161.0,MONROE,JACKSON,KOVALCHICKM,,,"3000 E FRONT STREET, MONROE, MI 48161",-1.9475381078566505e+18,Misc. Submittal Docs,AQD - Air,Application/Request
2026-08-03,2026.0,"PHARMACIA & UPJOHN CO LLC, A SUBSIDIARY OF PFIZER",SCHEDULE,Schedule - Air Quality Test Report Submittal,https://mienviro.michigan.gov/ncore/downloadpdf/9208584451798466543,B3610,MEGASITE,7000  Portage Road,KALAMAZOO,49001.0,KALAMAZOO,KALAMAZOO,BROTHERSM,,,"7000  Portage Road, KALAMAZOO, MI 49001",9.208584451798466e+18,Misc. Submittal Docs,AQD - Air,Application/Request
2026-08-03,2026.0,MAGNA MIRRORS NORTH AMERICA,SUBMISSI,Submission PDF,https://mienviro.michigan.gov/ncore/downloadpdf/3121451418588224999,N5056,MAJOR,700 South Industrial Drive,NEWAYGO,49337.0,NEWAYGO,GRAND RAPIDS,DEVRIESK1,,,"700 South Industrial Drive, NEWAYGO, MI 49337",3.121451418588225e+18,Form Submission Attachments,AQD - Air,Application/Request
2026-08-03,2026.0,OCCIDENTAL CHEMICAL CORPORATION,SCHEDULE,Schedule - Air Quality Test Report Submittal,https://mienviro.michigan.gov/ncore/downloadpdf/-3828216628756182739,B1846,MAJOR,1600 S. Madison St.,LUDINGTON,49431.0,MASON,CADILLAC,DICKMANR,,,"1600 S. Madison St., LUDINGTON, MI 49431",-3.828216628756183e+18,Misc. Submittal Docs,AQD - Air,Application/Request
2026-08-03,2026.0,BLARNEY CASTLE OIL COMPANY,AIRGENER,Air General Permit to Install,https://mienviro.michigan.gov/ncore/downloadpdf/-2564637367772031221,P0253,MINOR,1507 SOUTH LAKE MITCHELL STREET,CADILLAC,49601.0,WEXFORD,CADILLAC,CHILDSK,,,"1507 SOUTH LAKE MITCHELL STREET, CADILLAC, MI 49601",-2.564637367772031e+18,Air Permit to Install Documents,AQD - Air,Permit
2026-08-03,2026.0,MAGNA MIRRORS NORTH AMERICA,COMMUNIC,Communication between EGLE and Magna Mirrors regarding Capture Efficiency Testing.,https://mienviro.michigan.gov/ncore/downloadpdf/2089082649997934246,N5056,MAJOR,700 South Industrial Drive,NEWAYGO,49337.0,NEWAYGO,GRAND RAPIDS,DEVRIESK1,,,"700 South Industrial Drive, NEWAYGO, MI 49337",2.0890826499979343e+18,Misc. Submittal Docs,AQD - Air,Application/Request
2026-08-03,2026.0,BRANCH COUNTY ROAD COMMISSION,SUBMISSI,Submission PDF,https://mienviro.michigan.gov/ncore/downloadpdf/5171625626378179451,B5579,SM OPT OUT,380 Harold Sellers Dr.,COLDWATER,49036.0,BRANCH,KALAMAZOO,COLLINSC21,,,"380 Harold Sellers Dr., COLDWATER, MI 49036",5.17162562637818e+18,Form Submission Attachments,AQD - Air,Application/Request
2026-08-03,2026.0,FCA US LLC WARREN TRUCK ASSEMBLY PLANT,SUBMISSI,Submission PDF,https://mienviro.michigan.gov/ncore/downloadpdf/4467186409269563171,B2767,MAJOR,21500  Mound Road,WARREN,48091.0,MACOMB,WARREN,KONANAHALLII,,,"21500  Mound Road, WARREN, MI 48091",4.4671864092695634e+18,Form Submission Attachments,AQD - Air,Application/Request
2026-08-03,2026.0,BRANCH COUNTY ROAD COMMISSION,NFORMDOC,nForm Document,https://mienviro.michigan.gov/ncore/downloadpdf/-8572363862371875699,B5579,SM OPT OUT,380 Harold Sellers Dr.,COLDWATER,49036.0,BRANCH,KALAMAZOO,COLLINSC21,,,"380 Harold Sellers Dr., COLDWATER, MI 49036",-8.572363862371875e+18,Form Submission Attachments,AQD - Air,Application/Request
2026-08-03,2026.0,KOPPERS PERFORMANCE CHEMICALS INC.,AIRPERMI,Air Permit to Install,https://mienviro.michigan.gov/ncore/downloadpdf/3219824618439613793,B8596,MINOR,52430 DUNCAN AVE M-26,HUBBELL,49934.0,HOUGHTON,MARQUETTE,SCANLANJ,,,"52430 DUNCAN AVE M-26, HUBBELL, MI 49934",3.2198246184396134e+18,Air Permit to Install Documents,AQD - Air,Permit
2026-08-03,2026.0,MAGNA MIRRORS NORTH AMERICA,DISCUSSI,Discussion on Capture Efficiency.,https://mienviro.michigan.gov/ncore/downloadpdf/-6548623943451517772,N5056,MAJOR,700 South Industrial Drive,NEWAYGO,49337.0,NEWAYGO,GRAND RAPIDS,DEVRIESK1,,,"700 South Industrial Drive, NEWAYGO, MI 49337",-6.548623943451518e+18,Misc. Submittal Docs,AQD - Air,Application/Request
2026-08-03,2026.0,OCCIDENTAL CHEMICAL CORPORATION,SCHEDULE,Schedule - Air Quality Test Report Submittal,https://mienviro.michigan.gov/ncore/downloadpdf/5599283153084751489,B1846,MAJOR,1600 S. Madison St.,LUDINGTON,49431.0,MASON,CADILLAC,DICKMANR,,,"1600 S. Madison St., LUDINGTON, MI 49431",5.599283153084752e+18,Misc. Submittal Docs,AQD - Air,Application/Request
2026-08-03,2026.0,RACK PROCESSING MICHIGAN LCC,AIRPERMI,Air Permit to Install,https://mienviro.michigan.gov/ncore/downloadpdf/296454339242124755,N7679,MAJOR,3513 LOUSMA DR SE,WYOMING,49548.0,KENT,GRAND RAPIDS,LAZZAROA1,,,"3513 LOUSMA DR SE, WYOMING, MI 49548",2.9645433924212474e+17,Air Permit to Install Documents,AQD - Air,Permit
2026-08-03,2026.0,J. H. CAMPBELL PLANT,SUBMISSI,Submission PDF,https://mienviro.michigan.gov/ncore/downloadpdf/6688352751728267842,B2835,MAJOR,17000  Croswell,WEST OLIVE,49460.0,OTTAWA,GRAND RAPIDS,DEVRIESK1,,,"17000  Croswell, WEST OLIVE, MI 49460",6.688352751728268e+18,Form Submission Attachments,AQD - Air,Application/Request
2026-08-03,2026.0,MAGNA MIRRORS NORTH AMERICA,SUBMISSI,Submission PDF,https://mienviro.michigan.gov/ncore/downloadpdf/505791395089263046,N5056,MAJOR,700 South Industrial Drive,NEWAYGO,49337.0,NEWAYGO,GRAND RAPIDS,DEVRIESK1,,,"700 South Industrial Drive, NEWAYGO, MI 49337",5.0579139508926304e+17,Form Submission Attachments,AQD - Air,Application/Request
2026-08-03,2026.0,ST MARYS CEMENT CHARLEVOIX PLANT,SUBMISSI,Submission PDF,https://mienviro.michigan.gov/ncore/downloadpdf/-2144001835964972567,B1559,MAJOR,16000  BELLS BAY RD,CHARLEVOIX,49720.0,CHARLEVOIX,CADILLAC,DICKMANR,,,"16000  BELLS BAY RD, CHARLEVOIX, MI 49720",-2.1440018359649723e+18,Form Submission Attachments,AQD - Air,Application/Request
2026-08-03,2026.0,GM TECHNICAL CENTER,NFORMDOC,nForm Document,https://mienviro.michigan.gov/ncore/downloadpdf/9030385304577967684,B4049,MAJOR,31295 Charles Kettering Road,WARREN,48092.0,MACOMB,WARREN,DZIADOSZM,,,"31295 Charles Kettering Road, WARREN, MI 48092",9.030385304577968e+18,Form Submission Attachments,AQD - Air,Application/Request
2026-08-03,2026.0,"LACKS INDUSTRIES, INC.",SCHEDULE,Schedule - Air Quality Test Report Submittal,https://mienviro.michigan.gov/ncore/downloadpdf/173056193804937592,N2079,MEGASITE,4375 52ND STREET SE,KENTWOOD,49512.0,KENT,GRAND RAPIDS,LAZZAROA1,,,"4375 52ND STREET SE, KENTWOOD, MI 49512",1.730561938049376e+17,Misc. Submittal Docs,AQD - Air,Application/Request
2026-08-03,2026.0,J. H. CAMPBELL PLANT,NFORMDOC,nForm Document,https://mienviro.michigan.gov/ncore/downloadpdf/4294090699177516342,B2835,MAJOR,17000  Croswell,WEST OLIVE,49460.0,OTTAWA,GRAND RAPIDS,DEVRIESK1,,,"17000  Croswell, WEST OLIVE, MI 49460",4.294090699177516e+18,Form Submission Attachments,AQD - Air,Application/Request
2026-08-03,2026.0,J. H. CAMPBELL PLANT,NFORMDOC,nForm Document,https://mienviro.michigan.gov/ncore/downloadpdf/2973850025025932024,B2835,MAJOR,17000  Croswell,WEST OLIVE,49460.0,OTTAWA,GRAND RAPIDS,DEVRIESK1,,,"17000  Croswell, WEST OLIVE, MI 49460",2.973850025025932e+18,Form Submission Attachments,AQD - Air,Application/Request
2026-08-03,2026.0,DTE ELECTRIC COMPANY - MONROE POWER PLANT,SUBMISSI,Submission PDF,https://mienviro.michigan.gov/ncore/downloadpdf/9024532338396992470,B2816,MAJOR,3500 EAST FRONT STREET,MONROE,48161.0,MONROE,JACKSON,CARLEYB,,,"3500 EAST FRONT STREET, MONROE, MI 48161",9.024532338396991e+18,Form Submission Attachments,AQD - Air,Application/Request
2026-08-03,2026.0,WOLVERINE POWER SUPPLY CO-OP - ALPINE POWER PLANT,SUBMISSI,Submission PDF,https://mienviro.michigan.gov/ncore/downloadpdf/3360736884487994472,P0582,MAJOR,7432 M-32 Highway,ELMIRA,49730.0,OTSEGO,GAYLORD,BOWMAND7,,,"7432 M-32 Highway, ELMIRA, MI 49730",3.3607368844879944e+18,Form Submission Attachments,AQD - Air,Application/Request
2026-08-03,2026.0,MACKENZIE RECYCLING CORP,ONSITEIN,On-Site Inspection (05/11/2026),https://mienviro.michigan.gov/ncore/downloadpdf/-7982832767795097470,P0105,MINOR,2810 Chamberlain  Road,LANSING,48906.0,INGHAM,LANSING,LUPLOWM1,,,"2810 Chamberlain  Road, LANSING, MI 48906",-7.982832767795098e+18,Air Evaluation Documents,AQD - Air,Evaluation
2026-08-03,2026.0,GM TECHNICAL CENTER,SUBMISSI,Submission PDF,https://mienviro.michigan.gov/ncore/downloadpdf/2582104305519624704,B4049,MAJOR,31295 Charles Kettering Road,WARREN,48092.0,MACOMB,WARREN,DZIADOSZM,,,"31295 Charles Kettering Road, WARREN, MI 48092",2.5821043055196247e+18,Form Submission Attachments,AQD - Air,Application/Request
2026-08-03,2026.0,MAGNA MIRRORS NORTH AMERICA,DISCUSSI,Discussion on Capture Efficiency.,https://mienviro.michigan.gov/ncore/downloadpdf/5296064953615728025,N5056,MAJOR,700 South Industrial Drive,NEWAYGO,49337.0,NEWAYGO,GRAND RAPIDS,DEVRIESK1,,,"700 South Industrial Drive, NEWAYGO, MI 49337",5.296064953615728e+18,Misc. Submittal Docs,AQD - Air,Application/Request
2026-08-03,2026.0,WOLVERINE POWER SUPPLY CO-OP - ALPINE POWER PLANT,NFORMDOC,nForm Document,https://mienviro.michigan.gov/ncore/downloadpdf/-487402742897645806,P0582,MAJOR,7432 M-32 Highway,ELMIRA,49730.0,OTSEGO,GAYLORD,BOWMAND7,,,"7432 M-32 Highway, ELMIRA, MI 49730",-4.8740274289764576e+17,Form Submission Attachments,AQD - Air,Application/Request
2026-08-03,2026.0,"LACKS INDUSTRIES, INC.",SCHEDULE,Schedule - Air Quality Test Report Submittal,https://mienviro.michigan.gov/ncore/downloadpdf/1330075764967321879,N2079,MEGASITE,4375 52ND STREET SE,KENTWOOD,49512.0,KENT,GRAND RAPIDS,LAZZAROA1,,,"4375 52ND STREET SE, KENTWOOD, MI 49512",1.330075764967322e+18,Misc. Submittal Docs,AQD - Air,Application/Request
2026-08-03,2026.0,SPECTRUM HEALTH - CONTINUING CARE FACILITY,KENTCOUN,"Kent County webpage from August 3, 2026, detailing demolition plans for the facility.",https://mienviro.michigan.gov/ncore/downloadpdf/5315350438221578248,E6236,MINOR,650 Fuller Ave NE,GRAND RAPIDS,49503.0,KENT,GRAND RAPIDS,COXM9,,,"650 Fuller Ave NE, GRAND RAPIDS, MI 49503",5.315350438221577e+18,Air Site Documents,,Site
2026-08-03,2026.0,DTE GAS CO. - BELLE RIVER MILLS COMPRESSOR STATION,SUBMISSI,Submission PDF,https://mienviro.michigan.gov/ncore/downloadpdf/1326138659841976934,B6478,MAJOR,5440  PUTTYGUT  RD.,CHINA,48054.0,SAINT CLAIR,WARREN,DZIADOSZM,,,"5440  PUTTYGUT  RD., CHINA, MI 48054",1.3261386598419768e+18,Form Submission Attachments,AQD - Air,Application/Request
2026-08-03,2026.0,J. H. CAMPBELL PLANT,NFORMDOC,nForm Document,https://mienviro.michigan.gov/ncore/downloadpdf/-7074408598818366995,B2835,MAJOR,17000  Croswell,WEST OLIVE,49460.0,OTTAWA,GRAND RAPIDS,DEVRIESK1,,,"17000  Croswell, WEST OLIVE, MI 49460",-7.074408598818367e+18,Form Submission Attachments,AQD - Air,Application/Request
2026-08-03,2026.0,SPECTRUM HEALTH - CONTINUING CARE FACILITY,SITE,Site,https://mienviro.michigan.gov/ncore/downloadpdf/3113027052754774420,E6236,MINOR,650 Fuller Ave NE,GRAND RAPIDS,49503.0,KENT,GRAND RAPIDS,COXM9,,,"650 Fuller Ave NE, GRAND RAPIDS, MI 49503",3.1130270527547745e+18,Air Site Documents,,Site
2026-08-03,2026.0,GERDAU MACSTEEL MONROE MILL,SCHEDULE,Schedule - Air Quality Test Report Submittal,https://mienviro.michigan.gov/ncore/downloadpdf/3129591073370671849,B7061,MAJOR,3000 E FRONT STREET,MONROE,48161.0,MONROE,JACKSON,KOVALCHICKM,,,"3000 E FRONT STREET, MONROE, MI 48161",3.129591073370672e+18,Misc. Submittal Docs,AQD - Air,Application/Request
2026-08-03,2026.0,"LACKS INDUSTRIES, INC.",SCHEDULE,Schedule - Air Quality Test Report Submittal,https://mienviro.michigan.gov/ncore/downloadpdf/7662406393732889088,N2079,MEGASITE,4375 52ND STREET SE,KENTWOOD,49512.0,KENT,GRAND RAPIDS,LAZZAROA1,,,"4375 52ND STREET SE, KENTWOOD, MI 49512",7.66240639373289e+18,Misc. Submittal Docs,AQD - Air,Application/Request
2026-08-03,2026.0,MAGNA DEXSYS (DELTA EXTERIOR SYSTEMS),ONSITEIN,On-Site Inspection (04/17/2026),https://mienviro.michigan.gov/ncore/downloadpdf/-6811714211913271008,P0429,MAJOR,5589 W. MOUNT HOPE HIGHWAY,LANSING,48917.0,EATON,LANSING,DAVISS46,,,"5589 W. MOUNT HOPE HIGHWAY, LANSING, MI 48917",-6.811714211913271e+18,Air Evaluation Documents,AQD - Air,Evaluation
2026-08-03,2026.0,RACK PROCESSING MICHIGAN LCC,AIRPERMI,Air Permit to Install,https://mienviro.michigan.gov/ncore/downloadpdf/3872616452700023649,N7679,MAJOR,3513 LOUSMA DR SE,WYOMING,49548.0,KENT,GRAND RAPIDS,LAZZAROA1,,,"3513 LOUSMA DR SE, WYOMING, MI 49548",3.872616452700024e+18,Air Permit to Install Documents,AQD - Air,Permit
2026-08-03,2026.0,DTE ELECTRIC COMPANY - MONROE POWER PLANT,NFORMDOC,nForm Document,https://mienviro.michigan.gov/ncore/downloadpdf/1873026689186223040,B2816,MAJOR,3500 EAST FRONT STREET,MONROE,48161.0,MONROE,JACKSON,CARLEYB,,,"3500 EAST FRONT STREET, MONROE, MI 48161",1.873026689186223e+18,Form Submission Attachments,AQD - Air,Application/Request
2026-08-03,2026.0,BLARNEY CASTLE OIL COMPANY,AIRGENER,Air General Permit to Install,https://mienviro.michigan.gov/ncore/downloadpdf/5878059286844552052,P0253,MINOR,1507 SOUTH LAKE MITCHELL STREET,CADILLAC,49601.0,WEXFORD,CADILLAC,CHILDSK,,,"1507 SOUTH LAKE MITCHELL STREET, CADILLAC, MI 49601",5.878059286844552e+18,Air Permit to Install Documents,AQD - Air,Permit
2026-07-31,2026.0,UNITED STATES GYPSUM CO,SUBMISSI,Submission PDF,https://mienviro.michigan.gov/ncore/downloadpdf/2981840968883252010,B3518,MAJOR,10090 W JEFFERSON AVE,RIVER ROUGE,48218.0,WAYNE,DETROIT,LAMBJ1,,,"10090 W JEFFERSON AVE, RIVER ROUGE, MI 48218",2.981840968883252e+18,Form Submission Attachments,AQD - Air,Application/Request
2026-07-31,2026.0,ST MARYS CEMENT CHARLEVOIX PLANT,NFORMDOC,nForm Document,https://mienviro.michigan.gov/ncore/downloadpdf/-8149465136497382029,B1559,MAJOR,16000  BELLS BAY RD,CHARLEVOIX,49720.0,CHARLEVOIX,CADILLAC,DICKMANR,,,"16000  BELLS BAY RD, CHARLEVOIX, MI 49720",-8.149465136497382e+18,Form Submission Attachments,AQD - Air,Application/Request
2026-07-31,2026.0,ST MARYS CEMENT CHARLEVOIX PLANT,SUBMISSI,Submission PDF,https://mienviro.michigan.gov/ncore/downloadpdf/-7132841361693409613,B1559,MAJOR,16000  BELLS BAY RD,CHARLEVOIX,49720.0,CHARLEVOIX,CADILLAC,DICKMANR,,,"16000  BELLS BAY RD, CHARLEVOIX, MI 49720",-7.132841361693409e+18,Form Submission Attachments,AQD - Air,Application/Request
2026-07-31,2026.0,NYLOK LLC,NFORMDOC,nForm Document,https://mienviro.michigan.gov/ncore/downloadpdf/4864308463040341251,N5656,MAJOR,15260 HALLMARK Court,MACOMB,48042.0,MACOMB,WARREN,KELLYK6,,,"15260 HALLMARK Court, MACOMB, MI 48042",4.864308463040341e+18,Form Submission Attachments,AQD - Air,Application/Request
2026-07-31,2026.0,ST MARYS CEMENT CHARLEVOIX PLANT,NFORMDOC,nForm Document,https://mienviro.michigan.gov/ncore/downloadpdf/5939036071462951449,B1559,MAJOR,16000  BELLS BAY RD,CHARLEVOIX,49720.0,CHARLEVOIX,CADILLAC,DICKMANR,,,"16000  BELLS BAY RD, CHARLEVOIX, MI 49720",5.939036071462952e+18,Form Submission Attachments,AQD - Air,Application/Request
2026-07-31,2026.0,GRAYLING GENERATING STATION LTD PTNR,SUBMISSI,Submission PDF,https://mienviro.michigan.gov/ncore/downloadpdf/3479638793388478137,N2388,MAJOR,4400 W FOUR MILE RD,GRAYLING,49738.0,CRAWFORD,GAYLORD,RADULSKIR,,,"4400 W FOUR MILE RD, GRAYLING, MI 49738",3.479638793388478e+18,Form Submission Attachments,AQD - Air,Application/Request
2026-07-31,2026.0,ST. CLAIR / BELLE RIVER POWER PLANT,NFORMDOC,nForm Document,https://mienviro.michigan.gov/ncore/downloadpdf/-4434465239787840519,B2796,MAJOR,4505 King Road,CHINA TWP,48054.0,SAINT CLAIR,WARREN,DZIADOSZM,,,"4505 King Road, CHINA TWP, MI 48054",-4.434465239787841e+18,Form Submission Attachments,AQD - Air,Application/Request
2026-07-31,2026.0,RESOLUTE FOREST PRODUCTS - MENOMINEE,NFORMDOC,nForm Document,https://mienviro.michigan.gov/ncore/downloadpdf/-4538523832319277178,N3929,MINOR,701 FOURTH AVE,MENOMINEE,49858.0,MENOMINEE,MARQUETTE,LUCEL1,,,"701 FOURTH AVE, MENOMINEE, MI 49858",-4.538523832319277e+18,Form Submission Attachments,AQD - Air,Application/Request
2026-07-31,2026.0,ST MARYS CEMENT CHARLEVOIX PLANT,SUBMISSI,Submission PDF,https://mienviro.michigan.gov/ncore/downloadpdf/-5860591050900498441,B1559,MAJOR,16000  BELLS BAY RD,CHARLEVOIX,49720.0,CHARLEVOIX,CADILLAC,DICKMANR,,,"16000  BELLS BAY RD, CHARLEVOIX, MI 49720",-5.860591050900497e+18,Form Submission Attachments,AQD - Air,Application/Request
2026-07-31,2026.0,MAGNA MIRRORS NORTH AMERICA,NFORMDOC,nForm Document,https://mienviro.michigan.gov/ncore/downloadpdf/-1537673083321756382,N5056,MAJOR,700 South Industrial Drive,NEWAYGO,49337.0,NEWAYGO,GRAND RAPIDS,DEVRIESK1,,,"700 South Industrial Drive, NEWAYGO, MI 49337",-1.5376730833217564e+18,Form Submission Attachments,AQD - Air,Application/Request
2026-07-31,2026.0,ERVIN AMASTEEL DIVISION,AQDCOMME,AQD comments on facility drafts.,https://mienviro.michigan.gov/ncore/downloadpdf/1610937017971312781,B1754,MAJOR,915  TABOR ST.,ADRIAN,49221.0,LENAWEE,JACKSON,KOVALCHICKM,,,"915  TABOR ST., ADRIAN, MI 49221",1.610937017971313e+18,Air Schedule Documents,AQD - Air,Application/Request
2026-07-31,2026.0,RESOLUTE FOREST PRODUCTS - MENOMINEE,NFORMDOC,nForm Document,https://mienviro.michigan.gov/ncore/downloadpdf/-8552159031836771079,N3929,MINOR,701 FOURTH AVE,MENOMINEE,49858.0,MENOMINEE,MARQUETTE,LUCEL1,,,"701 FOURTH AVE, MENOMINEE, MI 49858",-8.552159031836771e+18,Form Submission Attachments,AQD - Air,Application/Request
2026-07-31,2026.0,NYLOK LLC,NFORMDOC,nForm Document,https://mienviro.michigan.gov/ncore/downloadpdf/2661600134793097750,N5656,MAJOR,15260 HALLMARK Court,MACOMB,48042.0,MACOMB,WARREN,KELLYK6,,,"15260 HALLMARK Court, MACOMB, MI 48042",2.6616001347930977e+18,Form Submission Attachments,AQD - Air,Application/Request
2026-07-31,2026.0,OTSEGO PAPER INC,NFORMDOC,nForm Document,https://mienviro.michigan.gov/ncore/downloadpdf/-2720023320547837289,A0023,MAJOR,320 N Farmer St.,OTSEGO,49078.0,ALLEGAN,KALAMAZOO,YAZZIEC,,,"320 N Farmer St., OTSEGO, MI 49078",-2.720023320547837e+18,Form Submission Attachments,AQD - Air,Application/Request
2026-07-31,2026.0,RESOLUTE FOREST PRODUCTS - MENOMINEE,NFORMDOC,nForm Document,https://mienviro.michigan.gov/ncore/downloadpdf/-2901711145550626646,N3929,MINOR,701 FOURTH AVE,MENOMINEE,49858.0,MENOMINEE,MARQUETTE,LUCEL1,,,"701 FOURTH AVE, MENOMINEE, MI 49858",-2.9017111455506263e+18,Form Submission Attachments,AQD - Air,Application/Request
2026-07-31,2026.0,ULTIUM CELLS LLC,SCHEDULE,Schedule - Air Quality Test Plan Submittal,https://mienviro.michigan.gov/ncore/downloadpdf/1767789153500540438,P1269,,7111 DAVIS HWY,LANSING,48917.0,EATON,LANSING,,,,"7111 DAVIS HWY, LANSING, MI 48917",1.7677891535005404e+18,Misc. Submittal Docs,AQD - Air,Application/Request
2026-07-31,2026.0,MAGNA MIRRORS NORTH AMERICA,SUBMISSI,Submission PDF,https://mienviro.michigan.gov/ncore/downloadpdf/-8022175417531539188,N5056,MAJOR,700 South Industrial Drive,NEWAYGO,49337.0,NEWAYGO,GRAND RAPIDS,DEVRIESK1,,,"700 South Industrial Drive, NEWAYGO, MI 49337",-8.022175417531539e+18,Form Submission Attachments,AQD - Air,Application/Request
2026-07-31,2026.0,OTSEGO PAPER INC,SUBMISSI,Submission PDF,https://mienviro.michigan.gov/ncore/downloadpdf/-3911934304437159976,A0023,MAJOR,320 N Farmer St.,OTSEGO,49078.0,ALLEGAN,KALAMAZOO,YAZZIEC,,,"320 N Farmer St., OTSEGO, MI 49078",-3.91193430443716e+18,Form Submission Attachments,AQD - Air,Application/Request
2026-07-31,2026.0,ST. CLAIR / BELLE RIVER POWER PLANT,SUBMISSI,Submission PDF,https://mienviro.michigan.gov/ncore/downloadpdf/7427114167355383893,B2796,MAJOR,4505 King Road,CHINA TWP,48054.0,SAINT CLAIR,WARREN,DZIADOSZM,,,"4505 King Road, CHINA TWP, MI 48054",7.427114167355383e+18,Form Submission Attachments,AQD - Air,Application/Request
2026-07-31,2026.0,RESOLUTE FOREST PRODUCTS - MENOMINEE,SUBMISSI,Submission PDF,https://mienviro.michigan.gov/ncore/downloadpdf/-9138065739186318798,N3929,MINOR,701 FOURTH AVE,MENOMINEE,49858.0,MENOMINEE,MARQUETTE,LUCEL1,,,"701 FOURTH AVE, MENOMINEE, MI 49858",-9.138065739186318e+18,Form Submission Attachments,AQD - Air,Application/Request
2026-07-31,2026.0,RESOLUTE FOREST PRODUCTS - MENOMINEE,NFORMDOC,nForm Document,https://mienviro.michigan.gov/ncore/downloadpdf/-8450989206465015040,N3929,MINOR,701 FOURTH AVE,MENOMINEE,49858.0,MENOMINEE,MARQUETTE,LUCEL1,,,"701 FOURTH AVE, MENOMINEE, MI 49858",-8.450989206465015e+18,Form Submission Attachments,AQD - Air,Application/Request
2026-07-31,2026.0,MAGNA MIRRORS NORTH AMERICA,SUBMISSI,Submission PDF,https://mienviro.michigan.gov/ncore/downloadpdf/2530729614352669291,N5056,MAJOR,700 South Industrial Drive,NEWAYGO,49337.0,NEWAYGO,GRAND RAPIDS,DEVRIESK1,,,"700 South Industrial Drive, NEWAYGO, MI 49337",2.5307296143526687e+18,Form Submission Attachments,AQD - Air,Application/Request
2026-07-31,2026.0,RESOLUTE FOREST PRODUCTS - MENOMINEE,NFORMDOC,nForm Document,https://mienviro.michigan.gov/ncore/downloadpdf/9180540365965791160,N3929,MINOR,701 FOURTH AVE,MENOMINEE,49858.0,MENOMINEE,MARQUETTE,LUCEL1,,,"701 FOURTH AVE, MENOMINEE, MI 49858",9.180540365965792e+18,Form Submission Attachments,AQD - Air,Application/Request
2026-07-31,2026.0,RESOLUTE FOREST PRODUCTS - MENOMINEE,NFORMDOC,nForm Document,https://mienviro.michigan.gov/ncore/downloadpdf/-5451953284949170941,N3929,MINOR,701 FOURTH AVE,MENOMINEE,49858.0,MENOMINEE,MARQUETTE,LUCEL1,,,"701 FOURTH AVE, MENOMINEE, MI 49858",-5.45195328494917e+18,Form Submission Attachments,AQD - Air,Application/Request
2026-07-31,2026.0,ST MARYS CEMENT CHARLEVOIX PLANT,NFORMDOC,nForm Document,https://mienviro.michigan.gov/ncore/downloadpdf/-9215569311947019157,B1559,MAJOR,16000  BELLS BAY RD,CHARLEVOIX,49720.0,CHARLEVOIX,CADILLAC,DICKMANR,,,"16000  BELLS BAY RD, CHARLEVOIX, MI 49720",-9.21556931194702e+18,Form Submission Attachments,AQD - Air,Application/Request
2026-07-31,2026.0,OTSEGO PAPER INC,NFORMDOC,nForm Document,https://mienviro.michigan.gov/ncore/downloadpdf/1941639749139814672,A0023,MAJOR,320 N Farmer St.,OTSEGO,49078.0,ALLEGAN,KALAMAZOO,YAZZIEC,,,"320 N Farmer St., OTSEGO, MI 49078",1.9416397491398144e+18,Form Submission Attachments,AQD - Air,Application/Request
2026-07-31,2026.0,RESOLUTE FOREST PRODUCTS - MENOMINEE,NFORMDOC,nForm Document,https://mienviro.michigan.gov/ncore/downloadpdf/3816693961844645557,N3929,MINOR,701 FOURTH AVE,MENOMINEE,49858.0,MENOMINEE,MARQUETTE,LUCEL1,,,"701 FOURTH AVE, MENOMINEE, MI 49858",3.816693961844645e+18,Form Submission Attachments,AQD - Air,Application/Request
2026-07-31,2026.0,RESOLUTE FOREST PRODUCTS - MENOMINEE,SUBMISSI,Submission PDF,https://mienviro.michigan.gov/ncore/downloadpdf/-4118577617533200142,N3929,MINOR,701 FOURTH AVE,MENOMINEE,49858.0,MENOMINEE,MARQUETTE,LUCEL1,,,"701 FOURTH AVE, MENOMINEE, MI 49858",-4.1185776175332e+18,Form Submission Attachments,AQD - Air,Application/Request
2026-07-31,2026.0,RESOLUTE FOREST PRODUCTS - MENOMINEE,NFORMDOC,nForm Document,https://mienviro.michigan.gov/ncore/downloadpdf/3862062761539799456,N3929,MINOR,701 FOURTH AVE,MENOMINEE,49858.0,MENOMINEE,MARQUETTE,LUCEL1,,,"701 FOURTH AVE, MENOMINEE, MI 49858",3.8620627615398e+18,Form Submission Attachments,AQD - Air,Application/Request
2026-07-31,2026.0,RESOLUTE FOREST PRODUCTS - MENOMINEE,NFORMDOC,nForm Document,https://mienviro.michigan.gov/ncore/downloadpdf/7255713025470261385,N3929,MINOR,701 FOURTH AVE,MENOMINEE,49858.0,MENOMINEE,MARQUETTE,LUCEL1,,,"701 FOURTH AVE, MENOMINEE, MI 49858",7.255713025470261e+18,Form Submission Attachments,AQD - Air,Application/Request
2026-07-31,2026.0,ST. CLAIR / BELLE RIVER POWER PLANT,NFORMDOC,nForm Document,https://mienviro.michigan.gov/ncore/downloadpdf/-792753058166390153,B2796,MAJOR,4505 King Road,CHINA TWP,48054.0,SAINT CLAIR,WARREN,DZIADOSZM,,,"4505 King Road, CHINA TWP, MI 48054",-7.9275305816639e+17,Form Submission Attachments,AQD - Air,Application/Request
2026-07-31,2026.0,OTSEGO PAPER INC,NFORMDOC,nForm Document,https://mienviro.michigan.gov/ncore/downloadpdf/3729651881975337375,A0023,MAJOR,320 N Farmer St.,OTSEGO,49078.0,ALLEGAN,KALAMAZOO,YAZZIEC,,,"320 N Farmer St., OTSEGO, MI 49078",3.729651881975337e+18,Form Submission Attachments,AQD - Air,Application/Request
2026-07-31,2026.0,NYLOK LLC,SUBMISSI,Submission PDF,https://mienviro.michigan.gov/ncore/downloadpdf/-2406352607851614309,N5656,MAJOR,15260 HALLMARK Court,MACOMB,48042.0,MACOMB,WARREN,KELLYK6,,,"15260 HALLMARK Court, MACOMB, MI 48042",-2.406352607851614e+18,Form Submission Attachments,AQD - Air,Application/Request
2026-07-31,2026.0,RESOLUTE FOREST PRODUCTS - MENOMINEE,NFORMDOC,nForm Document,https://mienviro.michigan.gov/ncore/downloadpdf/5524261871585906219,N3929,MINOR,701 FOURTH AVE,MENOMINEE,49858.0,MENOMINEE,MARQUETTE,LUCEL1,,,"701 FOURTH AVE, MENOMINEE, MI 49858",5.524261871585906e+18,Form Submission Attachments,AQD - Air,Application/Request
2026-07-31,2026.0,OTSEGO PAPER INC,NFORMDOC,nForm Document,https://mienviro.michigan.gov/ncore/downloadpdf/-7907597765840292114,A0023,MAJOR,320 N Farmer St.,OTSEGO,49078.0,ALLEGAN,KALAMAZOO,YAZZIEC,,,"320 N Farmer St., OTSEGO, MI 49078",-7.907597765840291e+18,Form Submission Attachments,AQD - Air,Application/Request
2026-07-31,2026.0,OTSEGO PAPER INC,NFORMDOC,nForm Document,https://mienviro.michigan.gov/ncore/downloadpdf/-8258033591785226817,A0023,MAJOR,320 N Farmer St.,OTSEGO,49078.0,ALLEGAN,KALAMAZOO,YAZZIEC,,,"320 N Farmer St., OTSEGO, MI 49078",-8.258033591785225e+18,Form Submission Attachments,AQD - Air,Application/Request
2026-07-31,2026.0,OTSEGO PAPER INC,NFORMDOC,nForm Document,https://mienviro.michigan.gov/ncore/downloadpdf/1654522365345746308,A0023,MAJOR,320 N Farmer St.,OTSEGO,49078.0,ALLEGAN,KALAMAZOO,YAZZIEC,,,"320 N Farmer St., OTSEGO, MI 49078",1.6545223653457464e+18,Form Submission Attachments,AQD - Air,Application/Request
2026-07-31,2026.0,RESOLUTE FOREST PRODUCTS - MENOMINEE,NFORMDOC,nForm Document,https://mienviro.michigan.gov/ncore/downloadpdf/-3925565794400125647,N3929,MINOR,701 FOURTH AVE,MENOMINEE,49858.0,MENOMINEE,MARQUETTE,LUCEL1,,,"701 FOURTH AVE, MENOMINEE, MI 49858",-3.925565794400125e+18,Form Submission Attachments,AQD - Air,Application/Request
2026-07-31,2026.0,ST MARYS CEMENT CHARLEVOIX PLANT,NFORMDOC,nForm Document,https://mienviro.michigan.gov/ncore/downloadpdf/4148170343225069500,B1559,MAJOR,16000  BELLS BAY RD,CHARLEVOIX,49720.0,CHARLEVOIX,CADILLAC,DICKMANR,,,"16000  BELLS BAY RD, CHARLEVOIX, MI 49720",4.1481703432250696e+18,Form Submission Attachments,AQD - Air,Application/Request
2026-07-31,2026.0,MAGNA MIRRORS NORTH AMERICA,NFORMDOC,nForm Document,https://mienviro.michigan.gov/ncore/downloadpdf/-251986224371412261,N5056,MAJOR,700 South Industrial Drive,NEWAYGO,49337.0,NEWAYGO,GRAND RAPIDS,DEVRIESK1,,,"700 South Industrial Drive, NEWAYGO, MI 49337",-2.5198622437141222e+17,Form Submission Attachments,AQD - Air,Application/Request
2026-07-30,2026.0,DOW SILICONES CORPORATION,NFORMDOC,nForm Document,https://mienviro.michigan.gov/ncore/downloadpdf/8212497862900050321,A4043,MEGASITE,3901 S Saginaw Rd,MIDLAND,48686.0,MIDLAND,BAY CITY,MCCANNG2,,,"3901 S Saginaw Rd, MIDLAND, MI 48686",8.21249786290005e+18,Form Submission Attachments,AQD - Air,Application/Request
2026-07-30,2026.0,TOYOTA MOTOR NORTH AMERICA R&D,SUBMISSI,Submission PDF,https://mienviro.michigan.gov/ncore/downloadpdf/-8977781573713239354,N2915,MAJOR,1555 WOODRIDGE,ANN ARBOR,48105.0,WASHTENAW,JACKSON,KAVANAUGHD,,,"1555 WOODRIDGE, ANN ARBOR, MI 48105",-8.977781573713238e+18,Form Submission Attachments,AQD - Air,Application/Request
2026-07-30,2026.0,"ARBOR HILLS LANDFILL, INC.",NFORMDOC,nForm Document,https://mienviro.michigan.gov/ncore/downloadpdf/641711556055994824,N2688,MAJOR,10690 W. SIX MILE RD,NORTHVILLE,48168.0,WASHTENAW,JACKSON,KAVANAUGHD,,,"10690 W. SIX MILE RD, NORTHVILLE, MI 48168",6.417115560559948e+17,Form Submission Attachments,AQD - Air,Application/Request
2026-07-30,2026.0,GUARDIAN INDUSTRIES-CARLETON,NFORMDOC,nForm Document,https://mienviro.michigan.gov/ncore/downloadpdf/-5163919856678112358,B1877,MAJOR,14600  ROMINE RD,CARLETON,48117.0,MONROE,JACKSON,CARLEYB,,,"14600  ROMINE RD, CARLETON, MI 48117",-5.163919856678112e+18,Form Submission Attachments,AQD - Air,Application/Request
2026-07-30,2026.0,"BREMBO NORTH AMERICA, INC.",SUBMISSI,Submission PDF,https://mienviro.michigan.gov/ncore/downloadpdf/-6661716486467469422,N6226,MAJOR,29991 M 60 EAST,HOMER,49245.0,CALHOUN,KALAMAZOO,CHAPELA,,,"29991 M 60 EAST, HOMER, MI 49245",-6.661716486467469e+18,Form Submission Attachments,AQD - Air,Application/Request
2026-07-30,2026.0,"MARTIN MARIETTA MAGNESIA SPECIALTIES, LLC",SUBMISSI,Submission PDF,https://mienviro.michigan.gov/ncore/downloadpdf/6926846784345429472,A3900,MAJOR,1800  Eastlake Rd.,MANISTEE,49660.0,MANISTEE,CADILLAC,CHILDSK,,,"1800  Eastlake Rd., MANISTEE, MI 49660",6.926846784345429e+18,Form Submission Attachments,AQD - Air,Application/Request
2026-07-30,2026.0,EES COKE BATTERY L.L.C.,SUBMISSI,Submission PDF,https://mienviro.michigan.gov/ncore/downloadpdf/7116372699766318378,P0408,MEGASITE,1400 Zug Island Road,RIVER ROUGE,48209.0,WAYNE,DETROIT,KOSTERK1,,,"1400 Zug Island Road, RIVER ROUGE, MI 48209",7.116372699766318e+18,Form Submission Attachments,AQD - Air,Application/Request
2026-07-30,2026.0,PACKAGING CORPORATION OF AMERICA - FILER CITY MILL,NFORMDOC,nForm Document,https://mienviro.michigan.gov/ncore/downloadpdf/306332434422719750,B3692,MAJOR,2246  Udell St.,FILER CITY,49634.0,MANISTEE,CADILLAC,DICKMANR,,,"2246  Udell St., FILER CITY, MI 49634",3.0633243442271974e+17,Form Submission Attachments,AQD - Air,Application/Request
2026-07-30,2026.0,BPV ENVIRONMENTAL LLC,EMAILRET,Email re: timeline for compliance action and stack test report submittal,https://mienviro.michigan.gov/ncore/downloadpdf/9113399203974693090,P1036,MINOR,511 76th Street SW,BYRON CENTER,49315.0,KENT,GRAND RAPIDS,LAZZAROA1,,,"511 76th Street SW, BYRON CENTER, MI 49315",9.113399203974692e+18,Air Site Documents,,Site
2026-07-30,2026.0,DOW SILICONES CORPORATION,SUBMISSI,Submission PDF,https://mienviro.michigan.gov/ncore/downloadpdf/-7152626727405944095,A4043,MEGASITE,3901 S Saginaw Rd,MIDLAND,48686.0,MIDLAND,BAY CITY,MCCANNG2,,,"3901 S Saginaw Rd, MIDLAND, MI 48686",-7.152626727405944e+18,Form Submission Attachments,AQD - Air,Application/Request
2026-07-30,2026.0,MARATHON PETROLEUM COMPANY LP,SUBMISSI,Submission PDF,https://mienviro.michigan.gov/ncore/downloadpdf/6827825177731120494,A9831,MEGASITE,1001 S Oakwood,DETROIT,48217.0,WAYNE,DETROIT,ACEVEDOJ1,,,"1001 S Oakwood, DETROIT, MI 48217",6.82782517773112e+18,Form Submission Attachments,AQD - Air,Application/Request
2026-07-30,2026.0,GUARDIAN INDUSTRIES-CARLETON,NFORMDOC,nForm Document,https://mienviro.michigan.gov/ncore/downloadpdf/3568789696355390086,B1877,MAJOR,14600  ROMINE RD,CARLETON,48117.0,MONROE,JACKSON,CARLEYB,,,"14600  ROMINE RD, CARLETON, MI 48117",3.56878969635539e+18,Form Submission Attachments,AQD - Air,Application/Request
2026-07-30,2026.0,FCA US LLC WARREN TRUCK ASSEMBLY PLANT,NFORMDOC,nForm Document,https://mienviro.michigan.gov/ncore/downloadpdf/3614548656480939404,B2767,MAJOR,21500  Mound Road,WARREN,48091.0,MACOMB,WARREN,KONANAHALLII,,,"21500  Mound Road, WARREN, MI 48091",3.614548656480939e+18,Form Submission Attachments,AQD - Air,Application/Request
2026-07-30,2026.0,"MICHIGAN SUGAR COMPANY, CROSWELL FACTORY",NFORMDOC,nForm Document,https://mienviro.michigan.gov/ncore/downloadpdf/592218461003303600,B2876,MAJOR,159 S Howard Ave,CROSWELL,48422.0,SANILAC,BAY CITY,WITKOPPB,,,"159 S Howard Ave, CROSWELL, MI 48422",5.922184610033036e+17,Form Submission Attachments,AQD - Air,Application/Request
2026-07-30,2026.0,DOW SILICONES CORPORATION,NFORMDOC,nForm Document,https://mienviro.michigan.gov/ncore/downloadpdf/6461514451919079766,A4043,MEGASITE,3901 S Saginaw Rd,MIDLAND,48686.0,MIDLAND,BAY CITY,MCCANNG2,,,"3901 S Saginaw Rd, MIDLAND, MI 48686",6.46151445191908e+18,Form Submission Attachments,AQD - Air,Application/Request
2026-07-30,2026.0,DOW SILICONES CORPORATION,SUBMISSI,Submission PDF,https://mienviro.michigan.gov/ncore/downloadpdf/-7394225817161336581,A4043,MEGASITE,3901 S Saginaw Rd,MIDLAND,48686.0,MIDLAND,BAY CITY,MCCANNG2,,,"3901 S Saginaw Rd, MIDLAND, MI 48686",-7.394225817161336e+18,Form Submission Attachments,AQD - Air,Application/Request
2026-07-30,2026.0,"MICHIGAN SUGAR COMPANY, CROSWELL FACTORY",SUBMISSI,Submission PDF,https://mienviro.michigan.gov/ncore/downloadpdf/-7545857435148475434,B2876,MAJOR,159 S Howard Ave,CROSWELL,48422.0,SANILAC,BAY CITY,WITKOPPB,,,"159 S Howard Ave, CROSWELL, MI 48422",-7.545857435148475e+18,Form Submission Attachments,AQD - Air,Application/Request
2026-07-30,2026.0,"LBWL, ERICKSON STATION",NFORMDOC,nForm Document,https://mienviro.michigan.gov/ncore/downloadpdf/-1163075744584672593,B4001,MAJOR,3725 South Canal Road,LANSING,48917.0,EATON,LANSING,BRUNNERJ1,,,"3725 South Canal Road, LANSING, MI 48917",-1.1630757445846725e+18,Form Submission Attachments,AQD - Air,Application/Request
2026-07-30,2026.0,DOW SILICONES CORPORATION,NFORMDOC,nForm Document,https://mienviro.michigan.gov/ncore/downloadpdf/-6164085874220432676,A4043,MEGASITE,3901 S Saginaw Rd,MIDLAND,48686.0,MIDLAND,BAY CITY,MCCANNG2,,,"3901 S Saginaw Rd, MIDLAND, MI 48686",-6.164085874220432e+18,Form Submission Attachments,AQD - Air,Application/Request
2026-07-30,2026.0,THOMPSON RECYCLE CO,AIRPERMI,Air Permit to Install,https://mienviro.michigan.gov/ncore/downloadpdf/-3753735497908495658,N5408,MINOR,7061 Dexter Ann Arbor Rd,DEXTER,48130.0,WASHTENAW,JACKSON,KOVALCHICKM,,,"7061 Dexter Ann Arbor Rd, DEXTER, MI 48130",-3.753735497908496e+18,Air Permit to Install Documents,AQD - Air,Permit
2026-07-30,2026.0,GRAYLING GENERATING STATION LTD PTNR,SUBMISSI,Submission PDF,https://mienviro.michigan.gov/ncore/downloadpdf/-5371975643580983158,N2388,MAJOR,4400 W FOUR MILE RD,GRAYLING,49738.0,CRAWFORD,GAYLORD,RADULSKIR,,,"4400 W FOUR MILE RD, GRAYLING, MI 49738",-5.371975643580983e+18,Form Submission Attachments,AQD - Air,Application/Request
2026-07-30,2026.0,MARATHON PETROLEUM COMPANY LP,UNK,خطاب الطرف المهتم,https://mienviro.michigan.gov/ncore/downloadpdf/-3324015122933840582,A9831,MEGASITE,1001 S Oakwood,DETROIT,48217.0,WAYNE,DETROIT,ACEVEDOJ1,,,"1001 S Oakwood, DETROIT, MI 48217",-3.3240151229338404e+18,Air Permit to Install Documents,AQD - Air,Permit
2026-07-30,2026.0,DOW SILICONES CORPORATION,NFORMDOC,nForm Document,https://mienviro.michigan.gov/ncore/downloadpdf/-6079864267316410102,A4043,MEGASITE,3901 S Saginaw Rd,MIDLAND,48686.0,MIDLAND,BAY CITY,MCCANNG2,,,"3901 S Saginaw Rd, MIDLAND, MI 48686",-6.079864267316409e+18,Form Submission Attachments,AQD - Air,Application/Request
2026-07-30,2026.0,DOW SILICONES CORPORATION,NFORMDOC,nForm Document,https://mienviro.michigan.gov/ncore/downloadpdf/640145211337235368,A4043,MEGASITE,3901 S Saginaw Rd,MIDLAND,48686.0,MIDLAND,BAY CITY,MCCANNG2,,,"3901 S Saginaw Rd, MIDLAND, MI 48686",6.401452113372353e+17,Form Submission Attachments,AQD - Air,Application/Request
2026-07-30,2026.0,GENESEE POWER STATION LIMITED PARTNERSHIP,SUBMISSI,Submission PDF,https://mienviro.michigan.gov/ncore/downloadpdf/-3688323185286148730,N3570,MAJOR,G 5310 NORTH DORT HIGHWAY,FLINT,48505.0,GENESEE,LANSING,BRUNNERJ1,,,"G 5310 NORTH DORT HIGHWAY, FLINT, MI 48505",-3.6883231852861486e+18,Form Submission Attachments,AQD - Air,Application/Request
2026-07-30,2026.0,STATELINE CRUSHING,AIRPERMI,Air Permit to Install,https://mienviro.michigan.gov/ncore/downloadpdf/2524102435626293086,P0622,MINOR,7061 Dexter Ann Arbor Rd,DEXTER,48130.0,WASHTENAW,JACKSON,KOVALCHICKM,,,"7061 Dexter Ann Arbor Rd, DEXTER, MI 48130",2.5241024356262927e+18,Air Permit to Install Documents,AQD - Air,Permit
2026-07-30,2026.0,GUARDIAN INDUSTRIES-CARLETON,SUBMISSI,Submission PDF,https://mienviro.michigan.gov/ncore/downloadpdf/8774228550855238805,B1877,MAJOR,14600  ROMINE RD,CARLETON,48117.0,MONROE,JACKSON,CARLEYB,,,"14600  ROMINE RD, CARLETON, MI 48117",8.774228550855239e+18,Form Submission Attachments,AQD - Air,Application/Request
2026-07-30,2026.0,MARATHON PETROLEUM COMPANY LP,CARTAALA,Carta ala parte interesada,https://mienviro.michigan.gov/ncore/downloadpdf/-8817038477296086108,A9831,MEGASITE,1001 S Oakwood,DETROIT,48217.0,WAYNE,DETROIT,ACEVEDOJ1,,,"1001 S Oakwood, DETROIT, MI 48217",-8.817038477296086e+18,Air Permit to Install Documents,AQD - Air,Permit
2026-07-30,2026.0,GUARDIAN INDUSTRIES-CARLETON,NFORMDOC,nForm Document,https://mienviro.michigan.gov/ncore/downloadpdf/-3873211727330575085,B1877,MAJOR,14600  ROMINE RD,CARLETON,48117.0,MONROE,JACKSON,CARLEYB,,,"14600  ROMINE RD, CARLETON, MI 48117",-3.873211727330576e+18,Form Submission Attachments,AQD - Air,Application/Request
2026-07-30,2026.0,EES COKE BATTERY L.L.C.,NFORMDOC,nForm Document,https://mienviro.michigan.gov/ncore/downloadpdf/-855722086578454099,P0408,MEGASITE,1400 Zug Island Road,RIVER ROUGE,48209.0,WAYNE,DETROIT,KOSTERK1,,,"1400 Zug Island Road, RIVER ROUGE, MI 48209",-8.557220865784543e+17,Form Submission Attachments,AQD - Air,Application/Request
2026-07-30,2026.0,"BREMBO NORTH AMERICA, INC.",NFORMDOC,nForm Document,https://mienviro.michigan.gov/ncore/downloadpdf/5864603649435102301,N6226,MAJOR,29991 M 60 EAST,HOMER,49245.0,CALHOUN,KALAMAZOO,CHAPELA,,,"29991 M 60 EAST, HOMER, MI 49245",5.864603649435102e+18,Form Submission Attachments,AQD - Air,Application/Request
2026-07-30,2026.0,KEEBLER CO,SCHEDULE,Schedule - Air Quality Test Plan Submittal,https://mienviro.michigan.gov/ncore/downloadpdf/814954718232387007,B4395,SM OPT OUT,310 28TH ST SE,GRAND RAPIDS,49548.0,KENT,GRAND RAPIDS,EVANSS13,,,"310 28TH ST SE, GRAND RAPIDS, MI 49548",8.149547182323871e+17,Misc. Submittal Docs,AQD - Air,Application/Request
2026-07-30,2026.0,MARATHON PETROLEUM COMPANY LP,COMPANYL,Company Letter,https://mienviro.michigan.gov/ncore/downloadpdf/-3153839174509731931,A9831,MEGASITE,1001 S Oakwood,DETROIT,48217.0,WAYNE,DETROIT,ACEVEDOJ1,,,"1001 S Oakwood, DETROIT, MI 48217",-3.153839174509732e+18,Air Permit to Install Documents,AQD - Air,Permit
2026-07-30,2026.0,KEEBLER CO,SCHEDULE,Schedule - Air Quality Test Plan Submittal,https://mienviro.michigan.gov/ncore/downloadpdf/-1721995731691927748,B4395,SM OPT OUT,310 28TH ST SE,GRAND RAPIDS,49548.0,KENT,GRAND RAPIDS,EVANSS13,,,"310 28TH ST SE, GRAND RAPIDS, MI 49548",-1.7219957316919276e+18,Misc. Submittal Docs,AQD - Air,Application/Request
2026-07-30,2026.0,DEARBORN INDUSTRIAL GENERATION,NFORMDOC,nForm Document,https://mienviro.michigan.gov/ncore/downloadpdf/162407971341282802,N6631,MAJOR,2400 MILLER RD,DEARBORN,48121.0,WAYNE,DETROIT,LAMBJ1,,,"2400 MILLER RD, DEARBORN, MI 48121",1.624079713412828e+17,Form Submission Attachments,AQD - Air,Application/Request
2026-07-30,2026.0,EES COKE BATTERY L.L.C.,SUBMISSI,Submission PDF,https://mienviro.michigan.gov/ncore/downloadpdf/-3429587533123969393,P0408,MEGASITE,1400 Zug Island Road,RIVER ROUGE,48209.0,WAYNE,DETROIT,KOSTERK1,,,"1400 Zug Island Road, RIVER ROUGE, MI 48209",-3.429587533123969e+18,Form Submission Attachments,AQD - Air,Application/Request
2026-07-30,2026.0,"LBWL, ERICKSON STATION",SUBMISSI,Submission PDF,https://mienviro.michigan.gov/ncore/downloadpdf/5542776840240322921,B4001,MAJOR,3725 South Canal Road,LANSING,48917.0,EATON,LANSING,BRUNNERJ1,,,"3725 South Canal Road, LANSING, MI 48917",5.542776840240323e+18,Form Submission Attachments,AQD - Air,Application/Request
2026-07-30,2026.0,INTERTAPE POLYMER GROUP,NFORMDOC,nForm Document,https://mienviro.michigan.gov/ncore/downloadpdf/-6232434593782590620,A6220,MAJOR,317   Kendall Avenue,MARYSVILLE,48040.0,SAINT CLAIR,WARREN,KONANAHALLII,,,"317   Kendall Avenue, MARYSVILLE, MI 48040",-6.232434593782591e+18,Form Submission Attachments,AQD - Air,Application/Request
2026-07-30,2026.0,LBWL - ECKERT STATION & REO TOWN PLANT,NFORMDOC,nForm Document,https://mienviro.michigan.gov/ncore/downloadpdf/-7013857186576878378,B2647,MAJOR,1201 South Washington Avenue,LANSING,48910.0,INGHAM,LANSING,BRUNNERJ1,,,"1201 South Washington Avenue, LANSING, MI 48910",-7.013857186576879e+18,Form Submission Attachments,AQD - Air,Application/Request
2026-07-30,2026.0,GENESEE POWER STATION LIMITED PARTNERSHIP,SUBMISSI,Submission PDF,https://mienviro.michigan.gov/ncore/downloadpdf/-6073634083273439377,N3570,MAJOR,G 5310 NORTH DORT HIGHWAY,FLINT,48505.0,GENESEE,LANSING,BRUNNERJ1,,,"G 5310 NORTH DORT HIGHWAY, FLINT, MI 48505",-6.073634083273439e+18,Form Submission Attachments,AQD - Air,Application/Request
2026-07-30,2026.0,FCA US LLC WARREN TRUCK ASSEMBLY PLANT,SUBMISSI,Submission PDF,https://mienviro.michigan.gov/ncore/downloadpdf/-1824939201962292734,B2767,MAJOR,21500  Mound Road,WARREN,48091.0,MACOMB,WARREN,KONANAHALLII,,,"21500  Mound Road, WARREN, MI 48091",-1.8249392019622927e+18,Form Submission Attachments,AQD - Air,Application/Request
2026-07-30,2026.0,INTERTAPE POLYMER GROUP,NFORMDOC,nForm Document,https://mienviro.michigan.gov/ncore/downloadpdf/-8127505553131620665,A6220,MAJOR,317   Kendall Avenue,MARYSVILLE,48040.0,SAINT CLAIR,WARREN,KONANAHALLII,,,"317   Kendall Avenue, MARYSVILLE, MI 48040",-8.127505553131619e+18,Form Submission Attachments,AQD - Air,Application/Request
2026-07-30,2026.0,PACKAGING CORPORATION OF AMERICA - FILER CITY MILL,NFORMDOC,nForm Document,https://mienviro.michigan.gov/ncore/downloadpdf/6365595808359281897,B3692,MAJOR,2246  Udell St.,FILER CITY,49634.0,MANISTEE,CADILLAC,DICKMANR,,,"2246  Udell St., FILER CITY, MI 49634",6.365595808359282e+18,Form Submission Attachments,AQD - Air,Application/Request
2026-07-30,2026.0,INTERTAPE POLYMER GROUP,SUBMISSI,Submission PDF,https://mienviro.michigan.gov/ncore/downloadpdf/-8969099670166531076,A6220,MAJOR,317   Kendall Avenue,MARYSVILLE,48040.0,SAINT CLAIR,WARREN,KONANAHALLII,,,"317   Kendall Avenue, MARYSVILLE, MI 48040",-8.969099670166531e+18,Form Submission Attachments,AQD - Air,Application/Request
2026-07-30,2026.0,"ARBOR HILLS LANDFILL, INC.",SUBMISSI,Submission PDF,https://mienviro.michigan.gov/ncore/downloadpdf/-3418371255517403731,N2688,MAJOR,10690 W. SIX MILE RD,NORTHVILLE,48168.0,WASHTENAW,JACKSON,KAVANAUGHD,,,"10690 W. SIX MILE RD, NORTHVILLE, MI 48168",-3.418371255517404e+18,Form Submission Attachments,AQD - Air,Application/Request
2026-07-30,2026.0,"MICHIGAN SUGAR COMPANY, CARO FACTORY",NFORMDOC,nForm Document,https://mienviro.michigan.gov/ncore/downloadpdf/-6858424426374060916,B2875,MAJOR,819 Peninsular St.,CARO,48723.0,TUSCOLA,BAY CITY,SHAFFERA1,,,"819 Peninsular St., CARO, MI 48723",-6.858424426374061e+18,Form Submission Attachments,AQD - Air,Application/Request
2026-07-30,2026.0,GRAYLING GENERATING STATION LTD PTNR,NFORMDOC,nForm Document,https://mienviro.michigan.gov/ncore/downloadpdf/-31131383466134939,N2388,MAJOR,4400 W FOUR MILE RD,GRAYLING,49738.0,CRAWFORD,GAYLORD,RADULSKIR,,,"4400 W FOUR MILE RD, GRAYLING, MI 49738",-3.1131383466134936e+16,Form Submission Attachments,AQD - Air,Application/Request
2026-07-30,2026.0,EES COKE BATTERY L.L.C.,NFORMDOC,nForm Document,https://mienviro.michigan.gov/ncore/downloadpdf/2825324397838719461,P0408,MEGASITE,1400 Zug Island Road,RIVER ROUGE,48209.0,WAYNE,DETROIT,KOSTERK1,,,"1400 Zug Island Road, RIVER ROUGE, MI 48209",2.8253243978387195e+18,Form Submission Attachments,AQD - Air,Application/Request
2026-07-30,2026.0,"BREMBO NORTH AMERICA, INC.",NFORMDOC,nForm Document,https://mienviro.michigan.gov/ncore/downloadpdf/-7113153048557550655,N6226,MAJOR,29991 M 60 EAST,HOMER,49245.0,CALHOUN,KALAMAZOO,CHAPELA,,,"29991 M 60 EAST, HOMER, MI 49245",-7.113153048557552e+18,Form Submission Attachments,AQD - Air,Application/Request
2026-07-30,2026.0,MARATHON PETROLEUM COMPANY LP,UNK,خطاب الطرف المهتم,https://mienviro.michigan.gov/ncore/downloadpdf/5598956053092940895,A9831,MEGASITE,1001 S Oakwood,DETROIT,48217.0,WAYNE,DETROIT,ACEVEDOJ1,,,"1001 S Oakwood, DETROIT, MI 48217",5.598956053092941e+18,Air Permit to Install Documents,AQD - Air,Permit
2026-07-30,2026.0,MARATHON PETROLEUM COMPANY LP,CARTAALA,Carta ala parte interesada,https://mienviro.michigan.gov/ncore/downloadpdf/-7862820275627214705,A9831,MEGASITE,1001 S Oakwood,DETROIT,48217.0,WAYNE,DETROIT,ACEVEDOJ1,,,"1001 S Oakwood, DETROIT, MI 48217",-7.862820275627215e+18,Air Permit to Install Documents,AQD - Air,Permit
2026-07-30,2026.0,GRAYLING GENERATING STATION LTD PTNR,NFORMDOC,nForm Document,https://mienviro.michigan.gov/ncore/downloadpdf/3761976889493693914,N2388,MAJOR,4400 W FOUR MILE RD,GRAYLING,49738.0,CRAWFORD,GAYLORD,RADULSKIR,,,"4400 W FOUR MILE RD, GRAYLING, MI 49738",3.761976889493693e+18,Form Submission Attachments,AQD - Air,Application/Request
2026-07-30,2026.0,"MICHIGAN SUGAR COMPANY, CROSWELL FACTORY",NFORMDOC,nForm Document,https://mienviro.michigan.gov/ncore/downloadpdf/-8415717666283974031,B2876,MAJOR,159 S Howard Ave,CROSWELL,48422.0,SANILAC,BAY CITY,WITKOPPB,,,"159 S Howard Ave, CROSWELL, MI 48422",-8.415717666283975e+18,Form Submission Attachments,AQD - Air,Application/Request
2026-07-30,2026.0,LBWL - ECKERT STATION & REO TOWN PLANT,NFORMDOC,nForm Document,https://mienviro.michigan.gov/ncore/downloadpdf/7660306387196110358,B2647,MAJOR,1201 South Washington Avenue,LANSING,48910.0,INGHAM,LANSING,BRUNNERJ1,,,"1201 South Washington Avenue, LANSING, MI 48910",7.660306387196111e+18,Form Submission Attachments,AQD - Air,Application/Request
2026-07-30,2026.0,GUARDIAN INDUSTRIES-CARLETON,SUBMISSI,Submission PDF,https://mienviro.michigan.gov/ncore/downloadpdf/-7335897236008746986,B1877,MAJOR,14600  ROMINE RD,CARLETON,48117.0,MONROE,JACKSON,CARLEYB,,,"14600  ROMINE RD, CARLETON, MI 48117",-7.335897236008747e+18,Form Submission Attachments,AQD - Air,Application/Request
2026-07-30,2026.0,MARATHON PETROLEUM COMPANY LP,AIRPERMI,Air Permit to Install,https://mienviro.michigan.gov/ncore/downloadpdf/6263642887943621918,A9831,MEGASITE,1001 S Oakwood,DETROIT,48217.0,WAYNE,DETROIT,ACEVEDOJ1,,,"1001 S Oakwood, DETROIT, MI 48217",6.263642887943622e+18,Air Permit to Install Documents,AQD - Air,Permit
2026-07-30,2026.0,HOLCIM (US) INC. DBA LAFARGE ALPENA PLANT,NFORMDOC,nForm Document,https://mienviro.michigan.gov/ncore/downloadpdf/8310524695584740177,B1477,MAJOR,1435  Ford Avenue,ALPENA,49707.0,ALPENA,CADILLAC,CHILDSK,,,"1435  Ford Avenue, ALPENA, MI 49707",8.310524695584739e+18,Form Submission Attachments,AQD - Air,Application/Request
2026-07-30,2026.0,DOW SILICONES CORPORATION,NFORMDOC,nForm Document,https://mienviro.michigan.gov/ncore/downloadpdf/-7751276728831245981,A4043,MEGASITE,3901 S Saginaw Rd,MIDLAND,48686.0,MIDLAND,BAY CITY,MCCANNG2,,,"3901 S Saginaw Rd, MIDLAND, MI 48686",-7.751276728831246e+18,Form Submission Attachments,AQD - Air,Application/Request
2026-07-30,2026.0,CADILLAC BUILDING SUPPLIES,AIRPERMI,Air Permit to Install,https://mienviro.michigan.gov/ncore/downloadpdf/8695080182202993593,P0729,MINOR,3765 South 41 Road,CADILLAC,48601.0,WEXFORD,CADILLAC,CHILDSK,,,"3765 South 41 Road, CADILLAC, MI 48601",8.695080182202994e+18,Air Permit to Install Documents,AQD - Air,Permit
2026-07-30,2026.0,"THE DOW CHEMICAL COMPANY U.S.A., MIDLAND",NFORMDOC,nForm Document,https://mienviro.michigan.gov/ncore/downloadpdf/5686159517423753593,A4033,MEGASITE,1790 Building,MIDLAND,48674.0,MIDLAND,BAY CITY,BREWERK,,,"1790 Building, MIDLAND, MI 48674",5.686159517423753e+18,Form Submission Attachments,AQD - Air,Application/Request
2026-07-30,2026.0,DOW SILICONES CORPORATION,NFORMDOC,nForm Document,https://mienviro.michigan.gov/ncore/downloadpdf/1525628999999322807,A4043,MEGASITE,3901 S Saginaw Rd,MIDLAND,48686.0,MIDLAND,BAY CITY,MCCANNG2,,,"3901 S Saginaw Rd, MIDLAND, MI 48686",1.525628999999323e+18,Form Submission Attachments,AQD - Air,Application/Request
2026-07-30,2026.0,MARATHON PETROLEUM COMPANY LP,COMPANYL,Company Letter,https://mienviro.michigan.gov/ncore/downloadpdf/-5843877297410430689,A9831,MEGASITE,1001 S Oakwood,DETROIT,48217.0,WAYNE,DETROIT,ACEVEDOJ1,,,"1001 S Oakwood, DETROIT, MI 48217",-5.843877297410431e+18,Air Permit to Install Documents,AQD - Air,Permit
2026-07-30,2026.0,EES COKE BATTERY L.L.C.,NFORMDOC,nForm Document,https://mienviro.michigan.gov/ncore/downloadpdf/1302111493294966705,P0408,MEGASITE,1400 Zug Island Road,RIVER ROUGE,48209.0,WAYNE,DETROIT,KOSTERK1,,,"1400 Zug Island Road, RIVER ROUGE, MI 48209",1.3021114932949668e+18,Form Submission Attachments,AQD - Air,Application/Request
2026-07-30,2026.0,"THE DOW CHEMICAL COMPANY U.S.A., MIDLAND",NFORMDOC,nForm Document,https://mienviro.michigan.gov/ncore/downloadpdf/1022043325975651947,A4033,MEGASITE,1790 Building,MIDLAND,48674.0,MIDLAND,BAY CITY,BREWERK,,,"1790 Building, MIDLAND, MI 48674",1.022043325975652e+18,Form Submission Attachments,AQD - Air,Application/Request
2026-07-30,2026.0,"MICHIGAN SUGAR COMPANY, CARO FACTORY",SUBMISSI,Submission PDF,https://mienviro.michigan.gov/ncore/downloadpdf/-721748165290686363,B2875,MAJOR,819 Peninsular St.,CARO,48723.0,TUSCOLA,BAY CITY,SHAFFERA1,,,"819 Peninsular St., CARO, MI 48723",-7.217481652906862e+17,Form Submission Attachments,AQD - Air,Application/Request
2026-07-30,2026.0,"MICHIGAN SUGAR COMPANY, CARO FACTORY",NFORMDOC,nForm Document,https://mienviro.michigan.gov/ncore/downloadpdf/-1848776275828355483,B2875,MAJOR,819 Peninsular St.,CARO,48723.0,TUSCOLA,BAY CITY,SHAFFERA1,,,"819 Peninsular St., CARO, MI 48723",-1.848776275828356e+18,Form Submission Attachments,AQD - Air,Application/Request
2026-07-30,2026.0,KENDRICK PLASTICS,SUBMISSI,Submission PDF,https://mienviro.michigan.gov/ncore/downloadpdf/-8236781910597776561,N1786,SM OPT OUT,5050  Kendrick St SE,GRAND RAPIDS,49512.0,KENT,GRAND RAPIDS,LAZZAROA1,,,"5050  Kendrick St SE, GRAND RAPIDS, MI 49512",-8.236781910597776e+18,Form Submission Attachments,AQD - Air,Application/Request
2026-07-30,2026.0,GENESEE POWER STATION LIMITED PARTNERSHIP,NFORMDOC,nForm Document,https://mienviro.michigan.gov/ncore/downloadpdf/7329049351953722539,N3570,MAJOR,G 5310 NORTH DORT HIGHWAY,FLINT,48505.0,GENESEE,LANSING,BRUNNERJ1,,,"G 5310 NORTH DORT HIGHWAY, FLINT, MI 48505",7.329049351953721e+18,Form Submission Attachments,AQD - Air,Application/Request
2026-07-30,2026.0,BPV ENVIRONMENTAL LLC,SUBMISSI,Submission PDF,https://mienviro.michigan.gov/ncore/downloadpdf/5002933657783395812,P1036,MINOR,511 76th Street SW,BYRON CENTER,49315.0,KENT,GRAND RAPIDS,LAZZAROA1,,,"511 76th Street SW, BYRON CENTER, MI 49315",5.002933657783396e+18,Form Submission Attachments,AQD - Air,Application/Request
2026-07-30,2026.0,GENESEE POWER STATION LIMITED PARTNERSHIP,SUBMISSI,Submission PDF,https://mienviro.michigan.gov/ncore/downloadpdf/-3111514616124133964,N3570,MAJOR,G 5310 NORTH DORT HIGHWAY,FLINT,48505.0,GENESEE,LANSING,BRUNNERJ1,,,"G 5310 NORTH DORT HIGHWAY, FLINT, MI 48505",-3.1115146161241334e+18,Form Submission Attachments,AQD - Air,Application/Request
2026-07-30,2026.0,"MICHIGAN SUGAR COMPANY, CARO FACTORY",NFORMDOC,nForm Document,https://mienviro.michigan.gov/ncore/downloadpdf/-1543603813996673596,B2875,MAJOR,819 Peninsular St.,CARO,48723.0,TUSCOLA,BAY CITY,SHAFFERA1,,,"819 Peninsular St., CARO, MI 48723",-1.5436038139966735e+18,Form Submission Attachments,AQD - Air,Application/Request
2026-07-30,2026.0,"THE DOW CHEMICAL COMPANY U.S.A., MIDLAND",SUBMISSI,Submission PDF,https://mienviro.michigan.gov/ncore/downloadpdf/-6284310286696508990,A4033,MEGASITE,1790 Building,MIDLAND,48674.0,MIDLAND,BAY CITY,BREWERK,,,"1790 Building, MIDLAND, MI 48674",-6.284310286696508e+18,Form Submission Attachments,AQD - Air,Application/Request
2026-07-30,2026.0,"MARTIN MARIETTA MAGNESIA SPECIALTIES, LLC",NFORMDOC,nForm Document,https://mienviro.michigan.gov/ncore/downloadpdf/-603814673982952680,A3900,MAJOR,1800  Eastlake Rd.,MANISTEE,49660.0,MANISTEE,CADILLAC,CHILDSK,,,"1800  Eastlake Rd., MANISTEE, MI 49660",-6.038146739829527e+17,Form Submission Attachments,AQD - Air,Application/Request
2026-07-30,2026.0,PACKAGING CORPORATION OF AMERICA - FILER CITY MILL,NFORMDOC,nForm Document,https://mienviro.michigan.gov/ncore/downloadpdf/5391406714986667051,B3692,MAJOR,2246  Udell St.,FILER CITY,49634.0,MANISTEE,CADILLAC,DICKMANR,,,"2246  Udell St., FILER CITY, MI 49634",5.391406714986667e+18,Form Submission Attachments,AQD - Air,Application/Request
2026-07-30,2026.0,"THE DOW CHEMICAL COMPANY U.S.A., MIDLAND",NFORMDOC,nForm Document,https://mienviro.michigan.gov/ncore/downloadpdf/5052199442057694783,A4033,MEGASITE,1790 Building,MIDLAND,48674.0,MIDLAND,BAY CITY,BREWERK,,,"1790 Building, MIDLAND, MI 48674",5.052199442057695e+18,Form Submission Attachments,AQD - Air,Application/Request
2026-07-30,2026.0,"MICHIGAN SUGAR COMPANY, CROSWELL FACTORY",NFORMDOC,nForm Document,https://mienviro.michigan.gov/ncore/downloadpdf/-8545007044288659825,B2876,MAJOR,159 S Howard Ave,CROSWELL,48422.0,SANILAC,BAY CITY,WITKOPPB,,,"159 S Howard Ave, CROSWELL, MI 48422",-8.545007044288659e+18,Form Submission Attachments,AQD - Air,Application/Request
2026-07-30,2026.0,DOW SILICONES CORPORATION,NFORMDOC,nForm Document,https://mienviro.michigan.gov/ncore/downloadpdf/5167419899507885209,A4043,MEGASITE,3901 S Saginaw Rd,MIDLAND,48686.0,MIDLAND,BAY CITY,MCCANNG2,,,"3901 S Saginaw Rd, MIDLAND, MI 48686",5.167419899507885e+18,Form Submission Attachments,AQD - Air,Application/Request
2026-07-30,2026.0,MARATHON PETROLEUM COMPANY LP,INTEREST,Interested Party Letter,https://mienviro.michigan.gov/ncore/downloadpdf/5485282812271467373,A9831,MEGASITE,1001 S Oakwood,DETROIT,48217.0,WAYNE,DETROIT,ACEVEDOJ1,,,"1001 S Oakwood, DETROIT, MI 48217",5.485282812271468e+18,Air Permit to Install Documents,AQD - Air,Permit
2026-07-30,2026.0,KEEBLER CO,SCHEDULE,Schedule - Air Quality Test Plan Submittal,https://mienviro.michigan.gov/ncore/downloadpdf/-4205066817338211281,B4395,SM OPT OUT,310 28TH ST SE,GRAND RAPIDS,49548.0,KENT,GRAND RAPIDS,EVANSS13,,,"310 28TH ST SE, GRAND RAPIDS, MI 49548",-4.2050668173382113e+18,Misc. Submittal Docs,AQD - Air,Application/Request
2026-07-30,2026.0,GRAYLING GENERATING STATION LTD PTNR,NFORMDOC,nForm Document,https://mienviro.michigan.gov/ncore/downloadpdf/8712315911561006726,N2388,MAJOR,4400 W FOUR MILE RD,GRAYLING,49738.0,CRAWFORD,GAYLORD,RADULSKIR,,,"4400 W FOUR MILE RD, GRAYLING, MI 49738",8.712315911561006e+18,Form Submission Attachments,AQD - Air,Application/Request
2026-07-30,2026.0,"MARTIN MARIETTA MAGNESIA SPECIALTIES, LLC",NFORMDOC,nForm Document,https://mienviro.michigan.gov/ncore/downloadpdf/8578472603769397985,A3900,MAJOR,1800  Eastlake Rd.,MANISTEE,49660.0,MANISTEE,CADILLAC,CHILDSK,,,"1800  Eastlake Rd., MANISTEE, MI 49660",8.578472603769398e+18,Form Submission Attachments,AQD - Air,Application/Request
2026-07-30,2026.0,KINDER MORGAN UTOPIA LLC,AIRPERMI,Air Permit to Install,https://mienviro.michigan.gov/ncore/downloadpdf/1834308711681576175,N5916,MINOR,10743 Stone Quarry Road,RIGA,49276.0,LENAWEE,JACKSON,WEEMSS,,,"10743 Stone Quarry Road, RIGA, MI 49276",1.834308711681576e+18,Air Permit to Install Documents,AQD - Air,Permit
2026-07-30,2026.0,"LBWL, ERICKSON STATION",NFORMDOC,nForm Document,https://mienviro.michigan.gov/ncore/downloadpdf/-1343447571828489498,B4001,MAJOR,3725 South Canal Road,LANSING,48917.0,EATON,LANSING,BRUNNERJ1,,,"3725 South Canal Road, LANSING, MI 48917",-1.3434475718284897e+18,Form Submission Attachments,AQD - Air,Application/Request
2026-07-30,2026.0,MARATHON PETROLEUM COMPANY LP,RESPONSE,Response to Comments,https://mienviro.michigan.gov/ncore/downloadpdf/-1561103122586399401,A9831,MEGASITE,1001 S Oakwood,DETROIT,48217.0,WAYNE,DETROIT,ACEVEDOJ1,,,"1001 S Oakwood, DETROIT, MI 48217",-1.5611031225863995e+18,Air Permit to Install Documents,AQD - Air,Permit
2026-07-30,2026.0,MARATHON PETROLEUM COMPANY LP,AIRPERMI,Air Permit to Install,https://mienviro.michigan.gov/ncore/downloadpdf/936136084636762209,A9831,MEGASITE,1001 S Oakwood,DETROIT,48217.0,WAYNE,DETROIT,ACEVEDOJ1,,,"1001 S Oakwood, DETROIT, MI 48217",9.361360846367622e+17,Air Permit to Install Documents,AQD - Air,Permit
2026-07-30,2026.0,MARATHON PETROLEUM COMPANY LP,RESPONSE,Response to Comments,https://mienviro.michigan.gov/ncore/downloadpdf/1692901293941603710,A9831,MEGASITE,1001 S Oakwood,DETROIT,48217.0,WAYNE,DETROIT,ACEVEDOJ1,,,"1001 S Oakwood, DETROIT, MI 48217",1.6929012939416036e+18,Air Permit to Install Documents,AQD - Air,Permit
2026-07-30,2026.0,KEEBLER CO,SCHEDULE,Schedule - Air Quality Test Plan Submittal,https://mienviro.michigan.gov/ncore/downloadpdf/90918018276358449,B4395,SM OPT OUT,310 28TH ST SE,GRAND RAPIDS,49548.0,KENT,GRAND RAPIDS,EVANSS13,,,"310 28TH ST SE, GRAND RAPIDS, MI 49548",9.091801827635843e+16,Misc. Submittal Docs,AQD - Air,Application/Request
2026-07-30,2026.0,DEARBORN INDUSTRIAL GENERATION,SUBMISSI,Submission PDF,https://mienviro.michigan.gov/ncore/downloadpdf/6172530035019322345,N6631,MAJOR,2400 MILLER RD,DEARBORN,48121.0,WAYNE,DETROIT,LAMBJ1,,,"2400 MILLER RD, DEARBORN, MI 48121",6.172530035019321e+18,Form Submission Attachments,AQD - Air,Application/Request
2026-07-30,2026.0,"BREMBO NORTH AMERICA, INC.",NFORMDOC,nForm Document,https://mienviro.michigan.gov/ncore/downloadpdf/2793206181358192955,N6226,MAJOR,29991 M 60 EAST,HOMER,49245.0,CALHOUN,KALAMAZOO,CHAPELA,,,"29991 M 60 EAST, HOMER, MI 49245",2.7932061813581926e+18,Form Submission Attachments,AQD - Air,Application/Request
2026-07-30,2026.0,"MICHIGAN SUGAR COMPANY, CROSWELL FACTORY",NFORMDOC,nForm Document,https://mienviro.michigan.gov/ncore/downloadpdf/-7878345544312605825,B2876,MAJOR,159 S Howard Ave,CROSWELL,48422.0,SANILAC,BAY CITY,WITKOPPB,,,"159 S Howard Ave, CROSWELL, MI 48422",-7.878345544312605e+18,Form Submission Attachments,AQD - Air,Application/Request
2026-07-30,2026.0,DOW SILICONES CORPORATION,NFORMDOC,nForm Document,https://mienviro.michigan.gov/ncore/downloadpdf/1625547946178925564,A4043,MEGASITE,3901 S Saginaw Rd,MIDLAND,48686.0,MIDLAND,BAY CITY,MCCANNG2,,,"3901 S Saginaw Rd, MIDLAND, MI 48686",1.6255479461789256e+18,Form Submission Attachments,AQD - Air,Application/Request
2026-07-30,2026.0,GENESEE POWER STATION LIMITED PARTNERSHIP,NFORMDOC,nForm Document,https://mienviro.michigan.gov/ncore/downloadpdf/-8835112427393012455,N3570,MAJOR,G 5310 NORTH DORT HIGHWAY,FLINT,48505.0,GENESEE,LANSING,BRUNNERJ1,,,"G 5310 NORTH DORT HIGHWAY, FLINT, MI 48505",-8.835112427393012e+18,Form Submission Attachments,AQD - Air,Application/Request
2026-07-30,2026.0,"MARTIN MARIETTA MAGNESIA SPECIALTIES, LLC",NFORMDOC,nForm Document,https://mienviro.michigan.gov/ncore/downloadpdf/4196380325508044110,A3900,MAJOR,1800  Eastlake Rd.,MANISTEE,49660.0,MANISTEE,CADILLAC,CHILDSK,,,"1800  Eastlake Rd., MANISTEE, MI 49660",4.196380325508044e+18,Form Submission Attachments,AQD - Air,Application/Request
2026-07-30,2026.0,INTERTAPE POLYMER GROUP,NFORMDOC,nForm Document,https://mienviro.michigan.gov/ncore/downloadpdf/-8802401167472585051,A6220,MAJOR,317   Kendall Avenue,MARYSVILLE,48040.0,SAINT CLAIR,WARREN,KONANAHALLII,,,"317   Kendall Avenue, MARYSVILLE, MI 48040",-8.802401167472586e+18,Form Submission Attachments,AQD - Air,Application/Request
2026-07-30,2026.0,GUARDIAN INDUSTRIES-CARLETON,NFORMDOC,nForm Document,https://mienviro.michigan.gov/ncore/downloadpdf/6326328901105771095,B1877,MAJOR,14600  ROMINE RD,CARLETON,48117.0,MONROE,JACKSON,CARLEYB,,,"14600  ROMINE RD, CARLETON, MI 48117",6.326328901105772e+18,Form Submission Attachments,AQD - Air,Application/Request
2026-07-30,2026.0,"MICHIGAN SUGAR COMPANY, CROSWELL FACTORY",NFORMDOC,nForm Document,https://mienviro.michigan.gov/ncore/downloadpdf/-3528401138613485998,B2876,MAJOR,159 S Howard Ave,CROSWELL,48422.0,SANILAC,BAY CITY,WITKOPPB,,,"159 S Howard Ave, CROSWELL, MI 48422",-3.5284011386134856e+18,Form Submission Attachments,AQD - Air,Application/Request
2026-07-30,2026.0,DEARBORN INDUSTRIAL GENERATION,NFORMDOC,nForm Document,https://mienviro.michigan.gov/ncore/downloadpdf/-3086780527312621308,N6631,MAJOR,2400 MILLER RD,DEARBORN,48121.0,WAYNE,DETROIT,LAMBJ1,,,"2400 MILLER RD, DEARBORN, MI 48121",-3.086780527312621e+18,Form Submission Attachments,AQD - Air,Application/Request
2026-07-30,2026.0,KEEBLER CO,SCHEDULE,Schedule - Air Quality Test Plan Submittal,https://mienviro.michigan.gov/ncore/downloadpdf/-9003343682798135343,B4395,SM OPT OUT,310 28TH ST SE,GRAND RAPIDS,49548.0,KENT,GRAND RAPIDS,EVANSS13,,,"310 28TH ST SE, GRAND RAPIDS, MI 49548",-9.003343682798134e+18,Misc. Submittal Docs,AQD - Air,Application/Request
2026-07-30,2026.0,DOW SILICONES CORPORATION,NFORMDOC,nForm Document,https://mienviro.michigan.gov/ncore/downloadpdf/-1631734412259831441,A4043,MEGASITE,3901 S Saginaw Rd,MIDLAND,48686.0,MIDLAND,BAY CITY,MCCANNG2,,,"3901 S Saginaw Rd, MIDLAND, MI 48686",-1.6317344122598313e+18,Form Submission Attachments,AQD - Air,Application/Request
2026-07-30,2026.0,GRAYLING GENERATING STATION LTD PTNR,NFORMDOC,nForm Document,https://mienviro.michigan.gov/ncore/downloadpdf/96449642546878297,N2388,MAJOR,4400 W FOUR MILE RD,GRAYLING,49738.0,CRAWFORD,GAYLORD,RADULSKIR,,,"4400 W FOUR MILE RD, GRAYLING, MI 49738",9.644964254687827e+16,Form Submission Attachments,AQD - Air,Application/Request
2026-07-30,2026.0,"MICHIGAN SUGAR COMPANY, CARO FACTORY",NFORMDOC,nForm Document,https://mienviro.michigan.gov/ncore/downloadpdf/-8284945566412885147,B2875,MAJOR,819 Peninsular St.,CARO,48723.0,TUSCOLA,BAY CITY,SHAFFERA1,,,"819 Peninsular St., CARO, MI 48723",-8.284945566412885e+18,Form Submission Attachments,AQD - Air,Application/Request
2026-07-30,2026.0,DOW SILICONES CORPORATION,NFORMDOC,nForm Document,https://mienviro.michigan.gov/ncore/downloadpdf/2802673783617308171,A4043,MEGASITE,3901 S Saginaw Rd,MIDLAND,48686.0,MIDLAND,BAY CITY,MCCANNG2,,,"3901 S Saginaw Rd, MIDLAND, MI 48686",2.802673783617308e+18,Form Submission Attachments,AQD - Air,Application/Request
2026-07-30,2026.0,PACKAGING CORPORATION OF AMERICA - FILER CITY MILL,SUBMISSI,Submission PDF,https://mienviro.michigan.gov/ncore/downloadpdf/-2986146878360592257,B3692,MAJOR,2246  Udell St.,FILER CITY,49634.0,MANISTEE,CADILLAC,DICKMANR,,,"2246  Udell St., FILER CITY, MI 49634",-2.986146878360592e+18,Form Submission Attachments,AQD - Air,Application/Request
2026-07-30,2026.0,STATELINE CRUSHING,AIRPERMI,Air Permit to Install,https://mienviro.michigan.gov/ncore/downloadpdf/3608292845090153199,P0622,MINOR,7061 Dexter Ann Arbor Rd,DEXTER,48130.0,WASHTENAW,JACKSON,KOVALCHICKM,,,"7061 Dexter Ann Arbor Rd, DEXTER, MI 48130",3.608292845090153e+18,Air Permit to Install Documents,AQD - Air,Permit
2026-07-30,2026.0,GRAYLING GENERATING STATION LTD PTNR,NFORMDOC,nForm Document,https://mienviro.michigan.gov/ncore/downloadpdf/-8254710044704556405,N2388,MAJOR,4400 W FOUR MILE RD,GRAYLING,49738.0,CRAWFORD,GAYLORD,RADULSKIR,,,"4400 W FOUR MILE RD, GRAYLING, MI 49738",-8.254710044704557e+18,Form Submission Attachments,AQD - Air,Application/Request
2026-07-30,2026.0,"MICHIGAN SUGAR COMPANY, CROSWELL FACTORY",NFORMDOC,nForm Document,https://mienviro.michigan.gov/ncore/downloadpdf/4903441089240898979,B2876,MAJOR,159 S Howard Ave,CROSWELL,48422.0,SANILAC,BAY CITY,WITKOPPB,,,"159 S Howard Ave, CROSWELL, MI 48422",4.903441089240899e+18,Form Submission Attachments,AQD - Air,Application/Request
2026-07-30,2026.0,"THE DOW CHEMICAL COMPANY U.S.A., MIDLAND",NFORMDOC,nForm Document,https://mienviro.michigan.gov/ncore/downloadpdf/6064648895569818054,A4033,MEGASITE,1790 Building,MIDLAND,48674.0,MIDLAND,BAY CITY,BREWERK,,,"1790 Building, MIDLAND, MI 48674",6.064648895569818e+18,Form Submission Attachments,AQD - Air,Application/Request
2026-07-30,2026.0,EES COKE BATTERY L.L.C.,NFORMDOC,nForm Document,https://mienviro.michigan.gov/ncore/downloadpdf/-8035667360642472678,P0408,MEGASITE,1400 Zug Island Road,RIVER ROUGE,48209.0,WAYNE,DETROIT,KOSTERK1,,,"1400 Zug Island Road, RIVER ROUGE, MI 48209",-8.035667360642472e+18,Form Submission Attachments,AQD - Air,Application/Request
2026-07-30,2026.0,MARATHON PETROLEUM COMPANY LP,INTEREST,Interested Party Letter,https://mienviro.michigan.gov/ncore/downloadpdf/5610434890697988432,A9831,MEGASITE,1001 S Oakwood,DETROIT,48217.0,WAYNE,DETROIT,ACEVEDOJ1,,,"1001 S Oakwood, DETROIT, MI 48217",5.610434890697989e+18,Air Permit to Install Documents,AQD - Air,Permit
2026-07-30,2026.0,"MICHIGAN SUGAR COMPANY, CARO FACTORY",NFORMDOC,nForm Document,https://mienviro.michigan.gov/ncore/downloadpdf/5457909899417424594,B2875,MAJOR,819 Peninsular St.,CARO,48723.0,TUSCOLA,BAY CITY,SHAFFERA1,,,"819 Peninsular St., CARO, MI 48723",5.457909899417425e+18,Form Submission Attachments,AQD - Air,Application/Request
2026-07-30,2026.0,"BREMBO NORTH AMERICA, INC.",NFORMDOC,nForm Document,https://mienviro.michigan.gov/ncore/downloadpdf/-594680157805904753,N6226,MAJOR,29991 M 60 EAST,HOMER,49245.0,CALHOUN,KALAMAZOO,CHAPELA,,,"29991 M 60 EAST, HOMER, MI 49245",-5.946801578059048e+17,Form Submission Attachments,AQD - Air,Application/Request
2026-07-30,2026.0,HOLCIM (US) INC. DBA LAFARGE ALPENA PLANT,SUBMISSI,Submission PDF,https://mienviro.michigan.gov/ncore/downloadpdf/756886490691794741,B1477,MAJOR,1435  Ford Avenue,ALPENA,49707.0,ALPENA,CADILLAC,CHILDSK,,,"1435  Ford Avenue, ALPENA, MI 49707",7.568864906917947e+17,Form Submission Attachments,AQD - Air,Application/Request
2026-07-30,2026.0,DEARBORN INDUSTRIAL GENERATION,NFORMDOC,nForm Document,https://mienviro.michigan.gov/ncore/downloadpdf/6248702646007472858,N6631,MAJOR,2400 MILLER RD,DEARBORN,48121.0,WAYNE,DETROIT,LAMBJ1,,,"2400 MILLER RD, DEARBORN, MI 48121",6.248702646007473e+18,Form Submission Attachments,AQD - Air,Application/Request
2026-07-30,2026.0,INTERTAPE POLYMER GROUP,NFORMDOC,nForm Document,https://mienviro.michigan.gov/ncore/downloadpdf/-6639970007358568236,A6220,MAJOR,317   Kendall Avenue,MARYSVILLE,48040.0,SAINT CLAIR,WARREN,KONANAHALLII,,,"317   Kendall Avenue, MARYSVILLE, MI 48040",-6.639970007358568e+18,Form Submission Attachments,AQD - Air,Application/Request
2026-07-30,2026.0,THOMPSON RECYCLE CO,AIRPERMI,Air Permit to Install,https://mienviro.michigan.gov/ncore/downloadpdf/-8115283920162448689,N5408,MINOR,7061 Dexter Ann Arbor Rd,DEXTER,48130.0,WASHTENAW,JACKSON,KOVALCHICKM,,,"7061 Dexter Ann Arbor Rd, DEXTER, MI 48130",-8.115283920162448e+18,Air Permit to Install Documents,AQD - Air,Permit
2026-07-30,2026.0,GUARDIAN INDUSTRIES-CARLETON,NFORMDOC,nForm Document,https://mienviro.michigan.gov/ncore/downloadpdf/-7491836086341182220,B1877,MAJOR,14600  ROMINE RD,CARLETON,48117.0,MONROE,JACKSON,CARLEYB,,,"14600  ROMINE RD, CARLETON, MI 48117",-7.491836086341182e+18,Form Submission Attachments,AQD - Air,Application/Request
2026-07-30,2026.0,DOW SILICONES CORPORATION,NFORMDOC,nForm Document,https://mienviro.michigan.gov/ncore/downloadpdf/-7670615302270908812,A4043,MEGASITE,3901 S Saginaw Rd,MIDLAND,48686.0,MIDLAND,BAY CITY,MCCANNG2,,,"3901 S Saginaw Rd, MIDLAND, MI 48686",-7.670615302270908e+18,Form Submission Attachments,AQD - Air,Application/Request
2026-07-30,2026.0,LBWL - ECKERT STATION & REO TOWN PLANT,SUBMISSI,Submission PDF,https://mienviro.michigan.gov/ncore/downloadpdf/-2012496785103800101,B2647,MAJOR,1201 South Washington Avenue,LANSING,48910.0,INGHAM,LANSING,BRUNNERJ1,,,"1201 South Washington Avenue, LANSING, MI 48910",-2.0124967851038e+18,Form Submission Attachments,AQD - Air,Application/Request
2026-07-30,2026.0,KENDRICK PLASTICS,NFORMDOC,nForm Document,https://mienviro.michigan.gov/ncore/downloadpdf/7374436545945982093,N1786,SM OPT OUT,5050  Kendrick St SE,GRAND RAPIDS,49512.0,KENT,GRAND RAPIDS,LAZZAROA1,,,"5050  Kendrick St SE, GRAND RAPIDS, MI 49512",7.374436545945982e+18,Form Submission Attachments,AQD - Air,Application/Request
2026-07-30,2026.0,"BREMBO NORTH AMERICA, INC.",SUBMISSI,Submission PDF,https://mienviro.michigan.gov/ncore/downloadpdf/-4139640788514198187,N6226,MAJOR,29991 M 60 EAST,HOMER,49245.0,CALHOUN,KALAMAZOO,CHAPELA,,,"29991 M 60 EAST, HOMER, MI 49245",-4.139640788514199e+18,Form Submission Attachments,AQD - Air,Application/Request
2026-07-30,2026.0,GENESEE POWER STATION LIMITED PARTNERSHIP,NFORMDOC,nForm Document,https://mienviro.michigan.gov/ncore/downloadpdf/-3167500825034420817,N3570,MAJOR,G 5310 NORTH DORT HIGHWAY,FLINT,48505.0,GENESEE,LANSING,BRUNNERJ1,,,"G 5310 NORTH DORT HIGHWAY, FLINT, MI 48505",-3.1675008250344207e+18,Form Submission Attachments,AQD - Air,Application/Request
2026-07-29,2026.0,HOLLAND BOARD OF PUBLIC WORKS-HOLLAND ENERGY PARK,NFORMDOC,nForm Document,https://mienviro.michigan.gov/ncore/downloadpdf/-3983130760604927751,P0465,MAJOR,1 Energy Park Way,HOLLAND,49423.0,OTTAWA,GRAND RAPIDS,DEVRIESK1,,,"1 Energy Park Way, HOLLAND, MI 49423",-3.983130760604928e+18,Form Submission Attachments,AQD - Air,Application/Request
2026-07-29,2026.0,CLEVELAND-CLIFFS STEEL CORPORATION DEARBORN WORKS,NFORMDOC,nForm Document,https://mienviro.michigan.gov/ncore/downloadpdf/-8265258789245704605,A8640,MEGASITE,4001  MILLER ROAD,DEARBORN,48120.0,WAYNE,DETROIT,KOSTERK1,,,"4001  MILLER ROAD, DEARBORN, MI 48120",-8.265258789245704e+18,Form Submission Attachments,AQD - Air,Application/Request
2026-07-29,2026.0,UNITED STATES GYPSUM CO,SUBMISSI,Submission PDF,https://mienviro.michigan.gov/ncore/downloadpdf/4974997785092613060,B3518,MAJOR,10090 W JEFFERSON AVE,RIVER ROUGE,48218.0,WAYNE,DETROIT,LAMBJ1,,,"10090 W JEFFERSON AVE, RIVER ROUGE, MI 48218",4.974997785092613e+18,Form Submission Attachments,AQD - Air,Application/Request
2026-07-29,2026.0,DTE ELECTRIC COMPANY - DELRAY POWER PLANT,NFORMDOC,nForm Document,https://mienviro.michigan.gov/ncore/downloadpdf/-7395835257430020471,B2798,MAJOR,6603 WEST JEFFERSON AVENUE,DETROIT,48209.0,WAYNE,DETROIT,ACEVEDOJ1,,,"6603 WEST JEFFERSON AVENUE, DETROIT, MI 48209",-7.395835257430019e+18,Form Submission Attachments,AQD - Air,Application/Request
2026-07-29,2026.0,HOLLAND BOARD OF PUBLIC WORKS-HOLLAND ENERGY PARK,NFORMDOC,nForm Document,https://mienviro.michigan.gov/ncore/downloadpdf/7029172681915236062,P0465,MAJOR,1 Energy Park Way,HOLLAND,49423.0,OTTAWA,GRAND RAPIDS,DEVRIESK1,,,"1 Energy Park Way, HOLLAND, MI 49423",7.029172681915236e+18,Form Submission Attachments,AQD - Air,Application/Request
2026-07-29,2026.0,CONSUMERS ENERGY D.E. KARN FACILITY,NFORMDOC,nForm Document,https://mienviro.michigan.gov/ncore/downloadpdf/-6735738553430263285,B2840,MAJOR,2742 N. Weadock Hwy.,ESSEXVILLE,48732.0,BAY,BAY CITY,WITKOPPB,,,"2742 N. Weadock Hwy., ESSEXVILLE, MI 48732",-6.735738553430263e+18,Form Submission Attachments,AQD - Air,Application/Request
2026-07-29,2026.0,"HOLLAND BPW, 48TH STREET PEAKING STATION",NFORMDOC,nForm Document,https://mienviro.michigan.gov/ncore/downloadpdf/-3403658519751745114,N2586,MAJOR,491 E 48th St,HOLLAND,49423.0,ALLEGAN,KALAMAZOO,YAZZIEC,,,"491 E 48th St, HOLLAND, MI 49423",-3.403658519751745e+18,Form Submission Attachments,AQD - Air,Application/Request
2026-07-29,2026.0,MICHIGAN STATE UNIVERSITY,SUBMISSI,Submission PDF,https://mienviro.michigan.gov/ncore/downloadpdf/-1196964712030730226,K3249,MAJOR,426 Auditorium Rd.,EAST LANSING,48824.0,INGHAM,LANSING,MCGEEND,,,"426 Auditorium Rd., EAST LANSING, MI 48824",-1.1969647120307302e+18,Form Submission Attachments,AQD - Air,Application/Request
2026-07-29,2026.0,TILDEN MINING COMPANY  LC,SUBMISSI,Submission PDF,https://mienviro.michigan.gov/ncore/downloadpdf/-940228643674573962,B4885,MAJOR,1 TILDEN MINE ROAD,ISHPEMING,49849.0,MARQUETTE,MARQUETTE,CONKLINM1,,,"1 TILDEN MINE ROAD, ISHPEMING, MI 49849",-9.40228643674574e+17,Form Submission Attachments,AQD - Air,Application/Request
2026-07-29,2026.0,UNITED STATES GYPSUM CO,NFORMDOC,nForm Document,https://mienviro.michigan.gov/ncore/downloadpdf/-2181590200065144383,B3518,MAJOR,10090 W JEFFERSON AVE,RIVER ROUGE,48218.0,WAYNE,DETROIT,LAMBJ1,,,"10090 W JEFFERSON AVE, RIVER ROUGE, MI 48218",-2.1815902000651443e+18,Form Submission Attachments,AQD - Air,Application/Request
2026-07-29,2026.0,WASTE MANAGEMENT DETROIT TRANSFER STATION,AIRPERMI,Air Permit to Install,https://mienviro.michigan.gov/ncore/downloadpdf/8867179714435883493,N7685,MINOR,1550 HARPER AVE,DETROIT,48211.0,WAYNE,DETROIT,PINGAR,,,"1550 HARPER AVE, DETROIT, MI 48211",8.867179714435883e+18,Air Permit to Install Documents,AQD - Air,Permit
2026-07-29,2026.0,CONSUMERS ENERGY D.E. KARN FACILITY,NFORMDOC,nForm Document,https://mienviro.michigan.gov/ncore/downloadpdf/-527094632074313821,B2840,MAJOR,2742 N. Weadock Hwy.,ESSEXVILLE,48732.0,BAY,BAY CITY,WITKOPPB,,,"2742 N. Weadock Hwy., ESSEXVILLE, MI 48732",-5.270946320743137e+17,Form Submission Attachments,AQD - Air,Application/Request
2026-07-29,2026.0,"HOLLAND BPW, 48TH STREET PEAKING STATION",NFORMDOC,nForm Document,https://mienviro.michigan.gov/ncore/downloadpdf/-7779283499834403753,N2586,MAJOR,491 E 48th St,HOLLAND,49423.0,ALLEGAN,KALAMAZOO,YAZZIEC,,,"491 E 48th St, HOLLAND, MI 49423",-7.779283499834403e+18,Form Submission Attachments,AQD - Air,Application/Request
2026-07-29,2026.0,DTE ELECTRIC COMPANY - RENAISSANCE POWER PLANT,SUBMISSI,Submission PDF,https://mienviro.michigan.gov/ncore/downloadpdf/7070391741067045428,N6873,MAJOR,950 N. Division Street,CARSON CITY,48811.0,MONTCALM,GRAND RAPIDS,DEVRIESK1,,,"950 N. Division Street, CARSON CITY, MI 48811",7.070391741067045e+18,Form Submission Attachments,AQD - Air,Application/Request
2026-07-29,2026.0,CMS GENERATION KALAMAZOO RIVER GENERATING STATION,NFORMDOC,nForm Document,https://mienviro.michigan.gov/ncore/downloadpdf/-4096708727562288560,N6731,MAJOR,6900 EAST MICHIGAN AVENUE,COMSTOCK TWP,49093.0,KALAMAZOO,KALAMAZOO,BROTHERSM,,,"6900 EAST MICHIGAN AVENUE, COMSTOCK TWP, MI 49093",-4.0967087275622886e+18,Form Submission Attachments,AQD - Air,Application/Request
2026-07-29,2026.0,"MORTON SALT, INC.",NFORMDOC,nForm Document,https://mienviro.michigan.gov/ncore/downloadpdf/-5120274942704553786,B1824,MAJOR,180  6th Street,MANISTEE,49660.0,MANISTEE,CADILLAC,DICKMANR,,,"180  6th Street, MANISTEE, MI 49660",-5.120274942704554e+18,Form Submission Attachments,AQD - Air,Application/Request
2026-07-29,2026.0,COBRA - STATE MARION & RIVERSIDE 14-36,AIRPERMI,Air Permit to Install,https://mienviro.michigan.gov/ncore/downloadpdf/8825954315027193463,P0562,MINOR,"SW 1/4 of NE/4, Section 36, T21N R7W",MCBAIN,48770.0,MISSAUKEE,CADILLAC,CHILDSK,,,"SW 1/4 of NE/4, Section 36, T21N R7W, MCBAIN, MI 48770",8.825954315027194e+18,Air Permit to Install Documents,AQD - Air,Permit
2026-07-29,2026.0,PREGIS,NFORMDOC,nForm Document,https://mienviro.michigan.gov/ncore/downloadpdf/-9057305494301446603,N6944,MAJOR,2700 Wills Street,MARYSVILLE,48040.0,SAINT CLAIR,WARREN,LEFFERTK,,,"2700 Wills Street, MARYSVILLE, MI 48040",-9.057305494301446e+18,Form Submission Attachments,AQD - Air,Application/Request
2026-07-29,2026.0,"MORTON SALT, INC.",NFORMDOC,nForm Document,https://mienviro.michigan.gov/ncore/downloadpdf/4724280531655617179,B1824,MAJOR,180  6th Street,MANISTEE,49660.0,MANISTEE,CADILLAC,DICKMANR,,,"180  6th Street, MANISTEE, MI 49660",4.724280531655617e+18,Form Submission Attachments,AQD - Air,Application/Request
2026-07-29,2026.0,TOYOTA MOTOR NORTH AMERICA R&D,SUBMISSI,Submission PDF,https://mienviro.michigan.gov/ncore/downloadpdf/-8122416342359438380,N2915,MAJOR,1555 WOODRIDGE,ANN ARBOR,48105.0,WASHTENAW,JACKSON,KAVANAUGHD,,,"1555 WOODRIDGE, ANN ARBOR, MI 48105",-8.122416342359438e+18,Form Submission Attachments,AQD - Air,Application/Request
2026-07-29,2026.0,CONSUMERS ENERGY D.E. KARN FACILITY,SUBMISSI,Submission PDF,https://mienviro.michigan.gov/ncore/downloadpdf/-1302080916983550053,B2840,MAJOR,2742 N. Weadock Hwy.,ESSEXVILLE,48732.0,BAY,BAY CITY,WITKOPPB,,,"2742 N. Weadock Hwy., ESSEXVILLE, MI 48732",-1.30208091698355e+18,Form Submission Attachments,AQD - Air,Application/Request
2026-07-29,2026.0,PREGIS,NFORMDOC,nForm Document,https://mienviro.michigan.gov/ncore/downloadpdf/-7010665141233865403,N6944,MAJOR,2700 Wills Street,MARYSVILLE,48040.0,SAINT CLAIR,WARREN,LEFFERTK,,,"2700 Wills Street, MARYSVILLE, MI 48040",-7.010665141233866e+18,Form Submission Attachments,AQD - Air,Application/Request
2026-07-29,2026.0,MIDLAND COGENERATION VENTURE,SUBMISSI,Submission PDF,https://mienviro.michigan.gov/ncore/downloadpdf/-3944145401645577347,B6527,MAJOR,100 E. Progress Place,MIDLAND,48640.0,MIDLAND,BAY CITY,WITKOPPB,,,"100 E. Progress Place, MIDLAND, MI 48640",-3.9441454016455767e+18,Form Submission Attachments,AQD - Air,Application/Request
2026-07-29,2026.0,TOYOTA MOTOR NORTH AMERICA R&D,NFORMDOC,nForm Document,https://mienviro.michigan.gov/ncore/downloadpdf/-6989124949539168543,N2915,MAJOR,1555 WOODRIDGE,ANN ARBOR,48105.0,WASHTENAW,JACKSON,KAVANAUGHD,,,"1555 WOODRIDGE, ANN ARBOR, MI 48105",-6.989124949539169e+18,Form Submission Attachments,AQD - Air,Application/Request
2026-07-29,2026.0,BERNE FOUNDRY LLC,12919B,129-19B,https://mienviro.michigan.gov/ncore/downloadpdf/5386238048828411950,A1453,MINOR,7190 BERNE RD,PIGEON,48755.0,HURON,BAY CITY,SHAFFERA1,,,"7190 BERNE RD, PIGEON, MI 48755",5.386238048828412e+18,Air Permit to Install Documents,AQD - Air,Permit
2026-07-29,2026.0,UNITED STATES GYPSUM CO,NFORMDOC,nForm Document,https://mienviro.michigan.gov/ncore/downloadpdf/-3706890873719979900,B3518,MAJOR,10090 W JEFFERSON AVE,RIVER ROUGE,48218.0,WAYNE,DETROIT,LAMBJ1,,,"10090 W JEFFERSON AVE, RIVER ROUGE, MI 48218",-3.70689087371998e+18,Form Submission Attachments,AQD - Air,Application/Request
2026-07-29,2026.0,DTE ELECTRIC COMPANY - DELRAY POWER PLANT,NFORMDOC,nForm Document,https://mienviro.michigan.gov/ncore/downloadpdf/5679204375473369245,B2798,MAJOR,6603 WEST JEFFERSON AVENUE,DETROIT,48209.0,WAYNE,DETROIT,ACEVEDOJ1,,,"6603 WEST JEFFERSON AVENUE, DETROIT, MI 48209",5.679204375473369e+18,Form Submission Attachments,AQD - Air,Application/Request
2026-07-29,2026.0,CLEVELAND-CLIFFS STEEL CORPORATION DEARBORN WORKS,NFORMDOC,nForm Document,https://mienviro.michigan.gov/ncore/downloadpdf/-7699640908098990953,A8640,MEGASITE,4001  MILLER ROAD,DEARBORN,48120.0,WAYNE,DETROIT,KOSTERK1,,,"4001  MILLER ROAD, DEARBORN, MI 48120",-7.699640908098992e+18,Form Submission Attachments,AQD - Air,Application/Request
2026-07-29,2026.0,CONSUMERS ENERGY D.E. KARN FACILITY,NFORMDOC,nForm Document,https://mienviro.michigan.gov/ncore/downloadpdf/-5776144611441751990,B2840,MAJOR,2742 N. Weadock Hwy.,ESSEXVILLE,48732.0,BAY,BAY CITY,WITKOPPB,,,"2742 N. Weadock Hwy., ESSEXVILLE, MI 48732",-5.776144611441752e+18,Form Submission Attachments,AQD - Air,Application/Request
2026-07-29,2026.0,DTE ELECTRIC COMPANY - RENAISSANCE POWER PLANT,NFORMDOC,nForm Document,https://mienviro.michigan.gov/ncore/downloadpdf/-1596735883826975130,N6873,MAJOR,950 N. Division Street,CARSON CITY,48811.0,MONTCALM,GRAND RAPIDS,DEVRIESK1,,,"950 N. Division Street, CARSON CITY, MI 48811",-1.5967358838269752e+18,Form Submission Attachments,AQD - Air,Application/Request
2026-07-29,2026.0,"NEW COVERT GENERATING COMPANY, LLC",NFORMDOC,nForm Document,https://mienviro.michigan.gov/ncore/downloadpdf/3084765965098590248,N6767,MAJOR,26000 77th Street,COVERT,49043.0,VAN BUREN,KALAMAZOO,BENAWAYR,,,"26000 77th Street, COVERT, MI 49043",3.08476596509859e+18,Form Submission Attachments,AQD - Air,Application/Request
2026-07-29,2026.0,"HOLLAND BPW, 48TH STREET PEAKING STATION",NFORMDOC,nForm Document,https://mienviro.michigan.gov/ncore/downloadpdf/-5400277021632521387,N2586,MAJOR,491 E 48th St,HOLLAND,49423.0,ALLEGAN,KALAMAZOO,YAZZIEC,,,"491 E 48th St, HOLLAND, MI 49423",-5.400277021632521e+18,Form Submission Attachments,AQD - Air,Application/Request
2026-07-29,2026.0,"HOLLAND BPW, 48TH STREET PEAKING STATION",NFORMDOC,nForm Document,https://mienviro.michigan.gov/ncore/downloadpdf/-3203637413373888701,N2586,MAJOR,491 E 48th St,HOLLAND,49423.0,ALLEGAN,KALAMAZOO,YAZZIEC,,,"491 E 48th St, HOLLAND, MI 49423",-3.203637413373889e+18,Form Submission Attachments,AQD - Air,Application/Request
2026-07-29,2026.0,"HOLLAND BPW, 48TH STREET PEAKING STATION",SUBMISSI,Submission PDF,https://mienviro.michigan.gov/ncore/downloadpdf/-2976137597601840242,N2586,MAJOR,491 E 48th St,HOLLAND,49423.0,ALLEGAN,KALAMAZOO,YAZZIEC,,,"491 E 48th St, HOLLAND, MI 49423",-2.97613759760184e+18,Form Submission Attachments,AQD - Air,Application/Request
2026-07-29,2026.0,HOLLAND BOARD OF PUBLIC WORKS-HOLLAND ENERGY PARK,NFORMDOC,nForm Document,https://mienviro.michigan.gov/ncore/downloadpdf/7583273488783147830,P0465,MAJOR,1 Energy Park Way,HOLLAND,49423.0,OTTAWA,GRAND RAPIDS,DEVRIESK1,,,"1 Energy Park Way, HOLLAND, MI 49423",7.583273488783149e+18,Form Submission Attachments,AQD - Air,Application/Request
2026-07-29,2026.0,HOLLAND BOARD OF PUBLIC WORKS-HOLLAND ENERGY PARK,NFORMDOC,nForm Document,https://mienviro.michigan.gov/ncore/downloadpdf/1345953124880134959,P0465,MAJOR,1 Energy Park Way,HOLLAND,49423.0,OTTAWA,GRAND RAPIDS,DEVRIESK1,,,"1 Energy Park Way, HOLLAND, MI 49423",1.345953124880135e+18,Form Submission Attachments,AQD - Air,Application/Request
2026-07-29,2026.0,DTE ELECTRIC COMPANY - RENAISSANCE POWER PLANT,NFORMDOC,nForm Document,https://mienviro.michigan.gov/ncore/downloadpdf/-3990488895867892227,N6873,MAJOR,950 N. Division Street,CARSON CITY,48811.0,MONTCALM,GRAND RAPIDS,DEVRIESK1,,,"950 N. Division Street, CARSON CITY, MI 48811",-3.990488895867892e+18,Form Submission Attachments,AQD - Air,Application/Request
2026-07-29,2026.0,CLEVELAND-CLIFFS STEEL CORPORATION DEARBORN WORKS,NFORMDOC,nForm Document,https://mienviro.michigan.gov/ncore/downloadpdf/647664137912394915,A8640,MEGASITE,4001  MILLER ROAD,DEARBORN,48120.0,WAYNE,DETROIT,KOSTERK1,,,"4001  MILLER ROAD, DEARBORN, MI 48120",6.476641379123949e+17,Form Submission Attachments,AQD - Air,Application/Request
2026-07-29,2026.0,"ARBOR HILLS LANDFILL, INC.",NFORMDOC,nForm Document,https://mienviro.michigan.gov/ncore/downloadpdf/7019107004864033373,N2688,MAJOR,10690 W. SIX MILE RD,NORTHVILLE,48168.0,WASHTENAW,JACKSON,KAVANAUGHD,,,"10690 W. SIX MILE RD, NORTHVILLE, MI 48168",7.019107004864033e+18,Form Submission Attachments,AQD - Air,Application/Request
2026-07-29,2026.0,HOLLAND BOARD OF PUBLIC WORKS-HOLLAND ENERGY PARK,NFORMDOC,nForm Document,https://mienviro.michigan.gov/ncore/downloadpdf/7856817618902128714,P0465,MAJOR,1 Energy Park Way,HOLLAND,49423.0,OTTAWA,GRAND RAPIDS,DEVRIESK1,,,"1 Energy Park Way, HOLLAND, MI 49423",7.856817618902128e+18,Form Submission Attachments,AQD - Air,Application/Request
2026-07-29,2026.0,"MORTON SALT, INC.",SUBMISSI,Submission PDF,https://mienviro.michigan.gov/ncore/downloadpdf/-5594741799221129287,B1824,MAJOR,180  6th Street,MANISTEE,49660.0,MANISTEE,CADILLAC,DICKMANR,,,"180  6th Street, MANISTEE, MI 49660",-5.594741799221129e+18,Form Submission Attachments,AQD - Air,Application/Request
2026-07-29,2026.0,COBRA - STATE MARION & RIVERSIDE 14-36,AIRPERMI,Air Permit to Install,https://mienviro.michigan.gov/ncore/downloadpdf/3590879344303806282,P0562,MINOR,"SW 1/4 of NE/4, Section 36, T21N R7W",MCBAIN,48770.0,MISSAUKEE,CADILLAC,CHILDSK,,,"SW 1/4 of NE/4, Section 36, T21N R7W, MCBAIN, MI 48770",3.5908793443038065e+18,Air Permit to Install Documents,AQD - Air,Permit
2026-07-29,2026.0,TILDEN MINING COMPANY  LC,NFORMDOC,nForm Document,https://mienviro.michigan.gov/ncore/downloadpdf/-6139762953054901620,B4885,MAJOR,1 TILDEN MINE ROAD,ISHPEMING,49849.0,MARQUETTE,MARQUETTE,CONKLINM1,,,"1 TILDEN MINE ROAD, ISHPEMING, MI 49849",-6.139762953054901e+18,Form Submission Attachments,AQD - Air,Application/Request
2026-07-29,2026.0,"NEW COVERT GENERATING COMPANY, LLC",SUBMISSI,Submission PDF,https://mienviro.michigan.gov/ncore/downloadpdf/-6533886084569234862,N6767,MAJOR,26000 77th Street,COVERT,49043.0,VAN BUREN,KALAMAZOO,BENAWAYR,,,"26000 77th Street, COVERT, MI 49043",-6.533886084569234e+18,Form Submission Attachments,AQD - Air,Application/Request
2026-07-29,2026.0,"MORTON SALT, INC.",NFORMDOC,nForm Document,https://mienviro.michigan.gov/ncore/downloadpdf/-4960305221840382972,B1824,MAJOR,180  6th Street,MANISTEE,49660.0,MANISTEE,CADILLAC,DICKMANR,,,"180  6th Street, MANISTEE, MI 49660",-4.960305221840383e+18,Form Submission Attachments,AQD - Air,Application/Request
2026-07-29,2026.0,MIDLAND COGENERATION VENTURE,NFORMDOC,nForm Document,https://mienviro.michigan.gov/ncore/downloadpdf/-5674570906630910385,B6527,MAJOR,100 E. Progress Place,MIDLAND,48640.0,MIDLAND,BAY CITY,WITKOPPB,,,"100 E. Progress Place, MIDLAND, MI 48640",-5.67457090663091e+18,Form Submission Attachments,AQD - Air,Application/Request
2026-07-29,2026.0,WASTE MANAGEMENT DETROIT TRANSFER STATION,AIRPERMI,Air Permit to Install,https://mienviro.michigan.gov/ncore/downloadpdf/2363975250528879751,N7685,MINOR,1550 HARPER AVE,DETROIT,48211.0,WAYNE,DETROIT,PINGAR,,,"1550 HARPER AVE, DETROIT, MI 48211",2.36397525052888e+18,Air Permit to Install Documents,AQD - Air,Permit
2026-07-29,2026.0,MARATHON PETROLEUM COMPANY LP,NFORMDOC,nForm Document,https://mienviro.michigan.gov/ncore/downloadpdf/-1553671237625393970,A9831,MEGASITE,1001 S Oakwood,DETROIT,48217.0,WAYNE,DETROIT,ACEVEDOJ1,,,"1001 S Oakwood, DETROIT, MI 48217",-1.553671237625394e+18,Form Submission Attachments,AQD - Air,Application/Request
2026-07-29,2026.0,CONSUMERS ENERGY D.E. KARN FACILITY,SUBMISSI,Submission PDF,https://mienviro.michigan.gov/ncore/downloadpdf/1703997007317621569,B2840,MAJOR,2742 N. Weadock Hwy.,ESSEXVILLE,48732.0,BAY,BAY CITY,WITKOPPB,,,"2742 N. Weadock Hwy., ESSEXVILLE, MI 48732",1.7039970073176215e+18,Form Submission Attachments,AQD - Air,Application/Request
2026-07-29,2026.0,TILDEN MINING COMPANY  LC,SUBMISSI,Submission PDF,https://mienviro.michigan.gov/ncore/downloadpdf/-5888125221845005221,B4885,MAJOR,1 TILDEN MINE ROAD,ISHPEMING,49849.0,MARQUETTE,MARQUETTE,CONKLINM1,,,"1 TILDEN MINE ROAD, ISHPEMING, MI 49849",-5.888125221845004e+18,Form Submission Attachments,AQD - Air,Application/Request
2026-07-29,2026.0,MICHIGAN SUGAR COMPANY  -  SEBEWAING FACTORY,SCHEDULE,Schedule - Air Quality Test Report Submittal,https://mienviro.michigan.gov/ncore/downloadpdf/8191910276294018656,B2873,MAJOR,763 N Beck St,SEBEWAING,48759.0,HURON,BAY CITY,WITKOPPB,,,"763 N Beck St, SEBEWAING, MI 48759",8.191910276294018e+18,Air Schedule Documents,AQD - Air,Application/Request
2026-07-29,2026.0,NORTHERN HARDWOODS,SUBMISSI,Submission PDF,https://mienviro.michigan.gov/ncore/downloadpdf/7980553166898847317,B1631,MINOR,HIGHWAY M-26,SOUTH RANGE,49963.0,HOUGHTON,MARQUETTE,SCANLANJ,,,"HIGHWAY M-26, SOUTH RANGE, MI 49963",7.980553166898847e+18,Form Submission Attachments,AQD - Air,Application/Request
2026-07-29,2026.0,"ARBOR HILLS LANDFILL, INC.",SUBMISSI,Submission PDF,https://mienviro.michigan.gov/ncore/downloadpdf/-8858588425977972121,N2688,MAJOR,10690 W. SIX MILE RD,NORTHVILLE,48168.0,WASHTENAW,JACKSON,KAVANAUGHD,,,"10690 W. SIX MILE RD, NORTHVILLE, MI 48168",-8.858588425977971e+18,Form Submission Attachments,AQD - Air,Application/Request
2026-07-29,2026.0,TILDEN MINING COMPANY  LC,NFORMDOC,nForm Document,https://mienviro.michigan.gov/ncore/downloadpdf/-4565364856166609972,B4885,MAJOR,1 TILDEN MINE ROAD,ISHPEMING,49849.0,MARQUETTE,MARQUETTE,CONKLINM1,,,"1 TILDEN MINE ROAD, ISHPEMING, MI 49849",-4.5653648561666094e+18,Form Submission Attachments,AQD - Air,Application/Request
2026-07-29,2026.0,HOLLAND BOARD OF PUBLIC WORKS-HOLLAND ENERGY PARK,NFORMDOC,nForm Document,https://mienviro.michigan.gov/ncore/downloadpdf/3225253877164250023,P0465,MAJOR,1 Energy Park Way,HOLLAND,49423.0,OTTAWA,GRAND RAPIDS,DEVRIESK1,,,"1 Energy Park Way, HOLLAND, MI 49423",3.22525387716425e+18,Form Submission Attachments,AQD - Air,Application/Request
2026-07-29,2026.0,HOLLAND BOARD OF PUBLIC WORKS-HOLLAND ENERGY PARK,NFORMDOC,nForm Document,https://mienviro.michigan.gov/ncore/downloadpdf/8165279206872175654,P0465,MAJOR,1 Energy Park Way,HOLLAND,49423.0,OTTAWA,GRAND RAPIDS,DEVRIESK1,,,"1 Energy Park Way, HOLLAND, MI 49423",8.165279206872175e+18,Form Submission Attachments,AQD - Air,Application/Request
2026-07-29,2026.0,"NEW COVERT GENERATING COMPANY, LLC",NFORMDOC,nForm Document,https://mienviro.michigan.gov/ncore/downloadpdf/5730368343754513068,N6767,MAJOR,26000 77th Street,COVERT,49043.0,VAN BUREN,KALAMAZOO,BENAWAYR,,,"26000 77th Street, COVERT, MI 49043",5.730368343754512e+18,Form Submission Attachments,AQD - Air,Application/Request
2026-07-29,2026.0,MARATHON PETROLEUM COMPANY LP,SUBMISSI,Submission PDF,https://mienviro.michigan.gov/ncore/downloadpdf/89917679009041874,A9831,MEGASITE,1001 S Oakwood,DETROIT,48217.0,WAYNE,DETROIT,ACEVEDOJ1,,,"1001 S Oakwood, DETROIT, MI 48217",8.991767900904187e+16,Form Submission Attachments,AQD - Air,Application/Request
2026-07-29,2026.0,CONSUMERS ENERGY D.E. KARN FACILITY,NFORMDOC,nForm Document,https://mienviro.michigan.gov/ncore/downloadpdf/-9221947719313408717,B2840,MAJOR,2742 N. Weadock Hwy.,ESSEXVILLE,48732.0,BAY,BAY CITY,WITKOPPB,,,"2742 N. Weadock Hwy., ESSEXVILLE, MI 48732",-9.221947719313408e+18,Form Submission Attachments,AQD - Air,Application/Request
2026-07-29,2026.0,CLEVELAND-CLIFFS STEEL CORPORATION DEARBORN WORKS,SUBMISSI,Submission PDF,https://mienviro.michigan.gov/ncore/downloadpdf/-893222493190883073,A8640,MEGASITE,4001  MILLER ROAD,DEARBORN,48120.0,WAYNE,DETROIT,KOSTERK1,,,"4001  MILLER ROAD, DEARBORN, MI 48120",-8.932224931908831e+17,Form Submission Attachments,AQD - Air,Application/Request
2026-07-29,2026.0,BERNE FOUNDRY LLC,12919A,129-19A,https://mienviro.michigan.gov/ncore/downloadpdf/9129415791105651704,A1453,MINOR,7190 BERNE RD,PIGEON,48755.0,HURON,BAY CITY,SHAFFERA1,,,"7190 BERNE RD, PIGEON, MI 48755",9.129415791105652e+18,Air Permit to Install Documents,AQD - Air,Permit
2026-07-29,2026.0,DTE ELECTRIC COMPANY - DELRAY POWER PLANT,SUBMISSI,Submission PDF,https://mienviro.michigan.gov/ncore/downloadpdf/-8874701725575323232,B2798,MAJOR,6603 WEST JEFFERSON AVENUE,DETROIT,48209.0,WAYNE,DETROIT,ACEVEDOJ1,,,"6603 WEST JEFFERSON AVENUE, DETROIT, MI 48209",-8.874701725575324e+18,Form Submission Attachments,AQD - Air,Application/Request
2026-07-29,2026.0,BERNE FOUNDRY LLC,AIRPERMI,Air Permit to Install,https://mienviro.michigan.gov/ncore/downloadpdf/-1727186596834832929,A1453,MINOR,7190 BERNE RD,PIGEON,48755.0,HURON,BAY CITY,SHAFFERA1,,,"7190 BERNE RD, PIGEON, MI 48755",-1.727186596834833e+18,Air Permit to Install Documents,AQD - Air,Permit
2026-07-29,2026.0,HOLLAND BOARD OF PUBLIC WORKS-HOLLAND ENERGY PARK,NFORMDOC,nForm Document,https://mienviro.michigan.gov/ncore/downloadpdf/5243727739919544385,P0465,MAJOR,1 Energy Park Way,HOLLAND,49423.0,OTTAWA,GRAND RAPIDS,DEVRIESK1,,,"1 Energy Park Way, HOLLAND, MI 49423",5.243727739919544e+18,Form Submission Attachments,AQD - Air,Application/Request
2026-07-29,2026.0,CLEVELAND-CLIFFS STEEL CORPORATION DEARBORN WORKS,NFORMDOC,nForm Document,https://mienviro.michigan.gov/ncore/downloadpdf/2975629649894259026,A8640,MEGASITE,4001  MILLER ROAD,DEARBORN,48120.0,WAYNE,DETROIT,KOSTERK1,,,"4001  MILLER ROAD, DEARBORN, MI 48120",2.975629649894259e+18,Form Submission Attachments,AQD - Air,Application/Request
2026-07-29,2026.0,HOLLAND BOARD OF PUBLIC WORKS-HOLLAND ENERGY PARK,NFORMDOC,nForm Document,https://mienviro.michigan.gov/ncore/downloadpdf/-8959632716459269675,P0465,MAJOR,1 Energy Park Way,HOLLAND,49423.0,OTTAWA,GRAND RAPIDS,DEVRIESK1,,,"1 Energy Park Way, HOLLAND, MI 49423",-8.959632716459269e+18,Form Submission Attachments,AQD - Air,Application/Request
2026-07-29,2026.0,PREGIS,SUBMISSI,Submission PDF,https://mienviro.michigan.gov/ncore/downloadpdf/2658294109834722305,N6944,MAJOR,2700 Wills Street,MARYSVILLE,48040.0,SAINT CLAIR,WARREN,LEFFERTK,,,"2700 Wills Street, MARYSVILLE, MI 48040",2.6582941098347223e+18,Form Submission Attachments,AQD - Air,Application/Request
2026-07-29,2026.0,"HOLLAND BPW, 48TH STREET PEAKING STATION",NFORMDOC,nForm Document,https://mienviro.michigan.gov/ncore/downloadpdf/-1498023833709483848,N2586,MAJOR,491 E 48th St,HOLLAND,49423.0,ALLEGAN,KALAMAZOO,YAZZIEC,,,"491 E 48th St, HOLLAND, MI 49423",-1.4980238337094838e+18,Form Submission Attachments,AQD - Air,Application/Request
2026-07-29,2026.0,PREGIS,NFORMDOC,nForm Document,https://mienviro.michigan.gov/ncore/downloadpdf/-8591216166899354013,N6944,MAJOR,2700 Wills Street,MARYSVILLE,48040.0,SAINT CLAIR,WARREN,LEFFERTK,,,"2700 Wills Street, MARYSVILLE, MI 48040",-8.591216166899354e+18,Form Submission Attachments,AQD - Air,Application/Request
2026-07-29,2026.0,HOLLAND BOARD OF PUBLIC WORKS-HOLLAND ENERGY PARK,SUBMISSI,Submission PDF,https://mienviro.michigan.gov/ncore/downloadpdf/-3438081408687024820,P0465,MAJOR,1 Energy Park Way,HOLLAND,49423.0,OTTAWA,GRAND RAPIDS,DEVRIESK1,,,"1 Energy Park Way, HOLLAND, MI 49423",-3.4380814086870246e+18,Form Submission Attachments,AQD - Air,Application/Request
2026-07-29,2026.0,MARATHON PETROLEUM COMPANY LP,NFORMDOC,nForm Document,https://mienviro.michigan.gov/ncore/downloadpdf/1695144254599116861,A9831,MEGASITE,1001 S Oakwood,DETROIT,48217.0,WAYNE,DETROIT,ACEVEDOJ1,,,"1001 S Oakwood, DETROIT, MI 48217",1.6951442545991168e+18,Form Submission Attachments,AQD - Air,Application/Request
2026-07-29,2026.0,CMS GENERATION KALAMAZOO RIVER GENERATING STATION,SUBMISSI,Submission PDF,https://mienviro.michigan.gov/ncore/downloadpdf/3996715663963671928,N6731,MAJOR,6900 EAST MICHIGAN AVENUE,COMSTOCK TWP,49093.0,KALAMAZOO,KALAMAZOO,BROTHERSM,,,"6900 EAST MICHIGAN AVENUE, COMSTOCK TWP, MI 49093",3.996715663963672e+18,Form Submission Attachments,AQD - Air,Application/Request
2026-07-29,2026.0,"HOLLAND BPW, 48TH STREET PEAKING STATION",NFORMDOC,nForm Document,https://mienviro.michigan.gov/ncore/downloadpdf/3516758335528798480,N2586,MAJOR,491 E 48th St,HOLLAND,49423.0,ALLEGAN,KALAMAZOO,YAZZIEC,,,"491 E 48th St, HOLLAND, MI 49423",3.516758335528798e+18,Form Submission Attachments,AQD - Air,Application/Request
2026-07-29,2026.0,MIDLAND COGENERATION VENTURE,NFORMDOC,nForm Document,https://mienviro.michigan.gov/ncore/downloadpdf/-4403226665149163110,B6527,MAJOR,100 E. Progress Place,MIDLAND,48640.0,MIDLAND,BAY CITY,WITKOPPB,,,"100 E. Progress Place, MIDLAND, MI 48640",-4.403226665149163e+18,Form Submission Attachments,AQD - Air,Application/Request
2026-07-29,2026.0,HOLLAND BOARD OF PUBLIC WORKS-HOLLAND ENERGY PARK,NFORMDOC,nForm Document,https://mienviro.michigan.gov/ncore/downloadpdf/3283161986255009336,P0465,MAJOR,1 Energy Park Way,HOLLAND,49423.0,OTTAWA,GRAND RAPIDS,DEVRIESK1,,,"1 Energy Park Way, HOLLAND, MI 49423",3.2831619862550093e+18,Form Submission Attachments,AQD - Air,Application/Request
2026-07-29,2026.0,TILDEN MINING COMPANY  LC,NFORMDOC,nForm Document,https://mienviro.michigan.gov/ncore/downloadpdf/-7310597350696275966,B4885,MAJOR,1 TILDEN MINE ROAD,ISHPEMING,49849.0,MARQUETTE,MARQUETTE,CONKLINM1,,,"1 TILDEN MINE ROAD, ISHPEMING, MI 49849",-7.310597350696277e+18,Form Submission Attachments,AQD - Air,Application/Request
2026-07-29,2026.0,MARATHON PETROLEUM COMPANY LP,SUBMISSI,Submission PDF,https://mienviro.michigan.gov/ncore/downloadpdf/2503049900577117026,A9831,MEGASITE,1001 S Oakwood,DETROIT,48217.0,WAYNE,DETROIT,ACEVEDOJ1,,,"1001 S Oakwood, DETROIT, MI 48217",2.5030499005771167e+18,Form Submission Attachments,AQD - Air,Application/Request
2026-07-29,2026.0,TILDEN MINING COMPANY  LC,NFORMDOC,nForm Document,https://mienviro.michigan.gov/ncore/downloadpdf/9097106789346524666,B4885,MAJOR,1 TILDEN MINE ROAD,ISHPEMING,49849.0,MARQUETTE,MARQUETTE,CONKLINM1,,,"1 TILDEN MINE ROAD, ISHPEMING, MI 49849",9.097106789346524e+18,Form Submission Attachments,AQD - Air,Application/Request
2026-07-29,2026.0,HOLLAND BOARD OF PUBLIC WORKS-HOLLAND ENERGY PARK,NFORMDOC,nForm Document,https://mienviro.michigan.gov/ncore/downloadpdf/-544522822907849984,P0465,MAJOR,1 Energy Park Way,HOLLAND,49423.0,OTTAWA,GRAND RAPIDS,DEVRIESK1,,,"1 Energy Park Way, HOLLAND, MI 49423",-5.4452282290785e+17,Form Submission Attachments,AQD - Air,Application/Request
2026-07-29,2026.0,MICHIGAN STATE UNIVERSITY,NFORMDOC,nForm Document,https://mienviro.michigan.gov/ncore/downloadpdf/6440209589338529215,K3249,MAJOR,426 Auditorium Rd.,EAST LANSING,48824.0,INGHAM,LANSING,MCGEEND,,,"426 Auditorium Rd., EAST LANSING, MI 48824",6.440209589338529e+18,Form Submission Attachments,AQD - Air,Application/Request
2026-07-29,2026.0,HOLLAND BOARD OF PUBLIC WORKS-HOLLAND ENERGY PARK,NFORMDOC,nForm Document,https://mienviro.michigan.gov/ncore/downloadpdf/5845659387492539644,P0465,MAJOR,1 Energy Park Way,HOLLAND,49423.0,OTTAWA,GRAND RAPIDS,DEVRIESK1,,,"1 Energy Park Way, HOLLAND, MI 49423",5.84565938749254e+18,Form Submission Attachments,AQD - Air,Application/Request
2026-07-29,2026.0,TILDEN MINING COMPANY  LC,NFORMDOC,nForm Document,https://mienviro.michigan.gov/ncore/downloadpdf/-2458447664363993561,B4885,MAJOR,1 TILDEN MINE ROAD,ISHPEMING,49849.0,MARQUETTE,MARQUETTE,CONKLINM1,,,"1 TILDEN MINE ROAD, ISHPEMING, MI 49849",-2.458447664363993e+18,Form Submission Attachments,AQD - Air,Application/Request
2026-07-29,2026.0,MICHIGAN STATE UNIVERSITY,NFORMDOC,nForm Document,https://mienviro.michigan.gov/ncore/downloadpdf/-5419019674497471238,K3249,MAJOR,426 Auditorium Rd.,EAST LANSING,48824.0,INGHAM,LANSING,MCGEEND,,,"426 Auditorium Rd., EAST LANSING, MI 48824",-5.419019674497471e+18,Form Submission Attachments,AQD - Air,Application/Request
2026-07-29,2026.0,MARATHON PETROLEUM COMPANY LP,NFORMDOC,nForm Document,https://mienviro.michigan.gov/ncore/downloadpdf/-8405372439357538896,A9831,MEGASITE,1001 S Oakwood,DETROIT,48217.0,WAYNE,DETROIT,ACEVEDOJ1,,,"1001 S Oakwood, DETROIT, MI 48217",-8.405372439357539e+18,Form Submission Attachments,AQD - Air,Application/Request
2026-07-29,2026.0,HOLLAND BOARD OF PUBLIC WORKS-HOLLAND ENERGY PARK,NFORMDOC,nForm Document,https://mienviro.michigan.gov/ncore/downloadpdf/8263090343376951382,P0465,MAJOR,1 Energy Park Way,HOLLAND,49423.0,OTTAWA,GRAND RAPIDS,DEVRIESK1,,,"1 Energy Park Way, HOLLAND, MI 49423",8.26309034337695e+18,Form Submission Attachments,AQD - Air,Application/Request
2026-07-28,2026.0,TES FILER CITY STATION,SUBMISSI,Submission PDF,https://mienviro.michigan.gov/ncore/downloadpdf/-3328196221227347228,N1685,MAJOR,700  Mee Street,FILER CITY,49634.0,MANISTEE,CADILLAC,OWENSC1,,,"700  Mee Street, FILER CITY, MI 49634",-3.328196221227347e+18,Form Submission Attachments,AQD - Air,Application/Request
2026-07-28,2026.0,CARGILL SALT - ST. CLAIR,NFORMDOC,nForm Document,https://mienviro.michigan.gov/ncore/downloadpdf/988615178958680788,A6240,MINOR,916 S. RIVERSIDE AVE.,SAINT CLAIR,48079.0,SAINT CLAIR,WARREN,ELMOUCHIR,,,"916 S. RIVERSIDE AVE., SAINT CLAIR, MI 48079",9.88615178958681e+17,Form Submission Attachments,AQD - Air,Application/Request
2026-07-28,2026.0,MACOMB COUNTY ANIMAL CONTROL,NFORMDOC,nForm Document,https://mienviro.michigan.gov/ncore/downloadpdf/4000304578404052777,M3511,MINOR,21417 DUNHAM,CLINTON TWP,48036.0,MACOMB,WARREN,ELMOUCHIR,,,"21417 DUNHAM, CLINTON TWP, MI 48036",4.000304578404053e+18,Form Submission Attachments,AQD - Air,Application/Request
2026-07-28,2026.0,"KLETT RECYCLE, INC.",AIRPERMI,Air Permit to Install,https://mienviro.michigan.gov/ncore/downloadpdf/-8112696012718786322,N6804,MINOR,62994 TERRITORIAL ROAD,HARTFORD,49057.0,VAN BUREN,KALAMAZOO,BENAWAYR,,,"62994 TERRITORIAL ROAD, HARTFORD, MI 49057",-8.112696012718786e+18,Air Permit to Install Documents,AQD - Air,Permit
2026-07-28,2026.0,STATELINE CRUSHING,AIRPERMI,Air Permit to Install,https://mienviro.michigan.gov/ncore/downloadpdf/-5634588457018695949,P0622,MINOR,7061 Dexter Ann Arbor Rd,DEXTER,48130.0,WASHTENAW,JACKSON,KOVALCHICKM,,,"7061 Dexter Ann Arbor Rd, DEXTER, MI 48130",-5.634588457018696e+18,Air Permit to Install Documents,AQD - Air,Permit
2026-07-28,2026.0,NORTHERN HARDWOODS,SUBMISSI,Submission PDF,https://mienviro.michigan.gov/ncore/downloadpdf/-3451568624408378507,B1631,MINOR,HIGHWAY M-26,SOUTH RANGE,49963.0,HOUGHTON,MARQUETTE,SCANLANJ,,,"HIGHWAY M-26, SOUTH RANGE, MI 49963",-3.4515686244083784e+18,Form Submission Attachments,AQD - Air,Application/Request
2026-07-28,2026.0,NATIONAL ENERGY OF LINCOLN LLC,SUBMISSI,Submission PDF,https://mienviro.michigan.gov/ncore/downloadpdf/2667441704123558954,N0890,MAJOR,509  W. State St.,LINCOLN,48742.0,ALCONA,GAYLORD,BOWMAND7,,,"509  W. State St., LINCOLN, MI 48742",2.667441704123559e+18,Form Submission Attachments,AQD - Air,Application/Request
2026-07-28,2026.0,J. H. CAMPBELL PLANT,SUBMISSI,Submission PDF,https://mienviro.michigan.gov/ncore/downloadpdf/-8234455355035524733,B2835,MAJOR,17000  Croswell,WEST OLIVE,49460.0,OTTAWA,GRAND RAPIDS,DEVRIESK1,,,"17000  Croswell, WEST OLIVE, MI 49460",-8.234455355035523e+18,Form Submission Attachments,AQD - Air,Application/Request
2026-07-28,2026.0,"ASAMA COLDWATER MANUFACTURING, INC.",SUBMISSI,Submission PDF,https://mienviro.michigan.gov/ncore/downloadpdf/3112939245910575906,N5814,MAJOR,180 ASAMA Parkway,COLDWATER,49036.0,BRANCH,KALAMAZOO,CHAPELA,,,"180 ASAMA Parkway, COLDWATER, MI 49036",3.112939245910576e+18,Form Submission Attachments,AQD - Air,Application/Request
2026-07-28,2026.0,CONSUMERS ENERGY - NORTHVILLE COMPRESSOR STATION,NFORMDOC,nForm Document,https://mienviro.michigan.gov/ncore/downloadpdf/4599928249658788379,N1099,MAJOR,9440  NAPIER RD,NORTHVILLE,48167.0,WAYNE,DETROIT,WEISS,,,"9440  NAPIER RD, NORTHVILLE, MI 48167",4.599928249658788e+18,Form Submission Attachments,AQD - Air,Application/Request
2026-07-28,2026.0,J. H. CAMPBELL PLANT,NFORMDOC,nForm Document,https://mienviro.michigan.gov/ncore/downloadpdf/5928159898969468798,B2835,MAJOR,17000  Croswell,WEST OLIVE,49460.0,OTTAWA,GRAND RAPIDS,DEVRIESK1,,,"17000  Croswell, WEST OLIVE, MI 49460",5.928159898969469e+18,Form Submission Attachments,AQD - Air,Application/Request
2026-07-28,2026.0,CARGILL SALT - ST. CLAIR,NFORMDOC,nForm Document,https://mienviro.michigan.gov/ncore/downloadpdf/9076333449483911419,A6240,MINOR,916 S. RIVERSIDE AVE.,SAINT CLAIR,48079.0,SAINT CLAIR,WARREN,ELMOUCHIR,,,"916 S. RIVERSIDE AVE., SAINT CLAIR, MI 48079",9.076333449483912e+18,Form Submission Attachments,AQD - Air,Application/Request
2026-07-28,2026.0,"GENERAL FORMULATIONS, INC.",SUBMISSI,Submission PDF,https://mienviro.michigan.gov/ncore/downloadpdf/-3983096564625188414,M3554,SM OPT OUT,320 S. Union St.,SPARTA,49345.0,KENT,GRAND RAPIDS,COXM9,,,"320 S. Union St., SPARTA, MI 49345",-3.983096564625189e+18,Form Submission Attachments,AQD - Air,Application/Request
2026-07-28,2026.0,HOLCIM (US) INC. DBA LAFARGE ALPENA PLANT,NFORMDOC,nForm Document,https://mienviro.michigan.gov/ncore/downloadpdf/3732810625471123556,B1477,MAJOR,1435  Ford Avenue,ALPENA,49707.0,ALPENA,CADILLAC,CHILDSK,,,"1435  Ford Avenue, ALPENA, MI 49707",3.732810625471124e+18,Form Submission Attachments,AQD - Air,Application/Request
2026-07-28,2026.0,J. H. CAMPBELL PLANT,NFORMDOC,nForm Document,https://mienviro.michigan.gov/ncore/downloadpdf/-5229080707715792853,B2835,MAJOR,17000  Croswell,WEST OLIVE,49460.0,OTTAWA,GRAND RAPIDS,DEVRIESK1,,,"17000  Croswell, WEST OLIVE, MI 49460",-5.229080707715793e+18,Form Submission Attachments,AQD - Air,Application/Request
2026-07-28,2026.0,L'ANSE WARDEN ELECTRIC COMPANY LLC,NFORMDOC,nForm Document,https://mienviro.michigan.gov/ncore/downloadpdf/1983174144485206854,B4260,MAJOR,157 S MAIN STREET,LANSE,49946.0,BARAGA,MARQUETTE,SCANLANJ,,,"157 S MAIN STREET, LANSE, MI 49946",1.9831741444852068e+18,Form Submission Attachments,AQD - Air,Application/Request
2026-07-28,2026.0,CARGILL SALT - ST. CLAIR,SUBMISSI,Submission PDF,https://mienviro.michigan.gov/ncore/downloadpdf/-5395682681291009217,A6240,MINOR,916 S. RIVERSIDE AVE.,SAINT CLAIR,48079.0,SAINT CLAIR,WARREN,ELMOUCHIR,,,"916 S. RIVERSIDE AVE., SAINT CLAIR, MI 48079",-5.395682681291009e+18,Form Submission Attachments,AQD - Air,Application/Request
2026-07-28,2026.0,"ASAMA COLDWATER MANUFACTURING, INC.",NFORMDOC,nForm Document,https://mienviro.michigan.gov/ncore/downloadpdf/2317876767977841479,N5814,MAJOR,180 ASAMA Parkway,COLDWATER,49036.0,BRANCH,KALAMAZOO,CHAPELA,,,"180 ASAMA Parkway, COLDWATER, MI 49036",2.317876767977841e+18,Form Submission Attachments,AQD - Air,Application/Request
2026-07-28,2026.0,VENICE PARK RDF,SUBMISSI,Submission PDF,https://mienviro.michigan.gov/ncore/downloadpdf/2335205376768757372,N5910,MAJOR,9536  Lennon Rd.,LENNON,48449.0,SHIAWASSEE,LANSING,BRUNNERJ1,,,"9536  Lennon Rd., LENNON, MI 48449",2.335205376768757e+18,Form Submission Attachments,AQD - Air,Application/Request
2026-07-28,2026.0,TES FILER CITY STATION,NFORMDOC,nForm Document,https://mienviro.michigan.gov/ncore/downloadpdf/-3983804805804738905,N1685,MAJOR,700  Mee Street,FILER CITY,49634.0,MANISTEE,CADILLAC,OWENSC1,,,"700  Mee Street, FILER CITY, MI 49634",-3.9838048058047386e+18,Form Submission Attachments,AQD - Air,Application/Request
2026-07-28,2026.0,ST MARYS CEMENT,SUBMISSI,Submission PDF,https://mienviro.michigan.gov/ncore/downloadpdf/4588463986892127893,B3567,SM OPT OUT,9333  DEARBORN ST,DETROIT,48209.0,WAYNE,DETROIT,ZIMMERMANJ3,,,"9333  DEARBORN ST, DETROIT, MI 48209",4.588463986892128e+18,Form Submission Attachments,AQD - Air,Application/Request
2026-07-28,2026.0,GENERAL MOTORS LLC  DETROIT-HAMTRAMCK ASSEMBLY,SUBMISSI,Submission PDF,https://mienviro.michigan.gov/ncore/downloadpdf/8525888125022627246,M4199,MAJOR,2500 E GENERAL MOTORS BLVD,DETROIT,48211.0,WAYNE,DETROIT,SANDOVALC,,,"2500 E GENERAL MOTORS BLVD, DETROIT, MI 48211",8.525888125022627e+18,Form Submission Attachments,AQD - Air,Application/Request
2026-07-28,2026.0,GRAPHIC PACKAGING INTERNATIONAL LLC,NFORMDOC,nForm Document,https://mienviro.michigan.gov/ncore/downloadpdf/6670605668511787878,B1678,MAJOR,1500 N. PITCHER ST.,KALAMAZOO,49007.0,KALAMAZOO,KALAMAZOO,BROTHERSM,,,"1500 N. PITCHER ST., KALAMAZOO, MI 49007",6.670605668511788e+18,Form Submission Attachments,AQD - Air,Application/Request
2026-07-28,2026.0,CONSUMERS ENERGY - NORTHVILLE COMPRESSOR STATION,NFORMDOC,nForm Document,https://mienviro.michigan.gov/ncore/downloadpdf/-8455248775941837351,N1099,MAJOR,9440  NAPIER RD,NORTHVILLE,48167.0,WAYNE,DETROIT,WEISS,,,"9440  NAPIER RD, NORTHVILLE, MI 48167",-8.455248775941837e+18,Form Submission Attachments,AQD - Air,Application/Request
2026-07-28,2026.0,"PEOPLES LANDFILL, INC.",SUBMISSI,Submission PDF,https://mienviro.michigan.gov/ncore/downloadpdf/8303652685122277714,N5397,MAJOR,4143  E. Rathbun Rd.,BIRCH RUN,48415.0,SAGINAW,BAY CITY,MCCANNG2,,,"4143  E. Rathbun Rd., BIRCH RUN, MI 48415",8.303652685122276e+18,Form Submission Attachments,AQD - Air,Application/Request
2026-07-28,2026.0,MACOMB COUNTY ANIMAL CONTROL,SUBMISSI,Submission PDF,https://mienviro.michigan.gov/ncore/downloadpdf/-6532480344129256660,M3511,MINOR,21417 DUNHAM,CLINTON TWP,48036.0,MACOMB,WARREN,ELMOUCHIR,,,"21417 DUNHAM, CLINTON TWP, MI 48036",-6.532480344129256e+18,Form Submission Attachments,AQD - Air,Application/Request
2026-07-28,2026.0,"PEOPLES LANDFILL, INC.",NFORMDOC,nForm Document,https://mienviro.michigan.gov/ncore/downloadpdf/1344261197198494613,N5397,MAJOR,4143  E. Rathbun Rd.,BIRCH RUN,48415.0,SAGINAW,BAY CITY,MCCANNG2,,,"4143  E. Rathbun Rd., BIRCH RUN, MI 48415",1.3442611971984947e+18,Form Submission Attachments,AQD - Air,Application/Request
2026-07-28,2026.0,NORTHERN HARDWOODS,NFORMDOC,nForm Document,https://mienviro.michigan.gov/ncore/downloadpdf/-5247585850484566947,B1631,MINOR,HIGHWAY M-26,SOUTH RANGE,49963.0,HOUGHTON,MARQUETTE,SCANLANJ,,,"HIGHWAY M-26, SOUTH RANGE, MI 49963",-5.247585850484567e+18,Form Submission Attachments,AQD - Air,Application/Request
2026-07-28,2026.0,L L JOHNSON LUMBER MFG CO,COPYOFPT,Copy of PTI 684-82A. - LH,https://mienviro.michigan.gov/ncore/downloadpdf/1773821264646784022,B1589,MINOR,563 N COCHRAN,CHARLOTTE,48813.0,EATON,LANSING,LUPLOWM1,,,"563 N COCHRAN, CHARLOTTE, MI 48813",1.773821264646784e+18,Air Site Documents,,Site
2026-07-28,2026.0,THOMPSON RECYCLE CO,AIRPERMI,Air Permit to Install,https://mienviro.michigan.gov/ncore/downloadpdf/7190219695051833029,N5408,MINOR,7061 Dexter Ann Arbor Rd,DEXTER,48130.0,WASHTENAW,JACKSON,KOVALCHICKM,,,"7061 Dexter Ann Arbor Rd, DEXTER, MI 48130",7.190219695051832e+18,Air Permit to Install Documents,AQD - Air,Permit
2026-07-28,2026.0,GENERAL MOTORS LLC  DETROIT-HAMTRAMCK ASSEMBLY,NFORMDOC,nForm Document,https://mienviro.michigan.gov/ncore/downloadpdf/2864410521567415765,M4199,MAJOR,2500 E GENERAL MOTORS BLVD,DETROIT,48211.0,WAYNE,DETROIT,SANDOVALC,,,"2500 E GENERAL MOTORS BLVD, DETROIT, MI 48211",2.864410521567416e+18,Form Submission Attachments,AQD - Air,Application/Request
2026-07-28,2026.0,NATIONAL ENERGY OF LINCOLN LLC,NFORMDOC,nForm Document,https://mienviro.michigan.gov/ncore/downloadpdf/4600626281336967610,N0890,MAJOR,509  W. State St.,LINCOLN,48742.0,ALCONA,GAYLORD,BOWMAND7,,,"509  W. State St., LINCOLN, MI 48742",4.600626281336968e+18,Form Submission Attachments,AQD - Air,Application/Request
2026-07-28,2026.0,"ASAMA COLDWATER MANUFACTURING, INC.",NFORMDOC,nForm Document,https://mienviro.michigan.gov/ncore/downloadpdf/-2979476319258368292,N5814,MAJOR,180 ASAMA Parkway,COLDWATER,49036.0,BRANCH,KALAMAZOO,CHAPELA,,,"180 ASAMA Parkway, COLDWATER, MI 49036",-2.979476319258368e+18,Form Submission Attachments,AQD - Air,Application/Request
2026-07-28,2026.0,L'ANSE WARDEN ELECTRIC COMPANY LLC,NFORMDOC,nForm Document,https://mienviro.michigan.gov/ncore/downloadpdf/-6406896746063930275,B4260,MAJOR,157 S MAIN STREET,LANSE,49946.0,BARAGA,MARQUETTE,SCANLANJ,,,"157 S MAIN STREET, LANSE, MI 49946",-6.406896746063929e+18,Form Submission Attachments,AQD - Air,Application/Request
2026-07-28,2026.0,ERVIN AMASTEEL DIVISION,TESTOBSE,Test Observation (07/20/2026),https://mienviro.michigan.gov/ncore/downloadpdf/1854466219511801964,B1754,MAJOR,915  TABOR ST.,ADRIAN,49221.0,LENAWEE,JACKSON,KOVALCHICKM,,,"915  TABOR ST., ADRIAN, MI 49221",1.8544662195118016e+18,Inspection Report,AQD - Air,Evaluation
2026-07-28,2026.0,THOMPSON RECYCLE CO,AIRPERMI,Air Permit to Install,https://mienviro.michigan.gov/ncore/downloadpdf/8490554088260862602,N5408,MINOR,7061 Dexter Ann Arbor Rd,DEXTER,48130.0,WASHTENAW,JACKSON,KOVALCHICKM,,,"7061 Dexter Ann Arbor Rd, DEXTER, MI 48130",8.490554088260862e+18,Air Permit to Install Documents,AQD - Air,Permit
2026-07-28,2026.0,"PEOPLES LANDFILL, INC.",NFORMDOC,nForm Document,https://mienviro.michigan.gov/ncore/downloadpdf/7078871039308430432,N5397,MAJOR,4143  E. Rathbun Rd.,BIRCH RUN,48415.0,SAGINAW,BAY CITY,MCCANNG2,,,"4143  E. Rathbun Rd., BIRCH RUN, MI 48415",7.07887103930843e+18,Form Submission Attachments,AQD - Air,Application/Request
2026-07-28,2026.0,HOLCIM (US) INC. DBA LAFARGE ALPENA PLANT,SUBMISSI,Submission PDF,https://mienviro.michigan.gov/ncore/downloadpdf/6756703988447826543,B1477,MAJOR,1435  Ford Avenue,ALPENA,49707.0,ALPENA,CADILLAC,CHILDSK,,,"1435  Ford Avenue, ALPENA, MI 49707",6.756703988447826e+18,Form Submission Attachments,AQD - Air,Application/Request
2026-07-28,2026.0,GRAPHIC PACKAGING INTERNATIONAL LLC,SUBMISSI,Submission PDF,https://mienviro.michigan.gov/ncore/downloadpdf/-7722374368903098031,B1678,MAJOR,1500 N. PITCHER ST.,KALAMAZOO,49007.0,KALAMAZOO,KALAMAZOO,BROTHERSM,,,"1500 N. PITCHER ST., KALAMAZOO, MI 49007",-7.722374368903097e+18,Form Submission Attachments,AQD - Air,Application/Request
2026-07-28,2026.0,ST MARYS CEMENT,NFORMDOC,nForm Document,https://mienviro.michigan.gov/ncore/downloadpdf/6465104145566681225,B3567,SM OPT OUT,9333  DEARBORN ST,DETROIT,48209.0,WAYNE,DETROIT,ZIMMERMANJ3,,,"9333  DEARBORN ST, DETROIT, MI 48209",6.465104145566681e+18,Form Submission Attachments,AQD - Air,Application/Request
2026-07-28,2026.0,STATELINE CRUSHING,SUBMISSI,Submission PDF,https://mienviro.michigan.gov/ncore/downloadpdf/-6494186915171615368,P0622,MINOR,7061 Dexter Ann Arbor Rd,DEXTER,48130.0,WASHTENAW,JACKSON,KOVALCHICKM,,,"7061 Dexter Ann Arbor Rd, DEXTER, MI 48130",-6.494186915171615e+18,Form Submission Attachments,AQD - Air,Application/Request
2026-07-28,2026.0,L L JOHNSON LUMBER MFG CO,SUPPORTD,Support documentation for PTI 684-82A. - LH,https://mienviro.michigan.gov/ncore/downloadpdf/-7650053746094996353,B1589,MINOR,563 N COCHRAN,CHARLOTTE,48813.0,EATON,LANSING,LUPLOWM1,,,"563 N COCHRAN, CHARLOTTE, MI 48813",-7.650053746094995e+18,Air Site Documents,,Site
2026-07-28,2026.0,ST MARYS CEMENT,SUBMISSI,Submission PDF,https://mienviro.michigan.gov/ncore/downloadpdf/-4245635396595869051,B3567,SM OPT OUT,9333  DEARBORN ST,DETROIT,48209.0,WAYNE,DETROIT,ZIMMERMANJ3,,,"9333  DEARBORN ST, DETROIT, MI 48209",-4.2456353965958687e+18,Form Submission Attachments,AQD - Air,Application/Request
2026-07-28,2026.0,CONSUMERS ENERGY - NORTHVILLE COMPRESSOR STATION,SUBMISSI,Submission PDF,https://mienviro.michigan.gov/ncore/downloadpdf/-319970043472715908,N1099,MAJOR,9440  NAPIER RD,NORTHVILLE,48167.0,WAYNE,DETROIT,WEISS,,,"9440  NAPIER RD, NORTHVILLE, MI 48167",-3.199700434727159e+17,Form Submission Attachments,AQD - Air,Application/Request
2026-07-28,2026.0,GRAPHIC PACKAGING INTERNATIONAL LLC,NFORMDOC,nForm Document,https://mienviro.michigan.gov/ncore/downloadpdf/-7413859130208013102,B1678,MAJOR,1500 N. PITCHER ST.,KALAMAZOO,49007.0,KALAMAZOO,KALAMAZOO,BROTHERSM,,,"1500 N. PITCHER ST., KALAMAZOO, MI 49007",-7.413859130208012e+18,Form Submission Attachments,AQD - Air,Application/Request
2026-07-28,2026.0,HOLLAND BOARD OF PUBLIC WORKS-HOLLAND ENERGY PARK,SCHEDULE,Schedule - Air Quality Test Plan Submittal,https://mienviro.michigan.gov/ncore/downloadpdf/-2380854251006707611,P0465,MAJOR,1 Energy Park Way,HOLLAND,49423.0,OTTAWA,GRAND RAPIDS,DEVRIESK1,,,"1 Energy Park Way, HOLLAND, MI 49423",-2.380854251006708e+18,Misc. Submittal Docs,AQD - Air,Application/Request
2026-07-28,2026.0,MACOMB COUNTY ANIMAL CONTROL,NFORMDOC,nForm Document,https://mienviro.michigan.gov/ncore/downloadpdf/-2999702787233462151,M3511,MINOR,21417 DUNHAM,CLINTON TWP,48036.0,MACOMB,WARREN,ELMOUCHIR,,,"21417 DUNHAM, CLINTON TWP, MI 48036",-2.999702787233462e+18,Form Submission Attachments,AQD - Air,Application/Request
2026-07-28,2026.0,TOYOTA MOTOR NORTH AMERICA R&D,SUBMISSI,Submission PDF,https://mienviro.michigan.gov/ncore/downloadpdf/-1295402584876048673,N2915,MAJOR,1555 WOODRIDGE,ANN ARBOR,48105.0,WASHTENAW,JACKSON,KAVANAUGHD,,,"1555 WOODRIDGE, ANN ARBOR, MI 48105",-1.2954025848760486e+18,Form Submission Attachments,AQD - Air,Application/Request
2026-07-28,2026.0,TES FILER CITY STATION,NFORMDOC,nForm Document,https://mienviro.michigan.gov/ncore/downloadpdf/1492051085279378390,N1685,MAJOR,700  Mee Street,FILER CITY,49634.0,MANISTEE,CADILLAC,OWENSC1,,,"700  Mee Street, FILER CITY, MI 49634",1.4920510852793784e+18,Form Submission Attachments,AQD - Air,Application/Request
2026-07-28,2026.0,L'ANSE WARDEN ELECTRIC COMPANY LLC,SUBMISSI,Submission PDF,https://mienviro.michigan.gov/ncore/downloadpdf/-7693450602501723214,B4260,MAJOR,157 S MAIN STREET,LANSE,49946.0,BARAGA,MARQUETTE,SCANLANJ,,,"157 S MAIN STREET, LANSE, MI 49946",-7.693450602501723e+18,Form Submission Attachments,AQD - Air,Application/Request
2026-07-28,2026.0,STATELINE CRUSHING,AIRPERMI,Air Permit to Install,https://mienviro.michigan.gov/ncore/downloadpdf/7987844894618616754,P0622,MINOR,7061 Dexter Ann Arbor Rd,DEXTER,48130.0,WASHTENAW,JACKSON,KOVALCHICKM,,,"7061 Dexter Ann Arbor Rd, DEXTER, MI 48130",7.987844894618616e+18,Air Permit to Install Documents,AQD - Air,Permit
2026-07-28,2026.0,NATIONAL ENERGY OF LINCOLN LLC,NFORMDOC,nForm Document,https://mienviro.michigan.gov/ncore/downloadpdf/1525530908204971578,N0890,MAJOR,509  W. State St.,LINCOLN,48742.0,ALCONA,GAYLORD,BOWMAND7,,,"509  W. State St., LINCOLN, MI 48742",1.5255309082049715e+18,Form Submission Attachments,AQD - Air,Application/Request
2026-07-28,2026.0,NORTHERN HARDWOODS,NFORMDOC,nForm Document,https://mienviro.michigan.gov/ncore/downloadpdf/-6391594535643136300,B1631,MINOR,HIGHWAY M-26,SOUTH RANGE,49963.0,HOUGHTON,MARQUETTE,SCANLANJ,,,"HIGHWAY M-26, SOUTH RANGE, MI 49963",-6.391594535643136e+18,Form Submission Attachments,AQD - Air,Application/Request
2026-07-28,2026.0,"KLETT RECYCLE, INC.",AIRPERMI,Air Permit to Install,https://mienviro.michigan.gov/ncore/downloadpdf/-8819273984525019533,N6804,MINOR,62994 TERRITORIAL ROAD,HARTFORD,49057.0,VAN BUREN,KALAMAZOO,BENAWAYR,,,"62994 TERRITORIAL ROAD, HARTFORD, MI 49057",-8.819273984525019e+18,Air Permit to Install Documents,AQD - Air,Permit
2026-07-28,2026.0,HOLCIM (US) INC. DBA LAFARGE ALPENA PLANT,NFORMDOC,nForm Document,https://mienviro.michigan.gov/ncore/downloadpdf/2585609195234641845,B1477,MAJOR,1435  Ford Avenue,ALPENA,49707.0,ALPENA,CADILLAC,CHILDSK,,,"1435  Ford Avenue, ALPENA, MI 49707",2.5856091952346414e+18,Form Submission Attachments,AQD - Air,Application/Request
2026-07-28,2026.0,GRAPHIC PACKAGING INTERNATIONAL LLC,NFORMDOC,nForm Document,https://mienviro.michigan.gov/ncore/downloadpdf/2031423905789754990,B1678,MAJOR,1500 N. PITCHER ST.,KALAMAZOO,49007.0,KALAMAZOO,KALAMAZOO,BROTHERSM,,,"1500 N. PITCHER ST., KALAMAZOO, MI 49007",2.031423905789755e+18,Form Submission Attachments,AQD - Air,Application/Request
2026-07-27,2026.0,THOMPSON RECYCLE CO,AIRPERMI,Air Permit to Install,https://mienviro.michigan.gov/ncore/downloadpdf/3904604444080068975,N5408,MINOR,7061 Dexter Ann Arbor Rd,DEXTER,48130.0,WASHTENAW,JACKSON,KOVALCHICKM,,,"7061 Dexter Ann Arbor Rd, DEXTER, MI 48130",3.9046044440800686e+18,Air Permit to Install Documents,AQD - Air,Permit
2026-07-27,2026.0,CARGILL SALT - ST. CLAIR,SUBMISSI,Submission PDF,https://mienviro.michigan.gov/ncore/downloadpdf/-2901636354422799822,A6240,MINOR,916 S. RIVERSIDE AVE.,SAINT CLAIR,48079.0,SAINT CLAIR,WARREN,ELMOUCHIR,,,"916 S. RIVERSIDE AVE., SAINT CLAIR, MI 48079",-2.9016363544228e+18,Form Submission Attachments,AQD - Air,Application/Request
2026-07-27,2026.0,GRAYLING GENERATING STATION LTD PTNR,NFORMDOC,nForm Document,https://mienviro.michigan.gov/ncore/downloadpdf/-7128700365138797245,N2388,MAJOR,4400 W FOUR MILE RD,GRAYLING,49738.0,CRAWFORD,GAYLORD,RADULSKIR,,,"4400 W FOUR MILE RD, GRAYLING, MI 49738",-7.128700365138797e+18,Form Submission Attachments,AQD - Air,Application/Request
2026-07-27,2026.0,WEYERHAEUSER NR COMPANY,SCHEDULE,Schedule - Air Quality Test Plan Submittal,https://mienviro.michigan.gov/ncore/downloadpdf/7204712785161997555,B7302,MAJOR,4111 W FOUR MILE RD,GRAYLING,49738.0,CRAWFORD,GAYLORD,LEBLANCS,,,"4111 W FOUR MILE RD, GRAYLING, MI 49738",7.204712785161997e+18,Misc. Submittal Docs,AQD - Air,Application/Request
2026-07-27,2026.0,THE ANDERSONS MARATHON HOLDINGS LLC,NFORMDOC,nForm Document,https://mienviro.michigan.gov/ncore/downloadpdf/4202528054830844831,B8570,MAJOR,26250 B DR N,SHERIDAN TWP,49224.0,CALHOUN,KALAMAZOO,CHAPELA,,,"26250 B DR N, SHERIDAN TWP, MI 49224",4.202528054830845e+18,Form Submission Attachments,AQD - Air,Application/Request
2026-07-27,2026.0,MICHIGAN SUGAR COMPANY - BAY CITY,NFORMDOC,nForm Document,https://mienviro.michigan.gov/ncore/downloadpdf/-1226697224588845058,B1493,MAJOR,2600 S Euclid Ave,BAY CITY,48706.0,BAY,BAY CITY,BREWERK,,,"2600 S Euclid Ave, BAY CITY, MI 48706",-1.226697224588845e+18,Form Submission Attachments,AQD - Air,Application/Request
2026-07-27,2026.0,GRAYLING GENERATING STATION LTD PTNR,SUBMISSI,Submission PDF,https://mienviro.michigan.gov/ncore/downloadpdf/8984614984618277424,N2388,MAJOR,4400 W FOUR MILE RD,GRAYLING,49738.0,CRAWFORD,GAYLORD,RADULSKIR,,,"4400 W FOUR MILE RD, GRAYLING, MI 49738",8.984614984618277e+18,Form Submission Attachments,AQD - Air,Application/Request
2026-07-27,2026.0,THOMPSON RECYCLE CO,SUBMISSI,Submission PDF,https://mienviro.michigan.gov/ncore/downloadpdf/-1465311920727683495,N5408,MINOR,7061 Dexter Ann Arbor Rd,DEXTER,48130.0,WASHTENAW,JACKSON,KOVALCHICKM,,,"7061 Dexter Ann Arbor Rd, DEXTER, MI 48130",-1.465311920727683e+18,Form Submission Attachments,AQD - Air,Application/Request
2026-07-27,2026.0,STONECO OF MICHIGAN (FORMERLY CYDI),ONSITEIN,On-Site Inspection (05/04/2026),https://mienviro.michigan.gov/ncore/downloadpdf/-3873465340180226678,P0103,MINOR,3275 N. Martin Luther King Jr. Blvd.,LANSING,48906.0,INGHAM,LANSING,LUPLOWM1,,,"3275 N. Martin Luther King Jr. Blvd., LANSING, MI 48906",-3.8734653401802266e+18,Air Evaluation Documents,AQD - Air,Evaluation
2026-07-27,2026.0,ST MARYS CEMENT CHARLEVOIX PLANT,NFORMDOC,nForm Document,https://mienviro.michigan.gov/ncore/downloadpdf/-9085149153427872391,B1559,MAJOR,16000  BELLS BAY RD,CHARLEVOIX,49720.0,CHARLEVOIX,CADILLAC,DICKMANR,,,"16000  BELLS BAY RD, CHARLEVOIX, MI 49720",-9.085149153427872e+18,Form Submission Attachments,AQD - Air,Application/Request
2026-07-27,2026.0,MICHIGAN SUGAR COMPANY - BAY CITY,SUBMISSI,Submission PDF,https://mienviro.michigan.gov/ncore/downloadpdf/4122082059943782301,B1493,MAJOR,2600 S Euclid Ave,BAY CITY,48706.0,BAY,BAY CITY,BREWERK,,,"2600 S Euclid Ave, BAY CITY, MI 48706",4.1220820599437824e+18,Form Submission Attachments,AQD - Air,Application/Request
2026-07-27,2026.0,CARGILL SALT - ST. CLAIR,SUBMISSI,Submission PDF,https://mienviro.michigan.gov/ncore/downloadpdf/5191984659237781452,A6240,MINOR,916 S. RIVERSIDE AVE.,SAINT CLAIR,48079.0,SAINT CLAIR,WARREN,ELMOUCHIR,,,"916 S. RIVERSIDE AVE., SAINT CLAIR, MI 48079",5.19198465923778e+18,Form Submission Attachments,AQD - Air,Application/Request
2026-07-27,2026.0,ST MARYS CEMENT CHARLEVOIX PLANT,NFORMDOC,nForm Document,https://mienviro.michigan.gov/ncore/downloadpdf/1375528601243204830,B1559,MAJOR,16000  BELLS BAY RD,CHARLEVOIX,49720.0,CHARLEVOIX,CADILLAC,DICKMANR,,,"16000  BELLS BAY RD, CHARLEVOIX, MI 49720",1.3755286012432049e+18,Form Submission Attachments,AQD - Air,Application/Request
2026-07-27,2026.0,MICHIGAN SUGAR COMPANY - BAY CITY,NFORMDOC,nForm Document,https://mienviro.michigan.gov/ncore/downloadpdf/9073277560134947670,B1493,MAJOR,2600 S Euclid Ave,BAY CITY,48706.0,BAY,BAY CITY,BREWERK,,,"2600 S Euclid Ave, BAY CITY, MI 48706",9.073277560134948e+18,Form Submission Attachments,AQD - Air,Application/Request
2026-07-27,2026.0,GREAT LAKES GAS TRANS STATION #11 (TRANSCANADA #11,NFORMDOC,nForm Document,https://mienviro.michigan.gov/ncore/downloadpdf/7797344317066946925,B8573,MAJOR,10339  GREAT LAKES RD,BOYNE FALLS,49713.0,CHARLEVOIX,GAYLORD,BOWMAND7,,,"10339  GREAT LAKES RD, BOYNE FALLS, MI 49713",7.797344317066948e+18,Form Submission Attachments,AQD - Air,Application/Request
2026-07-27,2026.0,THE ANDERSONS MARATHON HOLDINGS LLC,NFORMDOC,nForm Document,https://mienviro.michigan.gov/ncore/downloadpdf/3138369993086725504,B8570,MAJOR,26250 B DR N,SHERIDAN TWP,49224.0,CALHOUN,KALAMAZOO,CHAPELA,,,"26250 B DR N, SHERIDAN TWP, MI 49224",3.138369993086725e+18,Form Submission Attachments,AQD - Air,Application/Request
2026-07-27,2026.0,GRAYLING GENERATING STATION LTD PTNR,NFORMDOC,nForm Document,https://mienviro.michigan.gov/ncore/downloadpdf/54500441954642563,N2388,MAJOR,4400 W FOUR MILE RD,GRAYLING,49738.0,CRAWFORD,GAYLORD,RADULSKIR,,,"4400 W FOUR MILE RD, GRAYLING, MI 49738",5.450044195464256e+16,Form Submission Attachments,AQD - Air,Application/Request
2026-07-27,2026.0,TURBO COMPONENTS INC,NFORMDOC,nForm Document,https://mienviro.michigan.gov/ncore/downloadpdf/9002232132696824533,N1627,MINOR,16960 148TH AVE,SPRING LAKE,49456.0,OTTAWA,GRAND RAPIDS,GRINSTERNE,,,"16960 148TH AVE, SPRING LAKE, MI 49456",9.002232132696824e+18,Form Submission Attachments,AQD - Air,Application/Request
2026-07-27,2026.0,ST MARYS CEMENT CHARLEVOIX PLANT,SUBMISSI,Submission PDF,https://mienviro.michigan.gov/ncore/downloadpdf/3307578133858494483,B1559,MAJOR,16000  BELLS BAY RD,CHARLEVOIX,49720.0,CHARLEVOIX,CADILLAC,DICKMANR,,,"16000  BELLS BAY RD, CHARLEVOIX, MI 49720",3.3075781338584945e+18,Form Submission Attachments,AQD - Air,Application/Request
2026-07-27,2026.0,"BREMBO NORTH AMERICA, INC.",SUBMISSI,Submission PDF,https://mienviro.michigan.gov/ncore/downloadpdf/7284394272426527288,N6226,MAJOR,29991 M 60 EAST,HOMER,49245.0,CALHOUN,KALAMAZOO,CHAPELA,,,"29991 M 60 EAST, HOMER, MI 49245",7.284394272426527e+18,Form Submission Attachments,AQD - Air,Application/Request
2026-07-27,2026.0,CABOT CORPORATION,SUBMISSI,Submission PDF,https://mienviro.michigan.gov/ncore/downloadpdf/2787903249734082978,N6251,MAJOR,3603 S SAGINAW ROAD,MIDLAND,48640.0,MIDLAND,BAY CITY,WITKOPPB,,,"3603 S SAGINAW ROAD, MIDLAND, MI 48640",2.7879032497340826e+18,Form Submission Attachments,AQD - Air,Application/Request
2026-07-27,2026.0,"LBWL, ERICKSON STATION",NFORMDOC,nForm Document,https://mienviro.michigan.gov/ncore/downloadpdf/-5693699066122364137,B4001,MAJOR,3725 South Canal Road,LANSING,48917.0,EATON,LANSING,BRUNNERJ1,,,"3725 South Canal Road, LANSING, MI 48917",-5.693699066122364e+18,Form Submission Attachments,AQD - Air,Application/Request
2026-07-27,2026.0,TURBO COMPONENTS INC,NFORMDOC,nForm Document,https://mienviro.michigan.gov/ncore/downloadpdf/-7076158384165824198,N1627,MINOR,16960 148TH AVE,SPRING LAKE,49456.0,OTTAWA,GRAND RAPIDS,GRINSTERNE,,,"16960 148TH AVE, SPRING LAKE, MI 49456",-7.076158384165825e+18,Form Submission Attachments,AQD - Air,Application/Request
2026-07-27,2026.0,MICHIGAN SUGAR COMPANY - BAY CITY,NFORMDOC,nForm Document,https://mienviro.michigan.gov/ncore/downloadpdf/-6595154908221694685,B1493,MAJOR,2600 S Euclid Ave,BAY CITY,48706.0,BAY,BAY CITY,BREWERK,,,"2600 S Euclid Ave, BAY CITY, MI 48706",-6.595154908221695e+18,Form Submission Attachments,AQD - Air,Application/Request
2026-07-27,2026.0,TEMPERFORM LLC,SUBMISSI,Submission PDF,https://mienviro.michigan.gov/ncore/downloadpdf/3893143544881627656,B7357,SM OPT OUT,25425 TRANS X,NOVI,48375.0,OAKLAND,WARREN,KONANAHALLII,,,"25425 TRANS X, NOVI, MI 48375",3.893143544881628e+18,Form Submission Attachments,AQD - Air,Application/Request
2026-07-27,2026.0,DTE ELECTRIC COMPANY - GREENWOOD ENERGY CENTER,NFORMDOC,nForm Document,https://mienviro.michigan.gov/ncore/downloadpdf/441630920015549978,B6145,MAJOR,7000  KILGORE ROAD,AVOCA,48006.0,SAINT CLAIR,WARREN,LEFFERTK,,,"7000  KILGORE ROAD, AVOCA, MI 48006",4.4163092001555e+17,Form Submission Attachments,AQD - Air,Application/Request
2026-07-27,2026.0,ST MARYS CEMENT CHARLEVOIX PLANT,SUBMISSI,Submission PDF,https://mienviro.michigan.gov/ncore/downloadpdf/271422671759079086,B1559,MAJOR,16000  BELLS BAY RD,CHARLEVOIX,49720.0,CHARLEVOIX,CADILLAC,DICKMANR,,,"16000  BELLS BAY RD, CHARLEVOIX, MI 49720",2.7142267175907907e+17,Form Submission Attachments,AQD - Air,Application/Request
2026-07-27,2026.0,MICHIGAN SUGAR COMPANY - BAY CITY,NFORMDOC,nForm Document,https://mienviro.michigan.gov/ncore/downloadpdf/52216647374281961,B1493,MAJOR,2600 S Euclid Ave,BAY CITY,48706.0,BAY,BAY CITY,BREWERK,,,"2600 S Euclid Ave, BAY CITY, MI 48706",5.221664737428196e+16,Form Submission Attachments,AQD - Air,Application/Request
2026-07-27,2026.0,MICHIGAN SUGAR COMPANY - BAY CITY,NFORMDOC,nForm Document,https://mienviro.michigan.gov/ncore/downloadpdf/6623617944907561016,B1493,MAJOR,2600 S Euclid Ave,BAY CITY,48706.0,BAY,BAY CITY,BREWERK,,,"2600 S Euclid Ave, BAY CITY, MI 48706",6.623617944907561e+18,Form Submission Attachments,AQD - Air,Application/Request
2026-07-27,2026.0,TURBO COMPONENTS INC,NFORMDOC,nForm Document,https://mienviro.michigan.gov/ncore/downloadpdf/1398040108523326397,N1627,MINOR,16960 148TH AVE,SPRING LAKE,49456.0,OTTAWA,GRAND RAPIDS,GRINSTERNE,,,"16960 148TH AVE, SPRING LAKE, MI 49456",1.3980401085233265e+18,Form Submission Attachments,AQD - Air,Application/Request
2026-07-27,2026.0,FCA US LLC - CHRYSLER TECHNOLOGY CENTER,SCHEDULE,Schedule - Air Quality Test Plan Submittal,https://mienviro.michigan.gov/ncore/downloadpdf/7666365825363205359,N1436,MAJOR,800 Chrysler Drive,AUBURN HILLS,48326.0,OAKLAND,WARREN,BOGNARA1,,,"800 Chrysler Drive, AUBURN HILLS, MI 48326",7.666365825363205e+18,Air Schedule Documents,AQD - Air,Application/Request
2026-07-27,2026.0,TURBO COMPONENTS INC,SUBMISSI,Submission PDF,https://mienviro.michigan.gov/ncore/downloadpdf/-8043451030716860725,N1627,MINOR,16960 148TH AVE,SPRING LAKE,49456.0,OTTAWA,GRAND RAPIDS,GRINSTERNE,,,"16960 148TH AVE, SPRING LAKE, MI 49456",-8.04345103071686e+18,Form Submission Attachments,AQD - Air,Application/Request
2026-07-27,2026.0,GRAYLING GENERATING STATION LTD PTNR,NFORMDOC,nForm Document,https://mienviro.michigan.gov/ncore/downloadpdf/-7880722917488424936,N2388,MAJOR,4400 W FOUR MILE RD,GRAYLING,49738.0,CRAWFORD,GAYLORD,RADULSKIR,,,"4400 W FOUR MILE RD, GRAYLING, MI 49738",-7.880722917488426e+18,Form Submission Attachments,AQD - Air,Application/Request
2026-07-27,2026.0,GRAYLING GENERATING STATION LTD PTNR,NFORMDOC,nForm Document,https://mienviro.michigan.gov/ncore/downloadpdf/-7107168225471172239,N2388,MAJOR,4400 W FOUR MILE RD,GRAYLING,49738.0,CRAWFORD,GAYLORD,RADULSKIR,,,"4400 W FOUR MILE RD, GRAYLING, MI 49738",-7.107168225471172e+18,Form Submission Attachments,AQD - Air,Application/Request
2026-07-27,2026.0,GUARDIAN INDUSTRIES-CARLETON,SUBMISSI,Submission PDF,https://mienviro.michigan.gov/ncore/downloadpdf/8129475938194344436,B1877,MAJOR,14600  ROMINE RD,CARLETON,48117.0,MONROE,JACKSON,CARLEYB,,,"14600  ROMINE RD, CARLETON, MI 48117",8.129475938194344e+18,Form Submission Attachments,AQD - Air,Application/Request
2026-07-27,2026.0,SUMPTER GENERATING PLANT,NFORMDOC,nForm Document,https://mienviro.michigan.gov/ncore/downloadpdf/-9116840018363432002,M4854,MAJOR,8509 RAWSONVILLE RD,BELLEVILLE,48111.0,WAYNE,DETROIT,LIVESONS2,,,"8509 RAWSONVILLE RD, BELLEVILLE, MI 48111",-9.116840018363432e+18,Form Submission Attachments,AQD - Air,Application/Request
2026-07-27,2026.0,C&C ENERGY LLC,NFORMDOC,nForm Document,https://mienviro.michigan.gov/ncore/downloadpdf/7805055260686882030,P0222,MAJOR,19401 15 MILE RD,MARSHALL,49068.0,CALHOUN,KALAMAZOO,DESKINSM,,,"19401 15 MILE RD, MARSHALL, MI 49068",7.805055260686882e+18,Form Submission Attachments,AQD - Air,Application/Request
2026-07-27,2026.0,MICHIGAN SUGAR COMPANY - BAY CITY,NFORMDOC,nForm Document,https://mienviro.michigan.gov/ncore/downloadpdf/-596465560042436885,B1493,MAJOR,2600 S Euclid Ave,BAY CITY,48706.0,BAY,BAY CITY,BREWERK,,,"2600 S Euclid Ave, BAY CITY, MI 48706",-5.964655600424369e+17,Form Submission Attachments,AQD - Air,Application/Request
2026-07-27,2026.0,ST MARYS CEMENT CHARLEVOIX PLANT,NFORMDOC,nForm Document,https://mienviro.michigan.gov/ncore/downloadpdf/-8781828234993615302,B1559,MAJOR,16000  BELLS BAY RD,CHARLEVOIX,49720.0,CHARLEVOIX,CADILLAC,DICKMANR,,,"16000  BELLS BAY RD, CHARLEVOIX, MI 49720",-8.781828234993615e+18,Form Submission Attachments,AQD - Air,Application/Request
2026-07-27,2026.0,TURBO COMPONENTS INC,NFORMDOC,nForm Document,https://mienviro.michigan.gov/ncore/downloadpdf/4984184763743632739,N1627,MINOR,16960 148TH AVE,SPRING LAKE,49456.0,OTTAWA,GRAND RAPIDS,GRINSTERNE,,,"16960 148TH AVE, SPRING LAKE, MI 49456",4.984184763743632e+18,Form Submission Attachments,AQD - Air,Application/Request
2026-07-27,2026.0,THOMPSON RECYCLE CO,NFORMDOC,nForm Document,https://mienviro.michigan.gov/ncore/downloadpdf/-4907563933694736983,N5408,MINOR,7061 Dexter Ann Arbor Rd,DEXTER,48130.0,WASHTENAW,JACKSON,KOVALCHICKM,,,"7061 Dexter Ann Arbor Rd, DEXTER, MI 48130",-4.907563933694736e+18,Form Submission Attachments,AQD - Air,Application/Request
2026-07-27,2026.0,C&C ENERGY LLC,SUBMISSI,Submission PDF,https://mienviro.michigan.gov/ncore/downloadpdf/-6479103423534951024,P0222,MAJOR,19401 15 MILE RD,MARSHALL,49068.0,CALHOUN,KALAMAZOO,DESKINSM,,,"19401 15 MILE RD, MARSHALL, MI 49068",-6.479103423534951e+18,Form Submission Attachments,AQD - Air,Application/Request
2026-07-27,2026.0,GRAYLING GENERATING STATION LTD PTNR,NFORMDOC,nForm Document,https://mienviro.michigan.gov/ncore/downloadpdf/1366882709920180331,N2388,MAJOR,4400 W FOUR MILE RD,GRAYLING,49738.0,CRAWFORD,GAYLORD,RADULSKIR,,,"4400 W FOUR MILE RD, GRAYLING, MI 49738",1.3668827099201805e+18,Form Submission Attachments,AQD - Air,Application/Request
2026-07-27,2026.0,GRAYLING GENERATING STATION LTD PTNR,NFORMDOC,nForm Document,https://mienviro.michigan.gov/ncore/downloadpdf/-6913826009913458250,N2388,MAJOR,4400 W FOUR MILE RD,GRAYLING,49738.0,CRAWFORD,GAYLORD,RADULSKIR,,,"4400 W FOUR MILE RD, GRAYLING, MI 49738",-6.913826009913458e+18,Form Submission Attachments,AQD - Air,Application/Request
2026-07-27,2026.0,TURBO COMPONENTS INC,NFORMDOC,nForm Document,https://mienviro.michigan.gov/ncore/downloadpdf/-8070403963958309267,N1627,MINOR,16960 148TH AVE,SPRING LAKE,49456.0,OTTAWA,GRAND RAPIDS,GRINSTERNE,,,"16960 148TH AVE, SPRING LAKE, MI 49456",-8.070403963958309e+18,Form Submission Attachments,AQD - Air,Application/Request
2026-07-27,2026.0,"LBWL, ERICKSON STATION",NFORMDOC,nForm Document,https://mienviro.michigan.gov/ncore/downloadpdf/5663289087938457839,B4001,MAJOR,3725 South Canal Road,LANSING,48917.0,EATON,LANSING,BRUNNERJ1,,,"3725 South Canal Road, LANSING, MI 48917",5.663289087938458e+18,Form Submission Attachments,AQD - Air,Application/Request
2026-07-27,2026.0,TURBO COMPONENTS INC,NFORMDOC,nForm Document,https://mienviro.michigan.gov/ncore/downloadpdf/1938767949663735014,N1627,MINOR,16960 148TH AVE,SPRING LAKE,49456.0,OTTAWA,GRAND RAPIDS,GRINSTERNE,,,"16960 148TH AVE, SPRING LAKE, MI 49456",1.938767949663736e+18,Form Submission Attachments,AQD - Air,Application/Request
2026-07-27,2026.0,CABOT CORPORATION,NFORMDOC,nForm Document,https://mienviro.michigan.gov/ncore/downloadpdf/4976405258617437350,N6251,MAJOR,3603 S SAGINAW ROAD,MIDLAND,48640.0,MIDLAND,BAY CITY,WITKOPPB,,,"3603 S SAGINAW ROAD, MIDLAND, MI 48640",4.976405258617437e+18,Form Submission Attachments,AQD - Air,Application/Request
2026-07-27,2026.0,MICHIGAN SUGAR COMPANY - BAY CITY,NFORMDOC,nForm Document,https://mienviro.michigan.gov/ncore/downloadpdf/-6372809436286978138,B1493,MAJOR,2600 S Euclid Ave,BAY CITY,48706.0,BAY,BAY CITY,BREWERK,,,"2600 S Euclid Ave, BAY CITY, MI 48706",-6.372809436286978e+18,Form Submission Attachments,AQD - Air,Application/Request
2026-07-27,2026.0,WEYERHAEUSER NR COMPANY,SCHEDULE,Schedule - Air Quality Test Plan Submittal,https://mienviro.michigan.gov/ncore/downloadpdf/-3593919556763549257,B7302,MAJOR,4111 W FOUR MILE RD,GRAYLING,49738.0,CRAWFORD,GAYLORD,LEBLANCS,,,"4111 W FOUR MILE RD, GRAYLING, MI 49738",-3.5939195567635487e+18,Misc. Submittal Docs,AQD - Air,Application/Request
2026-07-27,2026.0,BPV ENVIRONMENTAL LLC,SUBMISSI,Submission PDF,https://mienviro.michigan.gov/ncore/downloadpdf/593725675670583193,P1036,MINOR,511 76th Street SW,BYRON CENTER,49315.0,KENT,GRAND RAPIDS,LAZZAROA1,,,"511 76th Street SW, BYRON CENTER, MI 49315",5.937256756705832e+17,Form Submission Attachments,AQD - Air,Application/Request
2026-07-27,2026.0,MICHIGAN SUGAR COMPANY - BAY CITY,NFORMDOC,nForm Document,https://mienviro.michigan.gov/ncore/downloadpdf/-3256087859167687891,B1493,MAJOR,2600 S Euclid Ave,BAY CITY,48706.0,BAY,BAY CITY,BREWERK,,,"2600 S Euclid Ave, BAY CITY, MI 48706",-3.256087859167688e+18,Form Submission Attachments,AQD - Air,Application/Request
2026-07-27,2026.0,"LBWL, ERICKSON STATION",NFORMDOC,nForm Document,https://mienviro.michigan.gov/ncore/downloadpdf/7881643087839353141,B4001,MAJOR,3725 South Canal Road,LANSING,48917.0,EATON,LANSING,BRUNNERJ1,,,"3725 South Canal Road, LANSING, MI 48917",7.881643087839354e+18,Form Submission Attachments,AQD - Air,Application/Request
2026-07-27,2026.0,TURBO COMPONENTS INC,NFORMDOC,nForm Document,https://mienviro.michigan.gov/ncore/downloadpdf/6233590838034358462,N1627,MINOR,16960 148TH AVE,SPRING LAKE,49456.0,OTTAWA,GRAND RAPIDS,GRINSTERNE,,,"16960 148TH AVE, SPRING LAKE, MI 49456",6.233590838034358e+18,Form Submission Attachments,AQD - Air,Application/Request
2026-07-27,2026.0,THOMPSON RECYCLE CO,AIRPERMI,Air Permit to Install,https://mienviro.michigan.gov/ncore/downloadpdf/9124180012174209260,N5408,MINOR,7061 Dexter Ann Arbor Rd,DEXTER,48130.0,WASHTENAW,JACKSON,KOVALCHICKM,,,"7061 Dexter Ann Arbor Rd, DEXTER, MI 48130",9.124180012174208e+18,Air Permit to Install Documents,AQD - Air,Permit
2026-07-27,2026.0,CARGILL SALT - ST. CLAIR,NFORMDOC,nForm Document,https://mienviro.michigan.gov/ncore/downloadpdf/-913547245418201926,A6240,MINOR,916 S. RIVERSIDE AVE.,SAINT CLAIR,48079.0,SAINT CLAIR,WARREN,ELMOUCHIR,,,"916 S. RIVERSIDE AVE., SAINT CLAIR, MI 48079",-9.13547245418202e+17,Form Submission Attachments,AQD - Air,Application/Request
2026-07-27,2026.0,"LBWL, ERICKSON STATION",SUBMISSI,Submission PDF,https://mienviro.michigan.gov/ncore/downloadpdf/-2735787747629552185,B4001,MAJOR,3725 South Canal Road,LANSING,48917.0,EATON,LANSING,BRUNNERJ1,,,"3725 South Canal Road, LANSING, MI 48917",-2.735787747629552e+18,Form Submission Attachments,AQD - Air,Application/Request
2026-07-27,2026.0,THOMPSON RECYCLE CO,EQUIPMEN,Equipment/Emissions Submission,https://mienviro.michigan.gov/ncore/downloadpdf/7452179706461309164,N5408,MINOR,7061 Dexter Ann Arbor Rd,DEXTER,48130.0,WASHTENAW,JACKSON,KOVALCHICKM,,,"7061 Dexter Ann Arbor Rd, DEXTER, MI 48130",7.452179706461309e+18,Equipment/Emissions Documents,,Application/Request
2026-07-27,2026.0,"LBWL, ERICKSON STATION",NFORMDOC,nForm Document,https://mienviro.michigan.gov/ncore/downloadpdf/3944292372983245089,B4001,MAJOR,3725 South Canal Road,LANSING,48917.0,EATON,LANSING,BRUNNERJ1,,,"3725 South Canal Road, LANSING, MI 48917",3.944292372983245e+18,Form Submission Attachments,AQD - Air,Application/Request
2026-07-27,2026.0,MICHIGAN SUGAR COMPANY - BAY CITY,NFORMDOC,nForm Document,https://mienviro.michigan.gov/ncore/downloadpdf/8481134186346607735,B1493,MAJOR,2600 S Euclid Ave,BAY CITY,48706.0,BAY,BAY CITY,BREWERK,,,"2600 S Euclid Ave, BAY CITY, MI 48706",8.481134186346607e+18,Form Submission Attachments,AQD - Air,Application/Request
2026-07-27,2026.0,MICHIGAN SUGAR COMPANY - BAY CITY,NFORMDOC,nForm Document,https://mienviro.michigan.gov/ncore/downloadpdf/-8345407013916807610,B1493,MAJOR,2600 S Euclid Ave,BAY CITY,48706.0,BAY,BAY CITY,BREWERK,,,"2600 S Euclid Ave, BAY CITY, MI 48706",-8.345407013916806e+18,Form Submission Attachments,AQD - Air,Application/Request
2026-07-27,2026.0,NORTHERN HARDWOODS,SUBMISSI,Submission PDF,https://mienviro.michigan.gov/ncore/downloadpdf/-6630191341420664265,B1631,MINOR,HIGHWAY M-26,SOUTH RANGE,49963.0,HOUGHTON,MARQUETTE,SCANLANJ,,,"HIGHWAY M-26, SOUTH RANGE, MI 49963",-6.630191341420664e+18,Form Submission Attachments,AQD - Air,Application/Request
2026-07-27,2026.0,GRAYLING GENERATING STATION LTD PTNR,NFORMDOC,nForm Document,https://mienviro.michigan.gov/ncore/downloadpdf/-6336939214542004654,N2388,MAJOR,4400 W FOUR MILE RD,GRAYLING,49738.0,CRAWFORD,GAYLORD,RADULSKIR,,,"4400 W FOUR MILE RD, GRAYLING, MI 49738",-6.336939214542005e+18,Form Submission Attachments,AQD - Air,Application/Request
2026-07-27,2026.0,MICHIGAN SUGAR COMPANY - BAY CITY,NFORMDOC,nForm Document,https://mienviro.michigan.gov/ncore/downloadpdf/-1537693970927246526,B1493,MAJOR,2600 S Euclid Ave,BAY CITY,48706.0,BAY,BAY CITY,BREWERK,,,"2600 S Euclid Ave, BAY CITY, MI 48706",-1.5376939709272463e+18,Form Submission Attachments,AQD - Air,Application/Request
2026-07-27,2026.0,BPV ENVIRONMENTAL LLC,NFORMDOC,nForm Document,https://mienviro.michigan.gov/ncore/downloadpdf/-1579654230152168539,P1036,MINOR,511 76th Street SW,BYRON CENTER,49315.0,KENT,GRAND RAPIDS,LAZZAROA1,,,"511 76th Street SW, BYRON CENTER, MI 49315",-1.5796542301521684e+18,Form Submission Attachments,AQD - Air,Application/Request
2026-07-27,2026.0,THOMPSON RECYCLE CO,SUBMISSI,Submission PDF,https://mienviro.michigan.gov/ncore/downloadpdf/3409851068803541642,N5408,MINOR,7061 Dexter Ann Arbor Rd,DEXTER,48130.0,WASHTENAW,JACKSON,KOVALCHICKM,,,"7061 Dexter Ann Arbor Rd, DEXTER, MI 48130",3.409851068803541e+18,Form Submission Attachments,AQD - Air,Application/Request
2026-07-27,2026.0,MICHIGAN SUGAR COMPANY - BAY CITY,NFORMDOC,nForm Document,https://mienviro.michigan.gov/ncore/downloadpdf/-3675968545062761960,B1493,MAJOR,2600 S Euclid Ave,BAY CITY,48706.0,BAY,BAY CITY,BREWERK,,,"2600 S Euclid Ave, BAY CITY, MI 48706",-3.6759685450627615e+18,Form Submission Attachments,AQD - Air,Application/Request
2026-07-27,2026.0,DTE ELECTRIC COMPANY - GREENWOOD ENERGY CENTER,NFORMDOC,nForm Document,https://mienviro.michigan.gov/ncore/downloadpdf/-2883496411024684624,B6145,MAJOR,7000  KILGORE ROAD,AVOCA,48006.0,SAINT CLAIR,WARREN,LEFFERTK,,,"7000  KILGORE ROAD, AVOCA, MI 48006",-2.883496411024685e+18,Form Submission Attachments,AQD - Air,Application/Request
2026-07-27,2026.0,WOLVERINE POWER SUPPLY CO-OP - ALPINE POWER PLANT,NFORMDOC,nForm Document,https://mienviro.michigan.gov/ncore/downloadpdf/-7245057507678642076,P0582,MAJOR,7432 M-32 Highway,ELMIRA,49730.0,OTSEGO,GAYLORD,BOWMAND7,,,"7432 M-32 Highway, ELMIRA, MI 49730",-7.245057507678641e+18,Form Submission Attachments,AQD - Air,Application/Request
2026-07-27,2026.0,GRAYLING GENERATING STATION LTD PTNR,NFORMDOC,nForm Document,https://mienviro.michigan.gov/ncore/downloadpdf/-5014684732415101135,N2388,MAJOR,4400 W FOUR MILE RD,GRAYLING,49738.0,CRAWFORD,GAYLORD,RADULSKIR,,,"4400 W FOUR MILE RD, GRAYLING, MI 49738",-5.014684732415101e+18,Form Submission Attachments,AQD - Air,Application/Request
2026-07-27,2026.0,"LBWL, ERICKSON STATION",NFORMDOC,nForm Document,https://mienviro.michigan.gov/ncore/downloadpdf/7451319326439787147,B4001,MAJOR,3725 South Canal Road,LANSING,48917.0,EATON,LANSING,BRUNNERJ1,,,"3725 South Canal Road, LANSING, MI 48917",7.451319326439788e+18,Form Submission Attachments,AQD - Air,Application/Request
2026-07-27,2026.0,DTE ELECTRIC COMPANY - GREENWOOD ENERGY CENTER,SUBMISSI,Submission PDF,https://mienviro.michigan.gov/ncore/downloadpdf/4724703921702599181,B6145,MAJOR,7000  KILGORE ROAD,AVOCA,48006.0,SAINT CLAIR,WARREN,LEFFERTK,,,"7000  KILGORE ROAD, AVOCA, MI 48006",4.7247039217026e+18,Form Submission Attachments,AQD - Air,Application/Request
2026-07-27,2026.0,THE ANDERSONS MARATHON HOLDINGS LLC,SUBMISSI,Submission PDF,https://mienviro.michigan.gov/ncore/downloadpdf/3877210926168967175,B8570,MAJOR,26250 B DR N,SHERIDAN TWP,49224.0,CALHOUN,KALAMAZOO,CHAPELA,,,"26250 B DR N, SHERIDAN TWP, MI 49224",3.877210926168967e+18,Form Submission Attachments,AQD - Air,Application/Request
2026-07-27,2026.0,FCA US LLC - CHRYSLER TECHNOLOGY CENTER,SCHEDULE,Schedule - Air Quality Test Plan Submittal,https://mienviro.michigan.gov/ncore/downloadpdf/8865595996710972803,N1436,MAJOR,800 Chrysler Drive,AUBURN HILLS,48326.0,OAKLAND,WARREN,BOGNARA1,,,"800 Chrysler Drive, AUBURN HILLS, MI 48326",8.865595996710972e+18,Misc. Submittal Docs,AQD - Air,Application/Request
2026-07-27,2026.0,MICHIGAN SUGAR COMPANY - BAY CITY,NFORMDOC,nForm Document,https://mienviro.michigan.gov/ncore/downloadpdf/-5795136719081401218,B1493,MAJOR,2600 S Euclid Ave,BAY CITY,48706.0,BAY,BAY CITY,BREWERK,,,"2600 S Euclid Ave, BAY CITY, MI 48706",-5.7951367190814e+18,Form Submission Attachments,AQD - Air,Application/Request
2026-07-27,2026.0,MICHIGAN SUGAR COMPANY - BAY CITY,NFORMDOC,nForm Document,https://mienviro.michigan.gov/ncore/downloadpdf/8217613013250198153,B1493,MAJOR,2600 S Euclid Ave,BAY CITY,48706.0,BAY,BAY CITY,BREWERK,,,"2600 S Euclid Ave, BAY CITY, MI 48706",8.217613013250199e+18,Form Submission Attachments,AQD - Air,Application/Request
2026-07-27,2026.0,ST MARYS CEMENT,NFORMDOC,nForm Document,https://mienviro.michigan.gov/ncore/downloadpdf/-1169639313267889693,B3567,SM OPT OUT,9333  DEARBORN ST,DETROIT,48209.0,WAYNE,DETROIT,ZIMMERMANJ3,,,"9333  DEARBORN ST, DETROIT, MI 48209",-1.1696393132678897e+18,Form Submission Attachments,AQD - Air,Application/Request
2026-07-27,2026.0,MICHIGAN SUGAR COMPANY - BAY CITY,NFORMDOC,nForm Document,https://mienviro.michigan.gov/ncore/downloadpdf/-1808385558533143579,B1493,MAJOR,2600 S Euclid Ave,BAY CITY,48706.0,BAY,BAY CITY,BREWERK,,,"2600 S Euclid Ave, BAY CITY, MI 48706",-1.808385558533144e+18,Form Submission Attachments,AQD - Air,Application/Request
2026-07-27,2026.0,LOWELL LIGHT & POWER (LL&P),SUBMISSI,Submission PDF,https://mienviro.michigan.gov/ncore/downloadpdf/-2762143180267961186,P0375,SM OPT OUT,625 CHATHAM STREET,LOWELL,49331.0,KENT,GRAND RAPIDS,DEVRIESK1,,,"625 CHATHAM STREET, LOWELL, MI 49331",-2.762143180267961e+18,Form Submission Attachments,AQD - Air,Application/Request
2026-07-27,2026.0,MICHIGAN SUGAR COMPANY - BAY CITY,NFORMDOC,nForm Document,https://mienviro.michigan.gov/ncore/downloadpdf/-2107623037953745404,B1493,MAJOR,2600 S Euclid Ave,BAY CITY,48706.0,BAY,BAY CITY,BREWERK,,,"2600 S Euclid Ave, BAY CITY, MI 48706",-2.107623037953745e+18,Form Submission Attachments,AQD - Air,Application/Request
2026-07-27,2026.0,MICHIGAN SUGAR COMPANY - BAY CITY,NFORMDOC,nForm Document,https://mienviro.michigan.gov/ncore/downloadpdf/5755903089544548682,B1493,MAJOR,2600 S Euclid Ave,BAY CITY,48706.0,BAY,BAY CITY,BREWERK,,,"2600 S Euclid Ave, BAY CITY, MI 48706",5.755903089544548e+18,Form Submission Attachments,AQD - Air,Application/Request
2026-07-27,2026.0,LOWELL LIGHT & POWER (LL&P),NFORMDOC,nForm Document,https://mienviro.michigan.gov/ncore/downloadpdf/-8298501845982198986,P0375,SM OPT OUT,625 CHATHAM STREET,LOWELL,49331.0,KENT,GRAND RAPIDS,DEVRIESK1,,,"625 CHATHAM STREET, LOWELL, MI 49331",-8.2985018459822e+18,Form Submission Attachments,AQD - Air,Application/Request
2026-07-27,2026.0,WOLVERINE POWER SUPPLY CO-OP - ALPINE POWER PLANT,NFORMDOC,nForm Document,https://mienviro.michigan.gov/ncore/downloadpdf/-8486975670208677096,P0582,MAJOR,7432 M-32 Highway,ELMIRA,49730.0,OTSEGO,GAYLORD,BOWMAND7,,,"7432 M-32 Highway, ELMIRA, MI 49730",-8.486975670208677e+18,Form Submission Attachments,AQD - Air,Application/Request
2026-07-27,2026.0,ST MARYS CEMENT CHARLEVOIX PLANT,NFORMDOC,nForm Document,https://mienviro.michigan.gov/ncore/downloadpdf/4468863757186225809,B1559,MAJOR,16000  BELLS BAY RD,CHARLEVOIX,49720.0,CHARLEVOIX,CADILLAC,DICKMANR,,,"16000  BELLS BAY RD, CHARLEVOIX, MI 49720",4.4688637571862257e+18,Form Submission Attachments,AQD - Air,Application/Request
2026-07-27,2026.0,GREAT LAKES GAS TRANS STATION #11 (TRANSCANADA #11,SUBMISSI,Submission PDF,https://mienviro.michigan.gov/ncore/downloadpdf/7440739032838120583,B8573,MAJOR,10339  GREAT LAKES RD,BOYNE FALLS,49713.0,CHARLEVOIX,GAYLORD,BOWMAND7,,,"10339  GREAT LAKES RD, BOYNE FALLS, MI 49713",7.44073903283812e+18,Form Submission Attachments,AQD - Air,Application/Request
2026-07-27,2026.0,"GENERAL FORMULATIONS, INC.",NFORMDOC,nForm Document,https://mienviro.michigan.gov/ncore/downloadpdf/-9168147137481581566,M3554,SM OPT OUT,320 S. Union St.,SPARTA,49345.0,KENT,GRAND RAPIDS,COXM9,,,"320 S. Union St., SPARTA, MI 49345",-9.16814713748158e+18,Form Submission Attachments,AQD - Air,Application/Request
2026-07-27,2026.0,"BREMBO NORTH AMERICA, INC.",NFORMDOC,nForm Document,https://mienviro.michigan.gov/ncore/downloadpdf/5156452755157193603,N6226,MAJOR,29991 M 60 EAST,HOMER,49245.0,CALHOUN,KALAMAZOO,CHAPELA,,,"29991 M 60 EAST, HOMER, MI 49245",5.156452755157194e+18,Form Submission Attachments,AQD - Air,Application/Request
2026-07-27,2026.0,WOLVERINE POWER SUPPLY CO-OP - ALPINE POWER PLANT,SUBMISSI,Submission PDF,https://mienviro.michigan.gov/ncore/downloadpdf/-6638913417318153411,P0582,MAJOR,7432 M-32 Highway,ELMIRA,49730.0,OTSEGO,GAYLORD,BOWMAND7,,,"7432 M-32 Highway, ELMIRA, MI 49730",-6.638913417318153e+18,Form Submission Attachments,AQD - Air,Application/Request
2026-07-27,2026.0,ST MARYS CEMENT,SUBMISSI,Submission PDF,https://mienviro.michigan.gov/ncore/downloadpdf/-1283564049125473232,B3567,SM OPT OUT,9333  DEARBORN ST,DETROIT,48209.0,WAYNE,DETROIT,ZIMMERMANJ3,,,"9333  DEARBORN ST, DETROIT, MI 48209",-1.2835640491254733e+18,Form Submission Attachments,AQD - Air,Application/Request
2026-07-27,2026.0,MICHIGAN SUGAR COMPANY - BAY CITY,NFORMDOC,nForm Document,https://mienviro.michigan.gov/ncore/downloadpdf/6949393519951986875,B1493,MAJOR,2600 S Euclid Ave,BAY CITY,48706.0,BAY,BAY CITY,BREWERK,,,"2600 S Euclid Ave, BAY CITY, MI 48706",6.949393519951987e+18,Form Submission Attachments,AQD - Air,Application/Request
2026-07-27,2026.0,THOMPSON RECYCLE CO,NFORMDOC,nForm Document,https://mienviro.michigan.gov/ncore/downloadpdf/9110046813550497383,N5408,MINOR,7061 Dexter Ann Arbor Rd,DEXTER,48130.0,WASHTENAW,JACKSON,KOVALCHICKM,,,"7061 Dexter Ann Arbor Rd, DEXTER, MI 48130",9.110046813550496e+18,Form Submission Attachments,AQD - Air,Application/Request
2026-07-27,2026.0,CITY OF MIDLAND UTILITIES DIVISION,SCHEDULE,Schedule - Air Quality Test Plan Submittal,https://mienviro.michigan.gov/ncore/downloadpdf/4912980458171960515,N6004,MAJOR,4311 E. Ashman St.,MIDLAND,48642.0,MIDLAND,BAY CITY,MCCANNG2,,,"4311 E. Ashman St., MIDLAND, MI 48642",4.91298045817196e+18,Air Schedule Documents,AQD - Air,Application/Request
2026-07-27,2026.0,ST MARYS CEMENT CHARLEVOIX PLANT,NFORMDOC,nForm Document,https://mienviro.michigan.gov/ncore/downloadpdf/8542171786556707209,B1559,MAJOR,16000  BELLS BAY RD,CHARLEVOIX,49720.0,CHARLEVOIX,CADILLAC,DICKMANR,,,"16000  BELLS BAY RD, CHARLEVOIX, MI 49720",8.542171786556707e+18,Form Submission Attachments,AQD - Air,Application/Request
2026-07-27,2026.0,SUMPTER GENERATING PLANT,SUBMISSI,Submission PDF,https://mienviro.michigan.gov/ncore/downloadpdf/2977456065755399840,M4854,MAJOR,8509 RAWSONVILLE RD,BELLEVILLE,48111.0,WAYNE,DETROIT,LIVESONS2,,,"8509 RAWSONVILLE RD, BELLEVILLE, MI 48111",2.9774560657554e+18,Form Submission Attachments,AQD - Air,Application/Request
2026-07-27,2026.0,"LBWL, ERICKSON STATION",SUBMISSI,Submission PDF,https://mienviro.michigan.gov/ncore/downloadpdf/-5139193266222881343,B4001,MAJOR,3725 South Canal Road,LANSING,48917.0,EATON,LANSING,BRUNNERJ1,,,"3725 South Canal Road, LANSING, MI 48917",-5.139193266222881e+18,Form Submission Attachments,AQD - Air,Application/Request
2026-07-27,2026.0,THE ANDERSONS MARATHON HOLDINGS LLC,NFORMDOC,nForm Document,https://mienviro.michigan.gov/ncore/downloadpdf/6842973636227087382,B8570,MAJOR,26250 B DR N,SHERIDAN TWP,49224.0,CALHOUN,KALAMAZOO,CHAPELA,,,"26250 B DR N, SHERIDAN TWP, MI 49224",6.842973636227087e+18,Form Submission Attachments,AQD - Air,Application/Request
2026-07-27,2026.0,THOMPSON RECYCLE CO,NFORMDOC,nForm Document,https://mienviro.michigan.gov/ncore/downloadpdf/7424703715431322748,N5408,MINOR,7061 Dexter Ann Arbor Rd,DEXTER,48130.0,WASHTENAW,JACKSON,KOVALCHICKM,,,"7061 Dexter Ann Arbor Rd, DEXTER, MI 48130",7.424703715431322e+18,Form Submission Attachments,AQD - Air,Application/Request
2026-07-27,2026.0,ST MARYS CEMENT CHARLEVOIX PLANT,NFORMDOC,nForm Document,https://mienviro.michigan.gov/ncore/downloadpdf/-2526594730486736239,B1559,MAJOR,16000  BELLS BAY RD,CHARLEVOIX,49720.0,CHARLEVOIX,CADILLAC,DICKMANR,,,"16000  BELLS BAY RD, CHARLEVOIX, MI 49720",-2.526594730486736e+18,Form Submission Attachments,AQD - Air,Application/Request
2026-07-27,2026.0,LOWELL LIGHT & POWER (LL&P),NFORMDOC,nForm Document,https://mienviro.michigan.gov/ncore/downloadpdf/3212265341106761658,P0375,SM OPT OUT,625 CHATHAM STREET,LOWELL,49331.0,KENT,GRAND RAPIDS,DEVRIESK1,,,"625 CHATHAM STREET, LOWELL, MI 49331",3.2122653411067617e+18,Form Submission Attachments,AQD - Air,Application/Request
2026-07-27,2026.0,THOMPSON RECYCLE CO,AIRPERMI,Air Permit to Install,https://mienviro.michigan.gov/ncore/downloadpdf/-3277941296091244354,N5408,MINOR,7061 Dexter Ann Arbor Rd,DEXTER,48130.0,WASHTENAW,JACKSON,KOVALCHICKM,,,"7061 Dexter Ann Arbor Rd, DEXTER, MI 48130",-3.2779412960912445e+18,Air Permit to Install Documents,AQD - Air,Permit
2026-07-27,2026.0,GREAT LAKES GAS TRANS STATION #11 (TRANSCANADA #11,NFORMDOC,nForm Document,https://mienviro.michigan.gov/ncore/downloadpdf/-5663447693928984392,B8573,MAJOR,10339  GREAT LAKES RD,BOYNE FALLS,49713.0,CHARLEVOIX,GAYLORD,BOWMAND7,,,"10339  GREAT LAKES RD, BOYNE FALLS, MI 49713",-5.663447693928984e+18,Form Submission Attachments,AQD - Air,Application/Request
2026-07-27,2026.0,GRAYLING GENERATING STATION LTD PTNR,NFORMDOC,nForm Document,https://mienviro.michigan.gov/ncore/downloadpdf/-909556691709630424,N2388,MAJOR,4400 W FOUR MILE RD,GRAYLING,49738.0,CRAWFORD,GAYLORD,RADULSKIR,,,"4400 W FOUR MILE RD, GRAYLING, MI 49738",-9.095566917096305e+17,Form Submission Attachments,AQD - Air,Application/Request
2026-07-27,2026.0,SUMPTER GENERATING PLANT,NFORMDOC,nForm Document,https://mienviro.michigan.gov/ncore/downloadpdf/2638997576974194826,M4854,MAJOR,8509 RAWSONVILLE RD,BELLEVILLE,48111.0,WAYNE,DETROIT,LIVESONS2,,,"8509 RAWSONVILLE RD, BELLEVILLE, MI 48111",2.6389975769741947e+18,Form Submission Attachments,AQD - Air,Application/Request
2026-07-27,2026.0,MICHIGAN SUGAR COMPANY - BAY CITY,NFORMDOC,nForm Document,https://mienviro.michigan.gov/ncore/downloadpdf/-1334441064474690734,B1493,MAJOR,2600 S Euclid Ave,BAY CITY,48706.0,BAY,BAY CITY,BREWERK,,,"2600 S Euclid Ave, BAY CITY, MI 48706",-1.3344410644746908e+18,Form Submission Attachments,AQD - Air,Application/Request
2026-07-27,2026.0,WEYERHAEUSER NR COMPANY,SCHEDULE,Schedule - Air Quality Test Plan Submittal,https://mienviro.michigan.gov/ncore/downloadpdf/4201355748943408539,B7302,MAJOR,4111 W FOUR MILE RD,GRAYLING,49738.0,CRAWFORD,GAYLORD,LEBLANCS,,,"4111 W FOUR MILE RD, GRAYLING, MI 49738",4.2013557489434086e+18,Misc. Submittal Docs,AQD - Air,Application/Request
2026-07-27,2026.0,TURBO COMPONENTS INC,NFORMDOC,nForm Document,https://mienviro.michigan.gov/ncore/downloadpdf/2236278106563824250,N1627,MINOR,16960 148TH AVE,SPRING LAKE,49456.0,OTTAWA,GRAND RAPIDS,GRINSTERNE,,,"16960 148TH AVE, SPRING LAKE, MI 49456",2.236278106563824e+18,Form Submission Attachments,AQD - Air,Application/Request
2026-07-27,2026.0,FCA US LLC - CHRYSLER TECHNOLOGY CENTER,SUBMISSI,Submission PDF,https://mienviro.michigan.gov/ncore/downloadpdf/-2093065303527008389,N1436,MAJOR,800 Chrysler Drive,AUBURN HILLS,48326.0,OAKLAND,WARREN,BOGNARA1,,,"800 Chrysler Drive, AUBURN HILLS, MI 48326",-2.0930653035270085e+18,Form Submission Attachments,AQD - Air,Application/Request
2026-07-27,2026.0,ST MARYS CEMENT,NFORMDOC,nForm Document,https://mienviro.michigan.gov/ncore/downloadpdf/-5749196668861796325,B3567,SM OPT OUT,9333  DEARBORN ST,DETROIT,48209.0,WAYNE,DETROIT,ZIMMERMANJ3,,,"9333  DEARBORN ST, DETROIT, MI 48209",-5.749196668861796e+18,Form Submission Attachments,AQD - Air,Application/Request
2026-07-27,2026.0,"GENERAL FORMULATIONS, INC.",SUBMISSI,Submission PDF,https://mienviro.michigan.gov/ncore/downloadpdf/8700662936824430699,M3554,SM OPT OUT,320 S. Union St.,SPARTA,49345.0,KENT,GRAND RAPIDS,COXM9,,,"320 S. Union St., SPARTA, MI 49345",8.700662936824431e+18,Form Submission Attachments,AQD - Air,Application/Request
2026-07-27,2026.0,GRAYLING GENERATING STATION LTD PTNR,NFORMDOC,nForm Document,https://mienviro.michigan.gov/ncore/downloadpdf/6514292876989896647,N2388,MAJOR,4400 W FOUR MILE RD,GRAYLING,49738.0,CRAWFORD,GAYLORD,RADULSKIR,,,"4400 W FOUR MILE RD, GRAYLING, MI 49738",6.514292876989897e+18,Form Submission Attachments,AQD - Air,Application/Request
2026-07-27,2026.0,DTE ELECTRIC COMPANY - GREENWOOD ENERGY CENTER,NFORMDOC,nForm Document,https://mienviro.michigan.gov/ncore/downloadpdf/8324444808751670371,B6145,MAJOR,7000  KILGORE ROAD,AVOCA,48006.0,SAINT CLAIR,WARREN,LEFFERTK,,,"7000  KILGORE ROAD, AVOCA, MI 48006",8.32444480875167e+18,Form Submission Attachments,AQD - Air,Application/Request
2026-07-27,2026.0,"LBWL, ERICKSON STATION",NFORMDOC,nForm Document,https://mienviro.michigan.gov/ncore/downloadpdf/-6778590233054908116,B4001,MAJOR,3725 South Canal Road,LANSING,48917.0,EATON,LANSING,BRUNNERJ1,,,"3725 South Canal Road, LANSING, MI 48917",-6.778590233054908e+18,Form Submission Attachments,AQD - Air,Application/Request
2026-07-27,2026.0,HOLCIM (US) INC. DBA LAFARGE ALPENA PLANT,SCHEDULE,Schedule - Air Quality Test Report Submittal,https://mienviro.michigan.gov/ncore/downloadpdf/-781974227227738535,B1477,MAJOR,1435  Ford Avenue,ALPENA,49707.0,ALPENA,CADILLAC,CHILDSK,,,"1435  Ford Avenue, ALPENA, MI 49707",-7.819742272277386e+17,Misc. Submittal Docs,AQD - Air,Application/Request
2026-07-27,2026.0,C&C ENERGY LLC,NFORMDOC,nForm Document,https://mienviro.michigan.gov/ncore/downloadpdf/6061095828888614159,P0222,MAJOR,19401 15 MILE RD,MARSHALL,49068.0,CALHOUN,KALAMAZOO,DESKINSM,,,"19401 15 MILE RD, MARSHALL, MI 49068",6.061095828888615e+18,Form Submission Attachments,AQD - Air,Application/Request
2026-07-27,2026.0,THOMPSON RECYCLE CO,AIRPERMI,Air Permit to Install,https://mienviro.michigan.gov/ncore/downloadpdf/-2389917720546770459,N5408,MINOR,7061 Dexter Ann Arbor Rd,DEXTER,48130.0,WASHTENAW,JACKSON,KOVALCHICKM,,,"7061 Dexter Ann Arbor Rd, DEXTER, MI 48130",-2.3899177205467704e+18,Air Permit to Install Documents,AQD - Air,Permit
2026-07-27,2026.0,TURBO COMPONENTS INC,NFORMDOC,nForm Document,https://mienviro.michigan.gov/ncore/downloadpdf/4764749794701249725,N1627,MINOR,16960 148TH AVE,SPRING LAKE,49456.0,OTTAWA,GRAND RAPIDS,GRINSTERNE,,,"16960 148TH AVE, SPRING LAKE, MI 49456",4.76474979470125e+18,Form Submission Attachments,AQD - Air,Application/Request
2026-07-27,2026.0,MICHIGAN SUGAR COMPANY - BAY CITY,NFORMDOC,nForm Document,https://mienviro.michigan.gov/ncore/downloadpdf/2661214257656846189,B1493,MAJOR,2600 S Euclid Ave,BAY CITY,48706.0,BAY,BAY CITY,BREWERK,,,"2600 S Euclid Ave, BAY CITY, MI 48706",2.661214257656846e+18,Form Submission Attachments,AQD - Air,Application/Request
2026-07-24,2026.0,GRAYMONT WESTERN LIME INC,SUBMISSI,Submission PDF,https://mienviro.michigan.gov/ncore/downloadpdf/-81636962293991327,N7362,MAJOR,181 W COUNTY ROAD 432,GULLIVER,49840.0,SCHOOLCRAFT,MARQUETTE,SCANLANJ,,,"181 W COUNTY ROAD 432, GULLIVER, MI 49840",-8.163696229399133e+16,Form Submission Attachments,AQD - Air,Application/Request
2026-07-24,2026.0,ULTIUM CELLS LLC,SUBMISSI,Submission PDF,https://mienviro.michigan.gov/ncore/downloadpdf/-6268643319722971544,P1269,,7111 DAVIS HWY,LANSING,48917.0,EATON,LANSING,,,,"7111 DAVIS HWY, LANSING, MI 48917",-6.268643319722972e+18,Form Submission Attachments,AQD - Air,Application/Request
2026-07-24,2026.0,NATIONAL ENERGY OF MCBAIN LLC,NFORMDOC,nForm Document,https://mienviro.michigan.gov/ncore/downloadpdf/3745151350699679728,N1160,MAJOR,6751 W. Gerwoude Dr.,MCBAIN,49657.0,MISSAUKEE,GAYLORD,BOWMAND7,,,"6751 W. Gerwoude Dr., MCBAIN, MI 49657",3.74515135069968e+18,Form Submission Attachments,AQD - Air,Application/Request
2026-07-24,2026.0,MICHIGAN POWER LIMITED PARTNERSHIP,NFORMDOC,nForm Document,https://mienviro.michigan.gov/ncore/downloadpdf/-5903353110768043808,N4975,MAJOR,5795 6th Street,LUDINGTON,49431.0,MASON,CADILLAC,OWENSC1,,,"5795 6th Street, LUDINGTON, MI 49431",-5.903353110768044e+18,Form Submission Attachments,AQD - Air,Application/Request
2026-07-24,2026.0,MICHIGAN POWER LIMITED PARTNERSHIP,NFORMDOC,nForm Document,https://mienviro.michigan.gov/ncore/downloadpdf/-3488618973717275302,N4975,MAJOR,5795 6th Street,LUDINGTON,49431.0,MASON,CADILLAC,OWENSC1,,,"5795 6th Street, LUDINGTON, MI 49431",-3.488618973717276e+18,Form Submission Attachments,AQD - Air,Application/Request
2026-07-24,2026.0,"PHARMACIA & UPJOHN CO LLC, A SUBSIDIARY OF PFIZER",NFORMDOC,nForm Document,https://mienviro.michigan.gov/ncore/downloadpdf/2659943498652754221,B3610,MEGASITE,7000  Portage Road,KALAMAZOO,49001.0,KALAMAZOO,KALAMAZOO,BROTHERSM,,,"7000  Portage Road, KALAMAZOO, MI 49001",2.6599434986527544e+18,Form Submission Attachments,AQD - Air,Application/Request
2026-07-24,2026.0,ST. CLAIR / BELLE RIVER POWER PLANT,NFORMDOC,nForm Document,https://mienviro.michigan.gov/ncore/downloadpdf/-8446356755760729260,B2796,MAJOR,4505 King Road,CHINA TWP,48054.0,SAINT CLAIR,WARREN,DZIADOSZM,,,"4505 King Road, CHINA TWP, MI 48054",-8.44635675576073e+18,Form Submission Attachments,AQD - Air,Application/Request
2026-07-24,2026.0,TOYOTA MOTOR NORTH AMERICA R&D,SUBMISSI,Submission PDF,https://mienviro.michigan.gov/ncore/downloadpdf/5415919102049765731,N2915,MAJOR,1555 WOODRIDGE,ANN ARBOR,48105.0,WASHTENAW,JACKSON,KAVANAUGHD,,,"1555 WOODRIDGE, ANN ARBOR, MI 48105",5.415919102049765e+18,Form Submission Attachments,AQD - Air,Application/Request
2026-07-24,2026.0,"HUTCHINSON ANTIVIBRATION SYSTEMS, INC",SUBMISSI,Submission PDF,https://mienviro.michigan.gov/ncore/downloadpdf/2065806455368495591,A9364,MAJOR,600  Seventh St.,CADILLAC,49601.0,WEXFORD,CADILLAC,DICKMANR,,,"600  Seventh St., CADILLAC, MI 49601",2.065806455368496e+18,Form Submission Attachments,AQD - Air,Application/Request
2026-07-24,2026.0,ULTIUM CELLS LLC,NFORMDOC,nForm Document,https://mienviro.michigan.gov/ncore/downloadpdf/-5007159079350885465,P1269,,7111 DAVIS HWY,LANSING,48917.0,EATON,LANSING,,,,"7111 DAVIS HWY, LANSING, MI 48917",-5.007159079350884e+18,Form Submission Attachments,AQD - Air,Application/Request
2026-07-24,2026.0,"PHARMACIA & UPJOHN CO LLC, A SUBSIDIARY OF PFIZER",NFORMDOC,nForm Document,https://mienviro.michigan.gov/ncore/downloadpdf/-7462966862448781363,B3610,MEGASITE,7000  Portage Road,KALAMAZOO,49001.0,KALAMAZOO,KALAMAZOO,BROTHERSM,,,"7000  Portage Road, KALAMAZOO, MI 49001",-7.462966862448781e+18,Form Submission Attachments,AQD - Air,Application/Request
2026-07-24,2026.0,NATIONAL ENERGY OF MCBAIN LLC,NFORMDOC,nForm Document,https://mienviro.michigan.gov/ncore/downloadpdf/8929194396351673827,N1160,MAJOR,6751 W. Gerwoude Dr.,MCBAIN,49657.0,MISSAUKEE,GAYLORD,BOWMAND7,,,"6751 W. Gerwoude Dr., MCBAIN, MI 49657",8.929194396351673e+18,Form Submission Attachments,AQD - Air,Application/Request
2026-07-24,2026.0,ST. CLAIR / BELLE RIVER POWER PLANT,NFORMDOC,nForm Document,https://mienviro.michigan.gov/ncore/downloadpdf/2534860560002328572,B2796,MAJOR,4505 King Road,CHINA TWP,48054.0,SAINT CLAIR,WARREN,DZIADOSZM,,,"4505 King Road, CHINA TWP, MI 48054",2.5348605600023286e+18,Form Submission Attachments,AQD - Air,Application/Request
2026-07-24,2026.0,WEYERHAEUSER NR COMPANY,NFORMDOC,nForm Document,https://mienviro.michigan.gov/ncore/downloadpdf/4845251339218380176,B7302,MAJOR,4111 W FOUR MILE RD,GRAYLING,49738.0,CRAWFORD,GAYLORD,LEBLANCS,,,"4111 W FOUR MILE RD, GRAYLING, MI 49738",4.84525133921838e+18,Form Submission Attachments,AQD - Air,Application/Request
2026-07-24,2026.0,"PHARMACIA & UPJOHN CO LLC, A SUBSIDIARY OF PFIZER",SUBMISSI,Submission PDF,https://mienviro.michigan.gov/ncore/downloadpdf/6465693000947135816,B3610,MEGASITE,7000  Portage Road,KALAMAZOO,49001.0,KALAMAZOO,KALAMAZOO,BROTHERSM,,,"7000  Portage Road, KALAMAZOO, MI 49001",6.465693000947137e+18,Form Submission Attachments,AQD - Air,Application/Request
2026-07-24,2026.0,NATIONAL ENERGY OF MCBAIN LLC,NFORMDOC,nForm Document,https://mienviro.michigan.gov/ncore/downloadpdf/8559644088451154337,N1160,MAJOR,6751 W. Gerwoude Dr.,MCBAIN,49657.0,MISSAUKEE,GAYLORD,BOWMAND7,,,"6751 W. Gerwoude Dr., MCBAIN, MI 49657",8.559644088451154e+18,Form Submission Attachments,AQD - Air,Application/Request
2026-07-24,2026.0,"HUTCHINSON ANTIVIBRATION SYSTEMS, INC",NFORMDOC,nForm Document,https://mienviro.michigan.gov/ncore/downloadpdf/83117477623821980,A9364,MAJOR,600  Seventh St.,CADILLAC,49601.0,WEXFORD,CADILLAC,DICKMANR,,,"600  Seventh St., CADILLAC, MI 49601",8.311747762382198e+16,Form Submission Attachments,AQD - Air,Application/Request
2026-07-24,2026.0,CONSUMERS ENERGY CO. - ZEELAND GENERATING STATION,NFORMDOC,nForm Document,https://mienviro.michigan.gov/ncore/downloadpdf/2649328453379404243,N6521,MAJOR,425 Fairview Rd.,ZEELAND,49464.0,OTTAWA,GRAND RAPIDS,DEVRIESK1,,,"425 Fairview Rd., ZEELAND, MI 49464",2.649328453379404e+18,Form Submission Attachments,AQD - Air,Application/Request
2026-07-24,2026.0,"PHARMACIA & UPJOHN CO LLC, A SUBSIDIARY OF PFIZER",NFORMDOC,nForm Document,https://mienviro.michigan.gov/ncore/downloadpdf/3730143580581318132,B3610,MEGASITE,7000  Portage Road,KALAMAZOO,49001.0,KALAMAZOO,KALAMAZOO,BROTHERSM,,,"7000  Portage Road, KALAMAZOO, MI 49001",3.730143580581319e+18,Form Submission Attachments,AQD - Air,Application/Request
2026-07-24,2026.0,GRAYMONT WESTERN LIME INC,NFORMDOC,nForm Document,https://mienviro.michigan.gov/ncore/downloadpdf/3530734309841216999,N7362,MAJOR,181 W COUNTY ROAD 432,GULLIVER,49840.0,SCHOOLCRAFT,MARQUETTE,SCANLANJ,,,"181 W COUNTY ROAD 432, GULLIVER, MI 49840",3.530734309841217e+18,Form Submission Attachments,AQD - Air,Application/Request
2026-07-24,2026.0,NATIONAL ENERGY OF MCBAIN LLC,NFORMDOC,nForm Document,https://mienviro.michigan.gov/ncore/downloadpdf/-7776869869926954021,N1160,MAJOR,6751 W. Gerwoude Dr.,MCBAIN,49657.0,MISSAUKEE,GAYLORD,BOWMAND7,,,"6751 W. Gerwoude Dr., MCBAIN, MI 49657",-7.776869869926954e+18,Form Submission Attachments,AQD - Air,Application/Request
2026-07-24,2026.0,CONSUMERS ENERGY CO. - ZEELAND GENERATING STATION,NFORMDOC,nForm Document,https://mienviro.michigan.gov/ncore/downloadpdf/859232565993548972,N6521,MAJOR,425 Fairview Rd.,ZEELAND,49464.0,OTTAWA,GRAND RAPIDS,DEVRIESK1,,,"425 Fairview Rd., ZEELAND, MI 49464",8.592325659935489e+17,Form Submission Attachments,AQD - Air,Application/Request
2026-07-24,2026.0,MPLX TERMINALS LLC - FLINT LIGHT PRODUCTS TERMINAL,ONSITEIN,On-Site Inspection (06/01/2026),https://mienviro.michigan.gov/ncore/downloadpdf/-1306287891348760572,B7110,SM OPT OUT,6065 N DORT HWY,MOUNT MORRIS,48458.0,GENESEE,LANSING,BRUNNERJ1,,,"6065 N DORT HWY, MOUNT MORRIS, MI 48458",-1.3062878913487603e+18,Air Evaluation Documents,AQD - Air,Evaluation
2026-07-24,2026.0,FCA US LLC - CHRYSLER TECHNOLOGY CENTER,SUBMISSI,Submission PDF,https://mienviro.michigan.gov/ncore/downloadpdf/2065151179929632924,N1436,MAJOR,800 Chrysler Drive,AUBURN HILLS,48326.0,OAKLAND,WARREN,BOGNARA1,,,"800 Chrysler Drive, AUBURN HILLS, MI 48326",2.0651511799296328e+18,Form Submission Attachments,AQD - Air,Application/Request
2026-07-24,2026.0,EATON RAPIDS GAS STORAGE SYSTEM,SUBMISSI,Submission PDF,https://mienviro.michigan.gov/ncore/downloadpdf/9087908868171218981,N3022,MAJOR,3349 S Waverly Rd,EATON RAPIDS,48827.0,INGHAM,LANSING,DAVISS46,,,"3349 S Waverly Rd, EATON RAPIDS, MI 48827",9.08790886817122e+18,Form Submission Attachments,AQD - Air,Application/Request
2026-07-24,2026.0,WEYERHAEUSER NR COMPANY,SUBMISSI,Submission PDF,https://mienviro.michigan.gov/ncore/downloadpdf/4189089313499731460,B7302,MAJOR,4111 W FOUR MILE RD,GRAYLING,49738.0,CRAWFORD,GAYLORD,LEBLANCS,,,"4111 W FOUR MILE RD, GRAYLING, MI 49738",4.189089313499731e+18,Form Submission Attachments,AQD - Air,Application/Request
2026-07-24,2026.0,EATON RAPIDS GAS STORAGE SYSTEM,NFORMDOC,nForm Document,https://mienviro.michigan.gov/ncore/downloadpdf/-1062900310938915419,N3022,MAJOR,3349 S Waverly Rd,EATON RAPIDS,48827.0,INGHAM,LANSING,DAVISS46,,,"3349 S Waverly Rd, EATON RAPIDS, MI 48827",-1.0629003109389156e+18,Form Submission Attachments,AQD - Air,Application/Request
2026-07-24,2026.0,NATIONAL ENERGY OF MCBAIN LLC,NFORMDOC,nForm Document,https://mienviro.michigan.gov/ncore/downloadpdf/-5912806184787685066,N1160,MAJOR,6751 W. Gerwoude Dr.,MCBAIN,49657.0,MISSAUKEE,GAYLORD,BOWMAND7,,,"6751 W. Gerwoude Dr., MCBAIN, MI 49657",-5.912806184787684e+18,Form Submission Attachments,AQD - Air,Application/Request
2026-07-24,2026.0,"MEAD JOHNSON & COMPANY, LLC",NFORMDOC,nForm Document,https://mienviro.michigan.gov/ncore/downloadpdf/6016611155199156619,A5858,MAJOR,725 E. Main Street,ZEELAND,49464.0,OTTAWA,GRAND RAPIDS,ROBINSONC17,,,"725 E. Main Street, ZEELAND, MI 49464",6.016611155199157e+18,Form Submission Attachments,AQD - Air,Application/Request
2026-07-24,2026.0,CONSUMERS ENERGY CO. - ZEELAND GENERATING STATION,SUBMISSI,Submission PDF,https://mienviro.michigan.gov/ncore/downloadpdf/6265053387330943993,N6521,MAJOR,425 Fairview Rd.,ZEELAND,49464.0,OTTAWA,GRAND RAPIDS,DEVRIESK1,,,"425 Fairview Rd., ZEELAND, MI 49464",6.265053387330944e+18,Form Submission Attachments,AQD - Air,Application/Request
2026-07-24,2026.0,"MEAD JOHNSON & COMPANY, LLC",SUBMISSI,Submission PDF,https://mienviro.michigan.gov/ncore/downloadpdf/4264087346401823447,A5858,MAJOR,725 E. Main Street,ZEELAND,49464.0,OTTAWA,GRAND RAPIDS,ROBINSONC17,,,"725 E. Main Street, ZEELAND, MI 49464",4.264087346401824e+18,Form Submission Attachments,AQD - Air,Application/Request
2026-07-24,2026.0,ST. CLAIR / BELLE RIVER POWER PLANT,NFORMDOC,nForm Document,https://mienviro.michigan.gov/ncore/downloadpdf/5087268815254805317,B2796,MAJOR,4505 King Road,CHINA TWP,48054.0,SAINT CLAIR,WARREN,DZIADOSZM,,,"4505 King Road, CHINA TWP, MI 48054",5.087268815254804e+18,Form Submission Attachments,AQD - Air,Application/Request
2026-07-24,2026.0,"PHARMACIA & UPJOHN CO LLC, A SUBSIDIARY OF PFIZER",NFORMDOC,nForm Document,https://mienviro.michigan.gov/ncore/downloadpdf/7420462715941688992,B3610,MEGASITE,7000  Portage Road,KALAMAZOO,49001.0,KALAMAZOO,KALAMAZOO,BROTHERSM,,,"7000  Portage Road, KALAMAZOO, MI 49001",7.420462715941689e+18,Form Submission Attachments,AQD - Air,Application/Request
2026-07-24,2026.0,ST. CLAIR / BELLE RIVER POWER PLANT,NFORMDOC,nForm Document,https://mienviro.michigan.gov/ncore/downloadpdf/-4848523217288111933,B2796,MAJOR,4505 King Road,CHINA TWP,48054.0,SAINT CLAIR,WARREN,DZIADOSZM,,,"4505 King Road, CHINA TWP, MI 48054",-4.848523217288112e+18,Form Submission Attachments,AQD - Air,Application/Request
2026-07-24,2026.0,ST. CLAIR / BELLE RIVER POWER PLANT,NFORMDOC,nForm Document,https://mienviro.michigan.gov/ncore/downloadpdf/-7562797502465943130,B2796,MAJOR,4505 King Road,CHINA TWP,48054.0,SAINT CLAIR,WARREN,DZIADOSZM,,,"4505 King Road, CHINA TWP, MI 48054",-7.562797502465943e+18,Form Submission Attachments,AQD - Air,Application/Request
2026-07-24,2026.0,WEYERHAEUSER NR COMPANY,NFORMDOC,nForm Document,https://mienviro.michigan.gov/ncore/downloadpdf/989361166048683771,B7302,MAJOR,4111 W FOUR MILE RD,GRAYLING,49738.0,CRAWFORD,GAYLORD,LEBLANCS,,,"4111 W FOUR MILE RD, GRAYLING, MI 49738",9.893611660486836e+17,Form Submission Attachments,AQD - Air,Application/Request
2026-07-24,2026.0,MICHIGAN POWER LIMITED PARTNERSHIP,SUBMISSI,Submission PDF,https://mienviro.michigan.gov/ncore/downloadpdf/916417021553243072,N4975,MAJOR,5795 6th Street,LUDINGTON,49431.0,MASON,CADILLAC,OWENSC1,,,"5795 6th Street, LUDINGTON, MI 49431",9.16417021553243e+17,Form Submission Attachments,AQD - Air,Application/Request
2026-07-24,2026.0,"PHARMACIA & UPJOHN CO LLC, A SUBSIDIARY OF PFIZER",NFORMDOC,nForm Document,https://mienviro.michigan.gov/ncore/downloadpdf/-5230481995905253433,B3610,MEGASITE,7000  Portage Road,KALAMAZOO,49001.0,KALAMAZOO,KALAMAZOO,BROTHERSM,,,"7000  Portage Road, KALAMAZOO, MI 49001",-5.230481995905252e+18,Form Submission Attachments,AQD - Air,Application/Request
2026-07-24,2026.0,GRAYMONT WESTERN LIME INC,NFORMDOC,nForm Document,https://mienviro.michigan.gov/ncore/downloadpdf/-451386797736153323,N7362,MAJOR,181 W COUNTY ROAD 432,GULLIVER,49840.0,SCHOOLCRAFT,MARQUETTE,SCANLANJ,,,"181 W COUNTY ROAD 432, GULLIVER, MI 49840",-4.513867977361533e+17,Form Submission Attachments,AQD - Air,Application/Request
2026-07-24,2026.0,NATIONAL ENERGY OF MCBAIN LLC,NFORMDOC,nForm Document,https://mienviro.michigan.gov/ncore/downloadpdf/-2005695328527618605,N1160,MAJOR,6751 W. Gerwoude Dr.,MCBAIN,49657.0,MISSAUKEE,GAYLORD,BOWMAND7,,,"6751 W. Gerwoude Dr., MCBAIN, MI 49657",-2.0056953285276183e+18,Form Submission Attachments,AQD - Air,Application/Request
2026-07-24,2026.0,ST. CLAIR / BELLE RIVER POWER PLANT,SUBMISSI,Submission PDF,https://mienviro.michigan.gov/ncore/downloadpdf/-7504236271395052349,B2796,MAJOR,4505 King Road,CHINA TWP,48054.0,SAINT CLAIR,WARREN,DZIADOSZM,,,"4505 King Road, CHINA TWP, MI 48054",-7.504236271395053e+18,Form Submission Attachments,AQD - Air,Application/Request
2026-07-24,2026.0,TOYOTA MOTOR NORTH AMERICA R&D,NFORMDOC,nForm Document,https://mienviro.michigan.gov/ncore/downloadpdf/-6472165918219868364,N2915,MAJOR,1555 WOODRIDGE,ANN ARBOR,48105.0,WASHTENAW,JACKSON,KAVANAUGHD,,,"1555 WOODRIDGE, ANN ARBOR, MI 48105",-6.472165918219868e+18,Form Submission Attachments,AQD - Air,Application/Request
2026-07-24,2026.0,WEYERHAEUSER NR COMPANY,NFORMDOC,nForm Document,https://mienviro.michigan.gov/ncore/downloadpdf/-408027542697533639,B7302,MAJOR,4111 W FOUR MILE RD,GRAYLING,49738.0,CRAWFORD,GAYLORD,LEBLANCS,,,"4111 W FOUR MILE RD, GRAYLING, MI 49738",-4.080275426975336e+17,Form Submission Attachments,AQD - Air,Application/Request
2026-07-24,2026.0,NATIONAL ENERGY OF MCBAIN LLC,NFORMDOC,nForm Document,https://mienviro.michigan.gov/ncore/downloadpdf/-7907816167100090199,N1160,MAJOR,6751 W. Gerwoude Dr.,MCBAIN,49657.0,MISSAUKEE,GAYLORD,BOWMAND7,,,"6751 W. Gerwoude Dr., MCBAIN, MI 49657",-7.907816167100089e+18,Form Submission Attachments,AQD - Air,Application/Request
2026-07-24,2026.0,FCA US LLC - CHRYSLER TECHNOLOGY CENTER,NFORMDOC,nForm Document,https://mienviro.michigan.gov/ncore/downloadpdf/2939187443418780551,N1436,MAJOR,800 Chrysler Drive,AUBURN HILLS,48326.0,OAKLAND,WARREN,BOGNARA1,,,"800 Chrysler Drive, AUBURN HILLS, MI 48326",2.93918744341878e+18,Form Submission Attachments,AQD - Air,Application/Request
2026-07-24,2026.0,EATON RAPIDS GAS STORAGE SYSTEM,NFORMDOC,nForm Document,https://mienviro.michigan.gov/ncore/downloadpdf/7925465644945374482,N3022,MAJOR,3349 S Waverly Rd,EATON RAPIDS,48827.0,INGHAM,LANSING,DAVISS46,,,"3349 S Waverly Rd, EATON RAPIDS, MI 48827",7.925465644945374e+18,Form Submission Attachments,AQD - Air,Application/Request
2026-07-24,2026.0,WEYERHAEUSER NR COMPANY,NFORMDOC,nForm Document,https://mienviro.michigan.gov/ncore/downloadpdf/-9157528893089212513,B7302,MAJOR,4111 W FOUR MILE RD,GRAYLING,49738.0,CRAWFORD,GAYLORD,LEBLANCS,,,"4111 W FOUR MILE RD, GRAYLING, MI 49738",-9.157528893089212e+18,Form Submission Attachments,AQD - Air,Application/Request
2026-07-24,2026.0,FCA US LLC - CHRYSLER TECHNOLOGY CENTER,NFORMDOC,nForm Document,https://mienviro.michigan.gov/ncore/downloadpdf/-722060074969010556,N1436,MAJOR,800 Chrysler Drive,AUBURN HILLS,48326.0,OAKLAND,WARREN,BOGNARA1,,,"800 Chrysler Drive, AUBURN HILLS, MI 48326",-7.220600749690106e+17,Form Submission Attachments,AQD - Air,Application/Request
2026-07-24,2026.0,"PHARMACIA & UPJOHN CO LLC, A SUBSIDIARY OF PFIZER",NFORMDOC,nForm Document,https://mienviro.michigan.gov/ncore/downloadpdf/-2717268421363935846,B3610,MEGASITE,7000  Portage Road,KALAMAZOO,49001.0,KALAMAZOO,KALAMAZOO,BROTHERSM,,,"7000  Portage Road, KALAMAZOO, MI 49001",-2.717268421363936e+18,Form Submission Attachments,AQD - Air,Application/Request
2026-07-24,2026.0,"MEAD JOHNSON & COMPANY, LLC",NFORMDOC,nForm Document,https://mienviro.michigan.gov/ncore/downloadpdf/5318734071546262643,A5858,MAJOR,725 E. Main Street,ZEELAND,49464.0,OTTAWA,GRAND RAPIDS,ROBINSONC17,,,"725 E. Main Street, ZEELAND, MI 49464",5.318734071546264e+18,Form Submission Attachments,AQD - Air,Application/Request
2026-07-24,2026.0,FCA US LLC - CHRYSLER TECHNOLOGY CENTER,NFORMDOC,nForm Document,https://mienviro.michigan.gov/ncore/downloadpdf/-4720362645470759901,N1436,MAJOR,800 Chrysler Drive,AUBURN HILLS,48326.0,OAKLAND,WARREN,BOGNARA1,,,"800 Chrysler Drive, AUBURN HILLS, MI 48326",-4.72036264547076e+18,Form Submission Attachments,AQD - Air,Application/Request
2026-07-24,2026.0,MICHIGAN POWER LIMITED PARTNERSHIP,NFORMDOC,nForm Document,https://mienviro.michigan.gov/ncore/downloadpdf/6017177485604096633,N4975,MAJOR,5795 6th Street,LUDINGTON,49431.0,MASON,CADILLAC,OWENSC1,,,"5795 6th Street, LUDINGTON, MI 49431",6.017177485604097e+18,Form Submission Attachments,AQD - Air,Application/Request
2026-07-24,2026.0,NATIONAL ENERGY OF MCBAIN LLC,SUBMISSI,Submission PDF,https://mienviro.michigan.gov/ncore/downloadpdf/-400046276602272496,N1160,MAJOR,6751 W. Gerwoude Dr.,MCBAIN,49657.0,MISSAUKEE,GAYLORD,BOWMAND7,,,"6751 W. Gerwoude Dr., MCBAIN, MI 49657",-4.000462766022725e+17,Form Submission Attachments,AQD - Air,Application/Request
2026-07-24,2026.0,ST. CLAIR / BELLE RIVER POWER PLANT,NFORMDOC,nForm Document,https://mienviro.michigan.gov/ncore/downloadpdf/3568892464674575039,B2796,MAJOR,4505 King Road,CHINA TWP,48054.0,SAINT CLAIR,WARREN,DZIADOSZM,,,"4505 King Road, CHINA TWP, MI 48054",3.5688924646745754e+18,Form Submission Attachments,AQD - Air,Application/Request
2026-07-24,2026.0,EATON RAPIDS GAS STORAGE SYSTEM,NFORMDOC,nForm Document,https://mienviro.michigan.gov/ncore/downloadpdf/8330397417985151312,N3022,MAJOR,3349 S Waverly Rd,EATON RAPIDS,48827.0,INGHAM,LANSING,DAVISS46,,,"3349 S Waverly Rd, EATON RAPIDS, MI 48827",8.33039741798515e+18,Form Submission Attachments,AQD - Air,Application/Request
2026-07-24,2026.0,MICHIGAN POWER LIMITED PARTNERSHIP,NFORMDOC,nForm Document,https://mienviro.michigan.gov/ncore/downloadpdf/-2918964611278527408,N4975,MAJOR,5795 6th Street,LUDINGTON,49431.0,MASON,CADILLAC,OWENSC1,,,"5795 6th Street, LUDINGTON, MI 49431",-2.9189646112785275e+18,Form Submission Attachments,AQD - Air,Application/Request
2026-07-24,2026.0,TOYOTA MOTOR NORTH AMERICA R&D,NFORMDOC,nForm Document,https://mienviro.michigan.gov/ncore/downloadpdf/-2652956640914420691,N2915,MAJOR,1555 WOODRIDGE,ANN ARBOR,48105.0,WASHTENAW,JACKSON,KAVANAUGHD,,,"1555 WOODRIDGE, ANN ARBOR, MI 48105",-2.6529566409144207e+18,Form Submission Attachments,AQD - Air,Application/Request
2026-07-23,2026.0,MAGNA MIRRORS NORTH AMERICA,SUBMISSI,Submission PDF,https://mienviro.michigan.gov/ncore/downloadpdf/5604207182793336535,N5056,MAJOR,700 South Industrial Drive,NEWAYGO,49337.0,NEWAYGO,GRAND RAPIDS,DEVRIESK1,,,"700 South Industrial Drive, NEWAYGO, MI 49337",5.604207182793337e+18,Form Submission Attachments,AQD - Air,Application/Request
2026-07-23,2026.0,GENERAL MOTORS LLC FLINT ASSEMBLY,ONSITEIN,On-Site Inspection (03/03/2026),https://mienviro.michigan.gov/ncore/downloadpdf/-7407645872522097922,B1606,MAJOR,G-3100  Van Slyke Rd.,FLINT,48551.0,GENESEE,LANSING,BYRNESR,,,"G-3100  Van Slyke Rd., FLINT, MI 48551",-7.407645872522099e+18,Air Evaluation Documents,AQD - Air,Evaluation
2026-07-23,2026.0,"VERSO QUINNESEC, LLC",NFORMDOC,nForm Document,https://mienviro.michigan.gov/ncore/downloadpdf/-3876805950451378208,B7192,MAJOR,W-6791 US HIGHWAY 2,QUINNESEC,49876.0,DICKINSON,MARQUETTE,CONKLINM1,,,"W-6791 US HIGHWAY 2, QUINNESEC, MI 49876",-3.8768059504513777e+18,Form Submission Attachments,AQD - Air,Application/Request
2026-07-23,2026.0,"VERSO QUINNESEC, LLC",SUBMISSI,Submission PDF,https://mienviro.michigan.gov/ncore/downloadpdf/-2374637471541087126,B7192,MAJOR,W-6791 US HIGHWAY 2,QUINNESEC,49876.0,DICKINSON,MARQUETTE,CONKLINM1,,,"W-6791 US HIGHWAY 2, QUINNESEC, MI 49876",-2.374637471541087e+18,Form Submission Attachments,AQD - Air,Application/Request
2026-07-23,2026.0,"VERSO QUINNESEC, LLC",SUBMISSI,Submission PDF,https://mienviro.michigan.gov/ncore/downloadpdf/-5780903836058927792,B7192,MAJOR,W-6791 US HIGHWAY 2,QUINNESEC,49876.0,DICKINSON,MARQUETTE,CONKLINM1,,,"W-6791 US HIGHWAY 2, QUINNESEC, MI 49876",-5.780903836058928e+18,Form Submission Attachments,AQD - Air,Application/Request
2026-07-23,2026.0,CORTEVA LLC,SUBMISSI,Submission PDF,https://mienviro.michigan.gov/ncore/downloadpdf/7211819166712616875,B4942,MAJOR,305 N HURON AVE,HARBOR BEACH,48441.0,HURON,BAY CITY,SHAFFERA1,,,"305 N HURON AVE, HARBOR BEACH, MI 48441",7.211819166712618e+18,Form Submission Attachments,AQD - Air,Application/Request
2026-07-23,2026.0,"GENERAL FORMULATIONS, INC.",SUBMISSI,Submission PDF,https://mienviro.michigan.gov/ncore/downloadpdf/7789049128787591977,M3554,SM OPT OUT,320 S. Union St.,SPARTA,49345.0,KENT,GRAND RAPIDS,COXM9,,,"320 S. Union St., SPARTA, MI 49345",7.789049128787592e+18,Form Submission Attachments,AQD - Air,Application/Request
2026-07-23,2026.0,J. H. CAMPBELL PLANT,SCHEDULE,Schedule - Air Quality Test Report Submittal,https://mienviro.michigan.gov/ncore/downloadpdf/-8723134871753818911,B2835,MAJOR,17000  Croswell,WEST OLIVE,49460.0,OTTAWA,GRAND RAPIDS,DEVRIESK1,,,"17000  Croswell, WEST OLIVE, MI 49460",-8.723134871753819e+18,Misc. Submittal Docs,AQD - Air,Application/Request
2026-07-23,2026.0,HICKS PLASTICS COMPANY LLC,AIRPERMI,Air Permit to Install,https://mienviro.michigan.gov/ncore/downloadpdf/-5419627396660362015,P0457,SM OPT OUT,51308 INDUSTRIAL DRIVE,MACOMB,48042.0,MACOMB,WARREN,DZIADOSZM,,,"51308 INDUSTRIAL DRIVE, MACOMB, MI 48042",-5.419627396660361e+18,Air Permit to Install Documents,AQD - Air,Permit
2026-07-23,2026.0,CADILLAC RENEWABLE ENERGY FACILITY,NFORMDOC,nForm Document,https://mienviro.michigan.gov/ncore/downloadpdf/1822917190607267582,N1395,MAJOR,1525 Miltner St.,CADILLAC,49601.0,WEXFORD,GAYLORD,BOWMAND7,,,"1525 Miltner St., CADILLAC, MI 49601",1.822917190607268e+18,Form Submission Attachments,AQD - Air,Application/Request
2026-07-23,2026.0,"BUCKEYE TERMINALS, LLC - NILES TERMINAL",NFORMDOC,nForm Document,https://mienviro.michigan.gov/ncore/downloadpdf/4759678646963339347,B9132,SM OPT OUT,2303 S. 3rd Street,NILES,49120.0,BERRIEN,KALAMAZOO,DESKINSM,,,"2303 S. 3rd Street, NILES, MI 49120",4.759678646963339e+18,Form Submission Attachments,AQD - Air,Application/Request
2026-07-23,2026.0,TILDEN MINING COMPANY  LC,SUBMISSI,Submission PDF,https://mienviro.michigan.gov/ncore/downloadpdf/-7072274809420072056,B4885,MAJOR,1 TILDEN MINE ROAD,ISHPEMING,49849.0,MARQUETTE,MARQUETTE,CONKLINM1,,,"1 TILDEN MINE ROAD, ISHPEMING, MI 49849",-7.072274809420072e+18,Form Submission Attachments,AQD - Air,Application/Request
2026-07-23,2026.0,NATURAL AGGREGATES CORPORATION,AIRGENER,Air General Permit to Install,https://mienviro.michigan.gov/ncore/downloadpdf/-6992079522188507260,N6831,MINOR,3362 Muir Road,BRIGHTON,48380.0,LIVINGSTON,LANSING,DAVISS46,,,"3362 Muir Road, BRIGHTON, MI 48380",-6.992079522188507e+18,Air Permit to Install Documents,AQD - Air,Permit
2026-07-23,2026.0,"VERSO QUINNESEC, LLC",NFORMDOC,nForm Document,https://mienviro.michigan.gov/ncore/downloadpdf/519605602645171464,B7192,MAJOR,W-6791 US HIGHWAY 2,QUINNESEC,49876.0,DICKINSON,MARQUETTE,CONKLINM1,,,"W-6791 US HIGHWAY 2, QUINNESEC, MI 49876",5.1960560264517146e+17,Form Submission Attachments,AQD - Air,Application/Request
2026-07-23,2026.0,J. H. CAMPBELL PLANT,TESTOBSE,Test Observation (07/07/2026),https://mienviro.michigan.gov/ncore/downloadpdf/9064389442573327554,B2835,MAJOR,17000  Croswell,WEST OLIVE,49460.0,OTTAWA,GRAND RAPIDS,DEVRIESK1,,,"17000  Croswell, WEST OLIVE, MI 49460",9.064389442573328e+18,Inspection Report,AQD - Air,Evaluation
2026-07-23,2026.0,ONWELLER FARMS,AIRPERMI,Air Permit to Install,https://mienviro.michigan.gov/ncore/downloadpdf/-8244739988071685048,N3274,MINOR,5123 YANKEE,MORENCI,49256.0,LENAWEE,JACKSON,WEEMSS,,,"5123 YANKEE, MORENCI, MI 49256",-8.244739988071685e+18,Air Permit to Install Documents,AQD - Air,Permit
2026-07-23,2026.0,MAGNA MIRRORS NORTH AMERICA,SUBMISSI,Submission PDF,https://mienviro.michigan.gov/ncore/downloadpdf/6188651037479894795,N5056,MAJOR,700 South Industrial Drive,NEWAYGO,49337.0,NEWAYGO,GRAND RAPIDS,DEVRIESK1,,,"700 South Industrial Drive, NEWAYGO, MI 49337",6.188651037479895e+18,Form Submission Attachments,AQD - Air,Application/Request
2026-07-23,2026.0,CADILLAC RENEWABLE ENERGY FACILITY,NFORMDOC,nForm Document,https://mienviro.michigan.gov/ncore/downloadpdf/-7186027480541722833,N1395,MAJOR,1525 Miltner St.,CADILLAC,49601.0,WEXFORD,GAYLORD,BOWMAND7,,,"1525 Miltner St., CADILLAC, MI 49601",-7.186027480541723e+18,Form Submission Attachments,AQD - Air,Application/Request
2026-07-23,2026.0,CADILLAC RENEWABLE ENERGY FACILITY,NFORMDOC,nForm Document,https://mienviro.michigan.gov/ncore/downloadpdf/5038502967989623925,N1395,MAJOR,1525 Miltner St.,CADILLAC,49601.0,WEXFORD,GAYLORD,BOWMAND7,,,"1525 Miltner St., CADILLAC, MI 49601",5.038502967989624e+18,Form Submission Attachments,AQD - Air,Application/Request
2026-07-23,2026.0,CORTEVA LLC,NFORMDOC,nForm Document,https://mienviro.michigan.gov/ncore/downloadpdf/-1009402824798600080,B4942,MAJOR,305 N HURON AVE,HARBOR BEACH,48441.0,HURON,BAY CITY,SHAFFERA1,,,"305 N HURON AVE, HARBOR BEACH, MI 48441",-1.0094028247986e+18,Form Submission Attachments,AQD - Air,Application/Request
2026-07-23,2026.0,TILDEN MINING COMPANY  LC,NFORMDOC,nForm Document,https://mienviro.michigan.gov/ncore/downloadpdf/-6264627686105432052,B4885,MAJOR,1 TILDEN MINE ROAD,ISHPEMING,49849.0,MARQUETTE,MARQUETTE,CONKLINM1,,,"1 TILDEN MINE ROAD, ISHPEMING, MI 49849",-6.264627686105432e+18,Form Submission Attachments,AQD - Air,Application/Request
2026-07-23,2026.0,CADILLAC RENEWABLE ENERGY FACILITY,NFORMDOC,nForm Document,https://mienviro.michigan.gov/ncore/downloadpdf/5404651308093745129,N1395,MAJOR,1525 Miltner St.,CADILLAC,49601.0,WEXFORD,GAYLORD,BOWMAND7,,,"1525 Miltner St., CADILLAC, MI 49601",5.404651308093745e+18,Form Submission Attachments,AQD - Air,Application/Request
2026-07-23,2026.0,CORTEVA LLC,NFORMDOC,nForm Document,https://mienviro.michigan.gov/ncore/downloadpdf/-5755154412359948278,B4942,MAJOR,305 N HURON AVE,HARBOR BEACH,48441.0,HURON,BAY CITY,SHAFFERA1,,,"305 N HURON AVE, HARBOR BEACH, MI 48441",-5.755154412359948e+18,Form Submission Attachments,AQD - Air,Application/Request
2026-07-23,2026.0,"BUCKEYE TERMINALS, LLC - NILES TERMINAL",NFORMDOC,nForm Document,https://mienviro.michigan.gov/ncore/downloadpdf/7233830226356124317,B9132,SM OPT OUT,2303 S. 3rd Street,NILES,49120.0,BERRIEN,KALAMAZOO,DESKINSM,,,"2303 S. 3rd Street, NILES, MI 49120",7.233830226356125e+18,Form Submission Attachments,AQD - Air,Application/Request
2026-07-23,2026.0,GLWA WATER RESOURCE RECOVERY FACILITY,SCHEDULE,Schedule - Air Quality Test Report Submittal,https://mienviro.michigan.gov/ncore/downloadpdf/321236775388655159,B2103,MAJOR,9300 W. JEFFERSON AVE,DETROIT,48209.0,WAYNE,DETROIT,WEISS,,,"9300 W. JEFFERSON AVE, DETROIT, MI 48209",3.212367753886552e+17,Misc. Submittal Docs,AQD - Air,Application/Request
2026-07-23,2026.0,QUALA,NFORMDOC,nForm Document,https://mienviro.michigan.gov/ncore/downloadpdf/3141181454458973683,N7164,SM OPT OUT,50321 E Russell Schmidt,CHESTERFIELD,48051.0,MACOMB,WARREN,KELLYK6,,,"50321 E Russell Schmidt, CHESTERFIELD, MI 48051",3.1411814544589737e+18,Form Submission Attachments,AQD - Air,Application/Request
2026-07-23,2026.0,J. H. CAMPBELL PLANT,TESTOBSE,Test Observation (07/06/2026),https://mienviro.michigan.gov/ncore/downloadpdf/5624084434849730008,B2835,MAJOR,17000  Croswell,WEST OLIVE,49460.0,OTTAWA,GRAND RAPIDS,DEVRIESK1,,,"17000  Croswell, WEST OLIVE, MI 49460",5.62408443484973e+18,Inspection Report,AQD - Air,Evaluation
2026-07-23,2026.0,LOUISIANA-PACIFIC CORP NEWBERRY PLANT,SCHEDULE,Schedule - Air Quality Test Report Submittal,https://mienviro.michigan.gov/ncore/downloadpdf/-279634227634683595,N0780,MAJOR,7299 N COUNTY ROAD 403,NEWBERRY,49868.0,LUCE,MARQUETTE,CONKLINM1,,,"7299 N COUNTY ROAD 403, NEWBERRY, MI 49868",-2.796342276346836e+17,Misc. Submittal Docs,AQD - Air,Application/Request
2026-07-23,2026.0,MICHIGAN POWER LIMITED PARTNERSHIP,NFORMDOC,nForm Document,https://mienviro.michigan.gov/ncore/downloadpdf/1719967262509341114,N4975,MAJOR,5795 6th Street,LUDINGTON,49431.0,MASON,CADILLAC,OWENSC1,,,"5795 6th Street, LUDINGTON, MI 49431",1.7199672625093412e+18,Form Submission Attachments,AQD - Air,Application/Request
2026-07-23,2026.0,NATURAL AGGREGATES CORPORATION,AIRGENER,Air General Permit to Install,https://mienviro.michigan.gov/ncore/downloadpdf/3590649398903378941,N6831,MINOR,3362 Muir Road,BRIGHTON,48380.0,LIVINGSTON,LANSING,DAVISS46,,,"3362 Muir Road, BRIGHTON, MI 48380",3.590649398903379e+18,Air Permit to Install Documents,AQD - Air,Permit
2026-07-23,2026.0,"VERSO QUINNESEC, LLC",SUBMISSI,Submission PDF,https://mienviro.michigan.gov/ncore/downloadpdf/6597857424278335565,B7192,MAJOR,W-6791 US HIGHWAY 2,QUINNESEC,49876.0,DICKINSON,MARQUETTE,CONKLINM1,,,"W-6791 US HIGHWAY 2, QUINNESEC, MI 49876",6.597857424278335e+18,Form Submission Attachments,AQD - Air,Application/Request
2026-07-23,2026.0,"MICHIGAN SUGAR COMPANY, CARO FACTORY",NFORMDOC,nForm Document,https://mienviro.michigan.gov/ncore/downloadpdf/-2408864507699577466,B2875,MAJOR,819 Peninsular St.,CARO,48723.0,TUSCOLA,BAY CITY,SHAFFERA1,,,"819 Peninsular St., CARO, MI 48723",-2.4088645076995773e+18,Form Submission Attachments,AQD - Air,Application/Request
2026-07-23,2026.0,SEMCO ENERGY GAS COMPANY - MORTON WELLS FACILITY,SUBMISSI,Submission PDF,https://mienviro.michigan.gov/ncore/downloadpdf/7710908880520777103,N5989,SM OPT OUT,1100 GRATIOT AVE,MARYSVILLE,48040.0,SAINT CLAIR,WARREN,ELMOUCHIR,,,"1100 GRATIOT AVE, MARYSVILLE, MI 48040",7.710908880520778e+18,Form Submission Attachments,AQD - Air,Application/Request
2026-07-23,2026.0,ALLIED FINISHING INC,AIRPERMI,Air Permit to Install,https://mienviro.michigan.gov/ncore/downloadpdf/-8118278569473148770,B6196,MINOR,4100 BROADMOOR AVENUE SE,GRAND RAPIDS,49512.0,KENT,GRAND RAPIDS,LAZZAROA1,,,"4100 BROADMOOR AVENUE SE, GRAND RAPIDS, MI 49512",-8.118278569473149e+18,Air Permit to Install Documents,AQD - Air,Permit
2026-07-23,2026.0,"VERSO QUINNESEC, LLC",NFORMDOC,nForm Document,https://mienviro.michigan.gov/ncore/downloadpdf/-5398514508871705310,B7192,MAJOR,W-6791 US HIGHWAY 2,QUINNESEC,49876.0,DICKINSON,MARQUETTE,CONKLINM1,,,"W-6791 US HIGHWAY 2, QUINNESEC, MI 49876",-5.398514508871705e+18,Form Submission Attachments,AQD - Air,Application/Request
2026-07-23,2026.0,TES FILER CITY STATION,SUBMISSI,Submission PDF,https://mienviro.michigan.gov/ncore/downloadpdf/-1181055724054021152,N1685,MAJOR,700  Mee Street,FILER CITY,49634.0,MANISTEE,CADILLAC,OWENSC1,,,"700  Mee Street, FILER CITY, MI 49634",-1.181055724054021e+18,Form Submission Attachments,AQD - Air,Application/Request
2026-07-23,2026.0,ALLIED FINISHING INC,AIRPERMI,Air Permit to Install,https://mienviro.michigan.gov/ncore/downloadpdf/5179468570672901262,B6196,MINOR,4100 BROADMOOR AVENUE SE,GRAND RAPIDS,49512.0,KENT,GRAND RAPIDS,LAZZAROA1,,,"4100 BROADMOOR AVENUE SE, GRAND RAPIDS, MI 49512",5.179468570672901e+18,Air Permit to Install Documents,AQD - Air,Permit
2026-07-23,2026.0,GLWA WATER RESOURCE RECOVERY FACILITY,SCHEDULE,Schedule - Air Quality Test Report Submittal,https://mienviro.michigan.gov/ncore/downloadpdf/7766616294250933503,B2103,MAJOR,9300 W. JEFFERSON AVE,DETROIT,48209.0,WAYNE,DETROIT,WEISS,,,"9300 W. JEFFERSON AVE, DETROIT, MI 48209",7.766616294250933e+18,Misc. Submittal Docs,AQD - Air,Application/Request
2026-07-23,2026.0,LOUISIANA-PACIFIC CORP NEWBERRY PLANT,SCHEDULE,Schedule - Air Quality Test Report Submittal,https://mienviro.michigan.gov/ncore/downloadpdf/-6896167962307797841,N0780,MAJOR,7299 N COUNTY ROAD 403,NEWBERRY,49868.0,LUCE,MARQUETTE,CONKLINM1,,,"7299 N COUNTY ROAD 403, NEWBERRY, MI 49868",-6.896167962307798e+18,Misc. Submittal Docs,AQD - Air,Application/Request
2026-07-23,2026.0,TILDEN MINING COMPANY  LC,NFORMDOC,nForm Document,https://mienviro.michigan.gov/ncore/downloadpdf/6503180351784308889,B4885,MAJOR,1 TILDEN MINE ROAD,ISHPEMING,49849.0,MARQUETTE,MARQUETTE,CONKLINM1,,,"1 TILDEN MINE ROAD, ISHPEMING, MI 49849",6.503180351784309e+18,Form Submission Attachments,AQD - Air,Application/Request
2026-07-23,2026.0,CONSUMERS ENERGY CO. - JACKSON GENERATING STATION,SUBMISSI,Submission PDF,https://mienviro.michigan.gov/ncore/downloadpdf/5033176863571520673,N6626,MAJOR,2219 CHAPIN ST,JACKSON,49203.0,JACKSON,JACKSON,CARLEYB,,,"2219 CHAPIN ST, JACKSON, MI 49203",5.033176863571521e+18,Form Submission Attachments,AQD - Air,Application/Request
2026-07-23,2026.0,MICHIGAN POWER LIMITED PARTNERSHIP,SUBMISSI,Submission PDF,https://mienviro.michigan.gov/ncore/downloadpdf/-9100959670779008183,N4975,MAJOR,5795 6th Street,LUDINGTON,49431.0,MASON,CADILLAC,OWENSC1,,,"5795 6th Street, LUDINGTON, MI 49431",-9.100959670779008e+18,Form Submission Attachments,AQD - Air,Application/Request
2026-07-23,2026.0,QUALA,SUBMISSI,Submission PDF,https://mienviro.michigan.gov/ncore/downloadpdf/4950726448353956209,N7164,SM OPT OUT,50321 E Russell Schmidt,CHESTERFIELD,48051.0,MACOMB,WARREN,KELLYK6,,,"50321 E Russell Schmidt, CHESTERFIELD, MI 48051",4.950726448353956e+18,Form Submission Attachments,AQD - Air,Application/Request
2026-07-23,2026.0,"HOLLAND BPW, 48TH STREET PEAKING STATION",SUBMISSI,Submission PDF,https://mienviro.michigan.gov/ncore/downloadpdf/704121402777086038,N2586,MAJOR,491 E 48th St,HOLLAND,49423.0,ALLEGAN,KALAMAZOO,YAZZIEC,,,"491 E 48th St, HOLLAND, MI 49423",7.04121402777086e+17,Form Submission Attachments,AQD - Air,Application/Request
2026-07-23,2026.0,TILDEN MINING COMPANY  LC,NFORMDOC,nForm Document,https://mienviro.michigan.gov/ncore/downloadpdf/-5823498843709475638,B4885,MAJOR,1 TILDEN MINE ROAD,ISHPEMING,49849.0,MARQUETTE,MARQUETTE,CONKLINM1,,,"1 TILDEN MINE ROAD, ISHPEMING, MI 49849",-5.823498843709476e+18,Form Submission Attachments,AQD - Air,Application/Request
2026-07-23,2026.0,CONSUMERS ENERGY - ST. CLAIR COMPRESSOR STATION,TESTOBSE,Test Observation (07/16/2026),https://mienviro.michigan.gov/ncore/downloadpdf/-2307178484790147272,B6637,MAJOR,10021  MARINE CITY HWY.,IRA TWP,48023.0,SAINT CLAIR,WARREN,ELMOUCHIR,,,"10021  MARINE CITY HWY., IRA TWP, MI 48023",-2.307178484790147e+18,Inspection Report,AQD - Air,Evaluation
2026-07-23,2026.0,"VERSO QUINNESEC, LLC",NFORMDOC,nForm Document,https://mienviro.michigan.gov/ncore/downloadpdf/-2998236486383070069,B7192,MAJOR,W-6791 US HIGHWAY 2,QUINNESEC,49876.0,DICKINSON,MARQUETTE,CONKLINM1,,,"W-6791 US HIGHWAY 2, QUINNESEC, MI 49876",-2.99823648638307e+18,Form Submission Attachments,AQD - Air,Application/Request
2026-07-23,2026.0,CADILLAC RENEWABLE ENERGY FACILITY,NFORMDOC,nForm Document,https://mienviro.michigan.gov/ncore/downloadpdf/7372179414419853936,N1395,MAJOR,1525 Miltner St.,CADILLAC,49601.0,WEXFORD,GAYLORD,BOWMAND7,,,"1525 Miltner St., CADILLAC, MI 49601",7.372179414419854e+18,Form Submission Attachments,AQD - Air,Application/Request
2026-07-23,2026.0,MARATHON OIL - EXCELSIOR B1-24.,SUBMISSI,Submission PDF,https://mienviro.michigan.gov/ncore/downloadpdf/5309724893122674835,P0278,MINOR,7999 SUNSET TRAIL NE,KALKASKA,49646.0,KALKASKA,CADILLAC,OWENSC1,,,"7999 SUNSET TRAIL NE, KALKASKA, MI 49646",5.309724893122675e+18,Form Submission Attachments,AQD - Air,Application/Request
2026-07-23,2026.0,HICKS PLASTICS COMPANY LLC,AIRPERMI,Air Permit to Install,https://mienviro.michigan.gov/ncore/downloadpdf/3218333695453655376,P0457,SM OPT OUT,51308 INDUSTRIAL DRIVE,MACOMB,48042.0,MACOMB,WARREN,DZIADOSZM,,,"51308 INDUSTRIAL DRIVE, MACOMB, MI 48042",3.218333695453656e+18,Air Permit to Install Documents,AQD - Air,Permit
2026-07-23,2026.0,CONSUMERS ENERGY CO. - JACKSON GENERATING STATION,NFORMDOC,nForm Document,https://mienviro.michigan.gov/ncore/downloadpdf/477372102126537948,N6626,MAJOR,2219 CHAPIN ST,JACKSON,49203.0,JACKSON,JACKSON,CARLEYB,,,"2219 CHAPIN ST, JACKSON, MI 49203",4.773721021265379e+17,Form Submission Attachments,AQD - Air,Application/Request
2026-07-23,2026.0,HOLLAND BOARD OF PUBLIC WORKS-HOLLAND ENERGY PARK,SUBMISSI,Submission PDF,https://mienviro.michigan.gov/ncore/downloadpdf/2316430422142342295,P0465,MAJOR,1 Energy Park Way,HOLLAND,49423.0,OTTAWA,GRAND RAPIDS,DEVRIESK1,,,"1 Energy Park Way, HOLLAND, MI 49423",2.316430422142342e+18,Form Submission Attachments,AQD - Air,Application/Request
2026-07-23,2026.0,"MICHIGAN SUGAR COMPANY, CARO FACTORY",SUBMISSI,Submission PDF,https://mienviro.michigan.gov/ncore/downloadpdf/-1205367857527978279,B2875,MAJOR,819 Peninsular St.,CARO,48723.0,TUSCOLA,BAY CITY,SHAFFERA1,,,"819 Peninsular St., CARO, MI 48723",-1.2053678575279782e+18,Form Submission Attachments,AQD - Air,Application/Request
2026-07-23,2026.0,"BUCKEYE TERMINALS, LLC - NILES TERMINAL",SUBMISSI,Submission PDF,https://mienviro.michigan.gov/ncore/downloadpdf/-6299429432304231632,B9132,SM OPT OUT,2303 S. 3rd Street,NILES,49120.0,BERRIEN,KALAMAZOO,DESKINSM,,,"2303 S. 3rd Street, NILES, MI 49120",-6.299429432304232e+18,Form Submission Attachments,AQD - Air,Application/Request
2026-07-23,2026.0,AMERICAN JETWAY CORP,SCHEDULE,Schedule - Air Quality Test Report Submittal,https://mienviro.michigan.gov/ncore/downloadpdf/4163700696181651328,B8735,MINOR,34136 MYRTLE ST,WAYNE,48184.0,WAYNE,DETROIT,ZIMMERMANJ3,,,"34136 MYRTLE ST, WAYNE, MI 48184",4.163700696181652e+18,Misc. Submittal Docs,AQD - Air,Application/Request
2026-07-23,2026.0,MICHIGAN POWER LIMITED PARTNERSHIP,NFORMDOC,nForm Document,https://mienviro.michigan.gov/ncore/downloadpdf/-8097585572668111743,N4975,MAJOR,5795 6th Street,LUDINGTON,49431.0,MASON,CADILLAC,OWENSC1,,,"5795 6th Street, LUDINGTON, MI 49431",-8.097585572668111e+18,Form Submission Attachments,AQD - Air,Application/Request
2026-07-23,2026.0,CADILLAC RENEWABLE ENERGY FACILITY,SUBMISSI,Submission PDF,https://mienviro.michigan.gov/ncore/downloadpdf/-6914578941449136596,N1395,MAJOR,1525 Miltner St.,CADILLAC,49601.0,WEXFORD,GAYLORD,BOWMAND7,,,"1525 Miltner St., CADILLAC, MI 49601",-6.914578941449137e+18,Form Submission Attachments,AQD - Air,Application/Request
2026-07-23,2026.0,CADILLAC RENEWABLE ENERGY FACILITY,NFORMDOC,nForm Document,https://mienviro.michigan.gov/ncore/downloadpdf/-2105843825687313424,N1395,MAJOR,1525 Miltner St.,CADILLAC,49601.0,WEXFORD,GAYLORD,BOWMAND7,,,"1525 Miltner St., CADILLAC, MI 49601",-2.105843825687313e+18,Form Submission Attachments,AQD - Air,Application/Request
2026-07-23,2026.0,CONSUMERS ENERGY CO. - JACKSON GENERATING STATION,NFORMDOC,nForm Document,https://mienviro.michigan.gov/ncore/downloadpdf/7604952613871377817,N6626,MAJOR,2219 CHAPIN ST,JACKSON,49203.0,JACKSON,JACKSON,CARLEYB,,,"2219 CHAPIN ST, JACKSON, MI 49203",7.604952613871379e+18,Form Submission Attachments,AQD - Air,Application/Request
2026-07-22,2026.0,UNIVERSITY OF MICHIGAN,SUBMISSI,Submission PDF,https://mienviro.michigan.gov/ncore/downloadpdf/3891793637038613007,M0675,MAJOR,1239  KIPKE DR,ANN ARBOR,48109.0,WASHTENAW,JACKSON,KAVANAUGHD,,,"1239  KIPKE DR, ANN ARBOR, MI 48109",3.891793637038613e+18,Form Submission Attachments,AQD - Air,Application/Request
2026-07-22,2026.0,HOLCIM (US) INC. DBA LAFARGE ALPENA PLANT,NFORMDOC,nForm Document,https://mienviro.michigan.gov/ncore/downloadpdf/2214097830319684651,B1477,MAJOR,1435  Ford Avenue,ALPENA,49707.0,ALPENA,CADILLAC,CHILDSK,,,"1435  Ford Avenue, ALPENA, MI 49707",2.2140978303196849e+18,Form Submission Attachments,AQD - Air,Application/Request
2026-07-22,2026.0,DTE ELECTRIC COMPANY - MONROE POWER PLANT,NFORMDOC,nForm Document,https://mienviro.michigan.gov/ncore/downloadpdf/-7710985775808228156,B2816,MAJOR,3500 EAST FRONT STREET,MONROE,48161.0,MONROE,JACKSON,CARLEYB,,,"3500 EAST FRONT STREET, MONROE, MI 48161",-7.710985775808227e+18,Form Submission Attachments,AQD - Air,Application/Request
2026-07-22,2026.0,"ZEELAND FARM SERVICES, INC.",NFORMDOC,nForm Document,https://mienviro.michigan.gov/ncore/downloadpdf/7103466608158765100,M4204,MAJOR,2468  84th Ave,ZEELAND,49464.0,OTTAWA,GRAND RAPIDS,DEVRIESK1,,,"2468  84th Ave, ZEELAND, MI 49464",7.103466608158765e+18,Form Submission Attachments,AQD - Air,Application/Request
2026-07-22,2026.0,UNIVERSITY OF MICHIGAN,NFORMDOC,nForm Document,https://mienviro.michigan.gov/ncore/downloadpdf/7064644274907313922,M0675,MAJOR,1239  KIPKE DR,ANN ARBOR,48109.0,WASHTENAW,JACKSON,KAVANAUGHD,,,"1239  KIPKE DR, ANN ARBOR, MI 48109",7.064644274907313e+18,Form Submission Attachments,AQD - Air,Application/Request
2026-07-22,2026.0,UNIVERSITY OF MICHIGAN,NFORMDOC,nForm Document,https://mienviro.michigan.gov/ncore/downloadpdf/1606770308954042783,M0675,MAJOR,1239  KIPKE DR,ANN ARBOR,48109.0,WASHTENAW,JACKSON,KAVANAUGHD,,,"1239  KIPKE DR, ANN ARBOR, MI 48109",1.606770308954043e+18,Form Submission Attachments,AQD - Air,Application/Request
2026-07-22,2026.0,ENERGY DEVELOPMENTS COOPERSVILLE LLC,SUBMISSI,Submission PDF,https://mienviro.michigan.gov/ncore/downloadpdf/-5160817924653293653,N5890,MAJOR,15362 68th Avenue,COOPERSVILLE,49404.0,OTTAWA,GRAND RAPIDS,MORGAND2,,,"15362 68th Avenue, COOPERSVILLE, MI 49404",-5.160817924653294e+18,Form Submission Attachments,AQD - Air,Application/Request
2026-07-22,2026.0,"MARYSVILLE ETHANOL, LLC",SUBMISSI,Submission PDF,https://mienviro.michigan.gov/ncore/downloadpdf/4507895448552201294,N7493,SM OPT OUT,2512 BUSHA HIGHWAY,MARYSVILLE,48040.0,SAINT CLAIR,WARREN,PINGAR,,,"2512 BUSHA HIGHWAY, MARYSVILLE, MI 48040",4.5078954485522007e+18,Form Submission Attachments,AQD - Air,Application/Request
2026-07-22,2026.0,HOLCIM (US) INC. DBA LAFARGE ALPENA PLANT,NFORMDOC,nForm Document,https://mienviro.michigan.gov/ncore/downloadpdf/-3738808898403118272,B1477,MAJOR,1435  Ford Avenue,ALPENA,49707.0,ALPENA,CADILLAC,CHILDSK,,,"1435  Ford Avenue, ALPENA, MI 49707",-3.738808898403119e+18,Form Submission Attachments,AQD - Air,Application/Request
2026-07-22,2026.0,"ZEELAND FARM SERVICES, INC.",SUBMISSI,Submission PDF,https://mienviro.michigan.gov/ncore/downloadpdf/6297976502944684306,M4204,MAJOR,2468  84th Ave,ZEELAND,49464.0,OTTAWA,GRAND RAPIDS,DEVRIESK1,,,"2468  84th Ave, ZEELAND, MI 49464",6.297976502944684e+18,Form Submission Attachments,AQD - Air,Application/Request
2026-07-22,2026.0,GENERAL MOTORS LLC  DETROIT-HAMTRAMCK ASSEMBLY,SUBMISSI,Submission PDF,https://mienviro.michigan.gov/ncore/downloadpdf/3070569820635849332,M4199,MAJOR,2500 E GENERAL MOTORS BLVD,DETROIT,48211.0,WAYNE,DETROIT,SANDOVALC,,,"2500 E GENERAL MOTORS BLVD, DETROIT, MI 48211",3.070569820635849e+18,Form Submission Attachments,AQD - Air,Application/Request
2026-07-22,2026.0,ANDRONACO INDUSTRIES,SUBMISSI,Submission PDF,https://mienviro.michigan.gov/ncore/downloadpdf/5899906043717077567,P0361,MINOR,4855 BROADMOOR AVENUE,KENTWOOD,49512.0,KENT,GRAND RAPIDS,LAZZAROA1,,,"4855 BROADMOOR AVENUE, KENTWOOD, MI 49512",5.899906043717078e+18,Form Submission Attachments,AQD - Air,Application/Request
2026-07-22,2026.0,UNIVERSITY OF MICHIGAN,NFORMDOC,nForm Document,https://mienviro.michigan.gov/ncore/downloadpdf/-3644157942956824258,M0675,MAJOR,1239  KIPKE DR,ANN ARBOR,48109.0,WASHTENAW,JACKSON,KAVANAUGHD,,,"1239  KIPKE DR, ANN ARBOR, MI 48109",-3.644157942956824e+18,Form Submission Attachments,AQD - Air,Application/Request
2026-07-22,2026.0,GENERAL MOTORS LLC - ORION ASSEMBLY,SCHEDULE,Schedule - Air Quality Test Plan Submittal,https://mienviro.michigan.gov/ncore/downloadpdf/2614004048425395779,B7227,MAJOR,4555  GIDDINGS RD,LAKE ORION,48359.0,OAKLAND,WARREN,BYRNESR,,,"4555  GIDDINGS RD, LAKE ORION, MI 48359",2.614004048425396e+18,Misc. Submittal Docs,AQD - Air,Application/Request
2026-07-22,2026.0,DTE ELECTRIC COMPANY - MONROE POWER PLANT,SUBMISSI,Submission PDF,https://mienviro.michigan.gov/ncore/downloadpdf/-3996477238232258520,B2816,MAJOR,3500 EAST FRONT STREET,MONROE,48161.0,MONROE,JACKSON,CARLEYB,,,"3500 EAST FRONT STREET, MONROE, MI 48161",-3.9964772382322586e+18,Form Submission Attachments,AQD - Air,Application/Request
2026-07-22,2026.0,HOLCIM (US) INC. DBA LAFARGE ALPENA PLANT,SUBMISSI,Submission PDF,https://mienviro.michigan.gov/ncore/downloadpdf/1897839690671863087,B1477,MAJOR,1435  Ford Avenue,ALPENA,49707.0,ALPENA,CADILLAC,CHILDSK,,,"1435  Ford Avenue, ALPENA, MI 49707",1.897839690671864e+18,Form Submission Attachments,AQD - Air,Application/Request
2026-07-22,2026.0,DTE ELECTRIC COMPANY - MONROE POWER PLANT,NFORMDOC,nForm Document,https://mienviro.michigan.gov/ncore/downloadpdf/-6645245175211969150,B2816,MAJOR,3500 EAST FRONT STREET,MONROE,48161.0,MONROE,JACKSON,CARLEYB,,,"3500 EAST FRONT STREET, MONROE, MI 48161",-6.645245175211969e+18,Form Submission Attachments,AQD - Air,Application/Request
2026-07-22,2026.0,"JORDAN DEVELOPMENT COMPANY, L.L.C. - SPRINGDALE 15",SITE,Site,https://mienviro.michigan.gov/ncore/downloadpdf/-581006827403917417,N7906,SM OPT OUT,SE SW SW SEC15,SPRINGDALE TWP,49625.0,MANISTEE,CADILLAC,LINDGRENJ2,,,"SE SW SW SEC15, SPRINGDALE TWP, MI 49625",-5.810068274039174e+17,Air Site Documents,,Site
2026-07-22,2026.0,HOLCIM (US) INC. DBA LAFARGE ALPENA PLANT,NFORMDOC,nForm Document,https://mienviro.michigan.gov/ncore/downloadpdf/1143718723783269615,B1477,MAJOR,1435  Ford Avenue,ALPENA,49707.0,ALPENA,CADILLAC,CHILDSK,,,"1435  Ford Avenue, ALPENA, MI 49707",1.1437187237832696e+18,Form Submission Attachments,AQD - Air,Application/Request
2026-07-22,2026.0,"MARYSVILLE ETHANOL, LLC",NFORMDOC,nForm Document,https://mienviro.michigan.gov/ncore/downloadpdf/-5921638210341275603,N7493,SM OPT OUT,2512 BUSHA HIGHWAY,MARYSVILLE,48040.0,SAINT CLAIR,WARREN,PINGAR,,,"2512 BUSHA HIGHWAY, MARYSVILLE, MI 48040",-5.921638210341276e+18,Form Submission Attachments,AQD - Air,Application/Request
2026-07-22,2026.0,CADILLAC RENEWABLE ENERGY FACILITY,SCHEDULE,Schedule - Air Quality Test Report Submittal,https://mienviro.michigan.gov/ncore/downloadpdf/5192233608627141273,N1395,MAJOR,1525 Miltner St.,CADILLAC,49601.0,WEXFORD,GAYLORD,BOWMAND7,,,"1525 Miltner St., CADILLAC, MI 49601",5.192233608627141e+18,Misc. Submittal Docs,AQD - Air,Application/Request
2026-07-22,2026.0,GENERAL MOTORS LLC  DETROIT-HAMTRAMCK ASSEMBLY,NFORMDOC,nForm Document,https://mienviro.michigan.gov/ncore/downloadpdf/-2696874456832328873,M4199,MAJOR,2500 E GENERAL MOTORS BLVD,DETROIT,48211.0,WAYNE,DETROIT,SANDOVALC,,,"2500 E GENERAL MOTORS BLVD, DETROIT, MI 48211",-2.6968744568323287e+18,Form Submission Attachments,AQD - Air,Application/Request
2026-07-22,2026.0,TES FILER CITY STATION,SCHEDULE,Schedule - Air Quality Test Report Submittal,https://mienviro.michigan.gov/ncore/downloadpdf/-4054721908790007412,N1685,MAJOR,700  Mee Street,FILER CITY,49634.0,MANISTEE,CADILLAC,OWENSC1,,,"700  Mee Street, FILER CITY, MI 49634",-4.054721908790008e+18,Misc. Submittal Docs,AQD - Air,Application/Request
2026-07-22,2026.0,GENERAL MOTORS LLC  DETROIT-HAMTRAMCK ASSEMBLY,NFORMDOC,nForm Document,https://mienviro.michigan.gov/ncore/downloadpdf/5860761678268178100,M4199,MAJOR,2500 E GENERAL MOTORS BLVD,DETROIT,48211.0,WAYNE,DETROIT,SANDOVALC,,,"2500 E GENERAL MOTORS BLVD, DETROIT, MI 48211",5.860761678268177e+18,Form Submission Attachments,AQD - Air,Application/Request
2026-07-22,2026.0,"ARBOR HILLS LANDFILL, INC.",SCHEDULE,Schedule - Air Quality Test Plan Submittal,https://mienviro.michigan.gov/ncore/downloadpdf/4531649755768458916,N2688,MAJOR,10690 W. SIX MILE RD,NORTHVILLE,48168.0,WASHTENAW,JACKSON,KAVANAUGHD,,,"10690 W. SIX MILE RD, NORTHVILLE, MI 48168",4.531649755768458e+18,Misc. Submittal Docs,AQD - Air,Application/Request
2026-07-22,2026.0,"MARYSVILLE ETHANOL, LLC",NFORMDOC,nForm Document,https://mienviro.michigan.gov/ncore/downloadpdf/7269666229356863079,N7493,SM OPT OUT,2512 BUSHA HIGHWAY,MARYSVILLE,48040.0,SAINT CLAIR,WARREN,PINGAR,,,"2512 BUSHA HIGHWAY, MARYSVILLE, MI 48040",7.269666229356862e+18,Form Submission Attachments,AQD - Air,Application/Request
2026-07-22,2026.0,BIT-MAT PRODUCTS OF MICHIGAN INC,REVISEDV,Revised VN response w/ commitment dates for submitting permit modification application.,https://mienviro.michigan.gov/ncore/downloadpdf/-8788459473321753621,N7108,MINOR,401 Tiernan Road,BAY CITY,48706.0,BAY,BAY CITY,BREWERK,,,"401 Tiernan Road, BAY CITY, MI 48706",-8.788459473321754e+18,Air Schedule Documents,AQD - Air,Application/Request
2026-07-22,2026.0,SEMCO ENERGY GAS COMPANY - MORTON WELLS FACILITY,SUBMISSI,Submission PDF,https://mienviro.michigan.gov/ncore/downloadpdf/897237538347720859,N5989,SM OPT OUT,1100 GRATIOT AVE,MARYSVILLE,48040.0,SAINT CLAIR,WARREN,ELMOUCHIR,,,"1100 GRATIOT AVE, MARYSVILLE, MI 48040",8.972375383477208e+17,Form Submission Attachments,AQD - Air,Application/Request
2026-07-22,2026.0,CARGO KING,VN,Updated RVN,https://mienviro.michigan.gov/ncore/downloadpdf/-710562970692758169,N1369,MINOR,600 S MILLER RD,WHITE PIGEON,49099.0,SAINT JOSEPH,KALAMAZOO,DUNLAPD,VN,Violation Notice,"600 S MILLER RD, WHITE PIGEON, MI 49099",-7.105629706927581e+17,Air Enforcement Documents,AQD - Air,Compliance Action
2026-07-22,2026.0,"ARBOR HILLS LANDFILL, INC.",SCHEDULE,Schedule - Air Quality Test Plan Submittal,https://mienviro.michigan.gov/ncore/downloadpdf/-1963831018785923332,N2688,MAJOR,10690 W. SIX MILE RD,NORTHVILLE,48168.0,WASHTENAW,JACKSON,KAVANAUGHD,,,"10690 W. SIX MILE RD, NORTHVILLE, MI 48168",-1.963831018785924e+18,Misc. Submittal Docs,AQD - Air,Application/Request
2026-07-22,2026.0,ADVANCED ARCHITECTUAL PRODUCTS,SUBMISSI,Submission PDF,https://mienviro.michigan.gov/ncore/downloadpdf/2024149696862979060,P0686,SM OPT OUT,3393 S M-40,HAMILTON,49419.0,ALLEGAN,KALAMAZOO,YAZZIEC,,,"3393 S M-40, HAMILTON, MI 49419",2.024149696862979e+18,Form Submission Attachments,AQD - Air,Application/Request
2026-07-22,2026.0,GENERAL MOTORS LLC  DETROIT-HAMTRAMCK ASSEMBLY,SUBMISSI,Submission PDF,https://mienviro.michigan.gov/ncore/downloadpdf/7050431867450982745,M4199,MAJOR,2500 E GENERAL MOTORS BLVD,DETROIT,48211.0,WAYNE,DETROIT,SANDOVALC,,,"2500 E GENERAL MOTORS BLVD, DETROIT, MI 48211",7.050431867450983e+18,Form Submission Attachments,AQD - Air,Application/Request
2026-07-22,2026.0,"JORDAN DEVELOPMENT COMPANY, L.L.C. - SPRINGDALE 15",SITE,Site,https://mienviro.michigan.gov/ncore/downloadpdf/-8972805310647470910,N7906,SM OPT OUT,SE SW SW SEC15,SPRINGDALE TWP,49625.0,MANISTEE,CADILLAC,LINDGRENJ2,,,"SE SW SW SEC15, SPRINGDALE TWP, MI 49625",-8.972805310647472e+18,Air Site Documents,,Site
2026-07-22,2026.0,GENERAL MOTORS LLC  DETROIT-HAMTRAMCK ASSEMBLY,SUBMISSI,Submission PDF,https://mienviro.michigan.gov/ncore/downloadpdf/-6762031571703504666,M4199,MAJOR,2500 E GENERAL MOTORS BLVD,DETROIT,48211.0,WAYNE,DETROIT,SANDOVALC,,,"2500 E GENERAL MOTORS BLVD, DETROIT, MI 48211",-6.762031571703505e+18,Form Submission Attachments,AQD - Air,Application/Request
2026-07-22,2026.0,SEMCO ENERGY GAS COMPANY - MORTON WELLS FACILITY,NFORMDOC,nForm Document,https://mienviro.michigan.gov/ncore/downloadpdf/-7837786153503805888,N5989,SM OPT OUT,1100 GRATIOT AVE,MARYSVILLE,48040.0,SAINT CLAIR,WARREN,ELMOUCHIR,,,"1100 GRATIOT AVE, MARYSVILLE, MI 48040",-7.837786153503804e+18,Form Submission Attachments,AQD - Air,Application/Request
2026-07-22,2026.0,ANDRONACO INDUSTRIES,NFORMDOC,nForm Document,https://mienviro.michigan.gov/ncore/downloadpdf/-7248246781407187020,P0361,MINOR,4855 BROADMOOR AVENUE,KENTWOOD,49512.0,KENT,GRAND RAPIDS,LAZZAROA1,,,"4855 BROADMOOR AVENUE, KENTWOOD, MI 49512",-7.248246781407187e+18,Form Submission Attachments,AQD - Air,Application/Request
2026-07-22,2026.0,GENERAL MOTORS LLC  DETROIT-HAMTRAMCK ASSEMBLY,NFORMDOC,nForm Document,https://mienviro.michigan.gov/ncore/downloadpdf/-4355013539885157374,M4199,MAJOR,2500 E GENERAL MOTORS BLVD,DETROIT,48211.0,WAYNE,DETROIT,SANDOVALC,,,"2500 E GENERAL MOTORS BLVD, DETROIT, MI 48211",-4.355013539885157e+18,Form Submission Attachments,AQD - Air,Application/Request
2026-07-21,2026.0,LOCKHART CHEMICAL COMPANY,AGENDAFO,"Agenda for 7/22/2026 Weekly Update Meeting with City of Flint, EGLE, and the company.",https://mienviro.michigan.gov/ncore/downloadpdf/-7342456965570652546,B6179,SM OPT OUT,4302 JAMES P COLE BLVD,FLINT,48505.0,GENESEE,LANSING,MCGEEND,,,"4302 JAMES P COLE BLVD, FLINT, MI 48505",-7.342456965570653e+18,Air Site Documents,,Site
2026-07-21,2026.0,"LEAR CORPORATION, FARWELL PLANT",ACO,Administrative Consent Order,https://mienviro.michigan.gov/ncore/downloadpdf/-1091571002603063099,B7294,MAJOR,505 HOOVER ST,FARWELL,48622.0,CLARE,BAY CITY,GENTLEN,ACO,Administrative Consent Order,"505 HOOVER ST, FARWELL, MI 48622",-1.091571002603063e+18,Air Enforcement Documents,AQD - Air,Compliance Action
2026-07-21,2026.0,"HOLLAND BPW, 48TH STREET PEAKING STATION",NFORMDOC,nForm Document,https://mienviro.michigan.gov/ncore/downloadpdf/6585621896225395057,N2586,MAJOR,491 E 48th St,HOLLAND,49423.0,ALLEGAN,KALAMAZOO,YAZZIEC,,,"491 E 48th St, HOLLAND, MI 49423",6.585621896225395e+18,Form Submission Attachments,AQD - Air,Application/Request
2026-07-21,2026.0,"HOLLAND BPW, 48TH STREET PEAKING STATION",NFORMDOC,nForm Document,https://mienviro.michigan.gov/ncore/downloadpdf/-3648187062734713510,N2586,MAJOR,491 E 48th St,HOLLAND,49423.0,ALLEGAN,KALAMAZOO,YAZZIEC,,,"491 E 48th St, HOLLAND, MI 49423",-3.648187062734714e+18,Form Submission Attachments,AQD - Air,Application/Request
2026-07-21,2026.0,UPPER MICHIGAN ENERGY RESOURCES -A.J. MIHM G.S.,NFORMDOC,nForm Document,https://mienviro.michigan.gov/ncore/downloadpdf/2788313410488934653,P0796,MAJOR,16017 Sarya Road,PELKIE,49849.0,BARAGA,MARQUETTE,SCANLANJ,,,"16017 Sarya Road, PELKIE, MI 49849",2.7883134104889344e+18,Form Submission Attachments,AQD - Air,Application/Request
2026-07-21,2026.0,MARATHON PETROLEUM COMPANY LP,ACO,Administrative Consent Order,https://mienviro.michigan.gov/ncore/downloadpdf/-6513593329801765001,A9831,MEGASITE,1001 S Oakwood,DETROIT,48217.0,WAYNE,DETROIT,ACEVEDOJ1,ACO,Administrative Consent Order,"1001 S Oakwood, DETROIT, MI 48217",-6.513593329801765e+18,Air Enforcement Documents,AQD - Air,Compliance Action
2026-07-21,2026.0,WOLVERINE POWER SUPPLY CO-OP - ALPINE POWER PLANT,SUBMISSI,Submission PDF,https://mienviro.michigan.gov/ncore/downloadpdf/-4790458277302987154,P0582,MAJOR,7432 M-32 Highway,ELMIRA,49730.0,OTSEGO,GAYLORD,BOWMAND7,,,"7432 M-32 Highway, ELMIRA, MI 49730",-4.790458277302987e+18,Form Submission Attachments,AQD - Air,Application/Request
2026-07-21,2026.0,NORTHERN HARDWOODS,NFORMDOC,nForm Document,https://mienviro.michigan.gov/ncore/downloadpdf/5513783056080447798,B1631,MINOR,HIGHWAY M-26,SOUTH RANGE,49963.0,HOUGHTON,MARQUETTE,SCANLANJ,,,"HIGHWAY M-26, SOUTH RANGE, MI 49963",5.513783056080447e+18,Form Submission Attachments,AQD - Air,Application/Request
2026-07-21,2026.0,KENT COUNTY WASTE TO ENERGY FACILITY,SUBMISSI,Submission PDF,https://mienviro.michigan.gov/ncore/downloadpdf/1717621795445442495,N1604,MAJOR,950  Market Ave SW,GRAND RAPIDS,49503.0,KENT,GRAND RAPIDS,DEVRIESK1,,,"950  Market Ave SW, GRAND RAPIDS, MI 49503",1.7176217954454423e+18,Form Submission Attachments,AQD - Air,Application/Request
2026-07-21,2026.0,STATELINE CRUSHING,AIRPERMI,Air Permit to Install,https://mienviro.michigan.gov/ncore/downloadpdf/931482510992175072,P0622,MINOR,7061 Dexter Ann Arbor Rd,DEXTER,48130.0,WASHTENAW,JACKSON,KOVALCHICKM,,,"7061 Dexter Ann Arbor Rd, DEXTER, MI 48130",9.314825109921752e+17,Air Permit to Install Documents,AQD - Air,Permit
2026-07-21,2026.0,GM TECHNICAL CENTER,SUBMISSI,Submission PDF,https://mienviro.michigan.gov/ncore/downloadpdf/-1746821402092004197,B4049,MAJOR,31295 Charles Kettering Road,WARREN,48092.0,MACOMB,WARREN,DZIADOSZM,,,"31295 Charles Kettering Road, WARREN, MI 48092",-1.746821402092004e+18,Form Submission Attachments,AQD - Air,Application/Request
2026-07-21,2026.0,ARAUCO NORTH AMERICA,NFORMDOC,nForm Document,https://mienviro.michigan.gov/ncore/downloadpdf/2761470522070297154,P0699,MAJOR,5851 ARAUCO RD,GRAYLING,49738.0,CRAWFORD,CADILLAC,DICKMANR,,,"5851 ARAUCO RD, GRAYLING, MI 49738",2.7614705220702966e+18,Form Submission Attachments,AQD - Air,Application/Request
2026-07-21,2026.0,NORTHERN HARDWOODS,SUBMISSI,Submission PDF,https://mienviro.michigan.gov/ncore/downloadpdf/-1646541277619321955,B1631,MINOR,HIGHWAY M-26,SOUTH RANGE,49963.0,HOUGHTON,MARQUETTE,SCANLANJ,,,"HIGHWAY M-26, SOUTH RANGE, MI 49963",-1.646541277619322e+18,Form Submission Attachments,AQD - Air,Application/Request
2026-07-21,2026.0,PREGIS,SUBMISSI,Submission PDF,https://mienviro.michigan.gov/ncore/downloadpdf/6638199040481843594,N6944,MAJOR,2700 Wills Street,MARYSVILLE,48040.0,SAINT CLAIR,WARREN,LEFFERTK,,,"2700 Wills Street, MARYSVILLE, MI 48040",6.638199040481844e+18,Form Submission Attachments,AQD - Air,Application/Request
2026-07-21,2026.0,UPPER MICHIGAN ENERGY RESOURCES -A.J. MIHM G.S.,SUBMISSI,Submission PDF,https://mienviro.michigan.gov/ncore/downloadpdf/1431626470163469477,P0796,MAJOR,16017 Sarya Road,PELKIE,49849.0,BARAGA,MARQUETTE,SCANLANJ,,,"16017 Sarya Road, PELKIE, MI 49849",1.4316264701634693e+18,Form Submission Attachments,AQD - Air,Application/Request
2026-07-21,2026.0,WOLVERINE POWER SUPPLY CO-OP - ALPINE POWER PLANT,NFORMDOC,nForm Document,https://mienviro.michigan.gov/ncore/downloadpdf/3626407938960398520,P0582,MAJOR,7432 M-32 Highway,ELMIRA,49730.0,OTSEGO,GAYLORD,BOWMAND7,,,"7432 M-32 Highway, ELMIRA, MI 49730",3.6264079389604e+18,Form Submission Attachments,AQD - Air,Application/Request
2026-07-21,2026.0,ANR PIPELINE - CENTRAL CHARLTON COMPRESSOR STATION,TESTOBSE,Test Observation (06/25/2026),https://mienviro.michigan.gov/ncore/downloadpdf/7395952918210267421,B7390,MAJOR,14490 Beckett Road,JOHANNESBURG,49751.0,OTSEGO,GAYLORD,LEBLANCS,,,"14490 Beckett Road, JOHANNESBURG, MI 49751",7.395952918210267e+18,Inspection Report,AQD - Air,Evaluation
2026-07-21,2026.0,HOLCIM (US) INC. DBA LAFARGE ALPENA PLANT,TESTOBSE,Test Observation (07/13/2026),https://mienviro.michigan.gov/ncore/downloadpdf/-1169048183222756865,B1477,MAJOR,1435  Ford Avenue,ALPENA,49707.0,ALPENA,CADILLAC,CHILDSK,,,"1435  Ford Avenue, ALPENA, MI 49707",-1.1690481832227569e+18,Inspection Report,AQD - Air,Evaluation
2026-07-21,2026.0,STATELINE CRUSHING,ONLYONE1,Only one (1) relocation notice per site is needed.,https://mienviro.michigan.gov/ncore/downloadpdf/5655985406959695587,P0622,MINOR,7061 Dexter Ann Arbor Rd,DEXTER,48130.0,WASHTENAW,JACKSON,KOVALCHICKM,,,"7061 Dexter Ann Arbor Rd, DEXTER, MI 48130",5.655985406959696e+18,Air Site Documents,,Site
2026-07-21,2026.0,ARAUCO NORTH AMERICA,SUBMISSI,Submission PDF,https://mienviro.michigan.gov/ncore/downloadpdf/-9005872547865569591,P0699,MAJOR,5851 ARAUCO RD,GRAYLING,49738.0,CRAWFORD,CADILLAC,DICKMANR,,,"5851 ARAUCO RD, GRAYLING, MI 49738",-9.005872547865569e+18,Form Submission Attachments,AQD - Air,Application/Request
2026-07-21,2026.0,DTE ELECTRIC COMPANY - MONROE POWER PLANT,NFORMDOC,nForm Document,https://mienviro.michigan.gov/ncore/downloadpdf/-6709915572244999008,B2816,MAJOR,3500 EAST FRONT STREET,MONROE,48161.0,MONROE,JACKSON,CARLEYB,,,"3500 EAST FRONT STREET, MONROE, MI 48161",-6.709915572244999e+18,Form Submission Attachments,AQD - Air,Application/Request
2026-07-21,2026.0,STATELINE CRUSHING,AIRPERMI,Air Permit to Install,https://mienviro.michigan.gov/ncore/downloadpdf/2297732280689346089,P0622,MINOR,7061 Dexter Ann Arbor Rd,DEXTER,48130.0,WASHTENAW,JACKSON,KOVALCHICKM,,,"7061 Dexter Ann Arbor Rd, DEXTER, MI 48130",2.297732280689346e+18,Air Permit to Install Documents,AQD - Air,Permit
2026-07-21,2026.0,MARATHON PETROLEUM COMPANY LP,ACO,Administrative Consent Order,https://mienviro.michigan.gov/ncore/downloadpdf/8687808003510665880,A9831,MEGASITE,1001 S Oakwood,DETROIT,48217.0,WAYNE,DETROIT,ACEVEDOJ1,ACO,Administrative Consent Order,"1001 S Oakwood, DETROIT, MI 48217",8.687808003510665e+18,Air Enforcement Documents,AQD - Air,Compliance Action
2026-07-21,2026.0,HOLCIM (US) INC. DBA LAFARGE ALPENA PLANT,TESTOBSE,Test Observation (07/14/2026),https://mienviro.michigan.gov/ncore/downloadpdf/2418586213198188154,B1477,MAJOR,1435  Ford Avenue,ALPENA,49707.0,ALPENA,CADILLAC,CHILDSK,,,"1435  Ford Avenue, ALPENA, MI 49707",2.418586213198188e+18,Inspection Report,AQD - Air,Evaluation
2026-07-21,2026.0,WOLVERINE POWER SUPPLY CO-OP - ALPINE POWER PLANT,NFORMDOC,nForm Document,https://mienviro.michigan.gov/ncore/downloadpdf/-122299345789670743,P0582,MAJOR,7432 M-32 Highway,ELMIRA,49730.0,OTSEGO,GAYLORD,BOWMAND7,,,"7432 M-32 Highway, ELMIRA, MI 49730",-1.2229934578967074e+17,Form Submission Attachments,AQD - Air,Application/Request
2026-07-21,2026.0,HOLCIM (US) INC. DBA LAFARGE ALPENA PLANT,TESTOBSE,Test Observation (07/09/2026),https://mienviro.michigan.gov/ncore/downloadpdf/-5350602830939412502,B1477,MAJOR,1435  Ford Avenue,ALPENA,49707.0,ALPENA,CADILLAC,CHILDSK,,,"1435  Ford Avenue, ALPENA, MI 49707",-5.350602830939412e+18,Inspection Report,AQD - Air,Evaluation
2026-07-21,2026.0,FCA US LLC - JEFFERSON NORTH ASSEMBLY PLANT,SCHEDULE,Schedule - Air Quality Test Report Submittal,https://mienviro.michigan.gov/ncore/downloadpdf/-4959164191006868082,N2155,MAJOR,2101  CONNER AVE,DETROIT,48215.0,WAYNE,DETROIT,BYRNESR,,,"2101  CONNER AVE, DETROIT, MI 48215",-4.959164191006868e+18,Misc. Submittal Docs,AQD - Air,Application/Request
2026-07-21,2026.0,WOLVERINE POWER SUPPLY CO-OP - ALPINE POWER PLANT,SUBMISSI,Submission PDF,https://mienviro.michigan.gov/ncore/downloadpdf/-9211243707428637564,P0582,MAJOR,7432 M-32 Highway,ELMIRA,49730.0,OTSEGO,GAYLORD,BOWMAND7,,,"7432 M-32 Highway, ELMIRA, MI 49730",-9.211243707428636e+18,Form Submission Attachments,AQD - Air,Application/Request
2026-07-21,2026.0,THOMPSON RECYCLE CO,AIRPERMI,Air Permit to Install,https://mienviro.michigan.gov/ncore/downloadpdf/-2581325012500749136,N5408,MINOR,7061 Dexter Ann Arbor Rd,DEXTER,48130.0,WASHTENAW,JACKSON,KOVALCHICKM,,,"7061 Dexter Ann Arbor Rd, DEXTER, MI 48130",-2.581325012500749e+18,Air Permit to Install Documents,AQD - Air,Permit
2026-07-21,2026.0,HOLCIM (US) INC. DBA LAFARGE ALPENA PLANT,TESTOBSE,Test Observation (07/08/2026),https://mienviro.michigan.gov/ncore/downloadpdf/6589070665882248063,B1477,MAJOR,1435  Ford Avenue,ALPENA,49707.0,ALPENA,CADILLAC,CHILDSK,,,"1435  Ford Avenue, ALPENA, MI 49707",6.589070665882248e+18,Inspection Report,AQD - Air,Evaluation
2026-07-21,2026.0,GM TECHNICAL CENTER,NFORMDOC,nForm Document,https://mienviro.michigan.gov/ncore/downloadpdf/1406202565608611724,B4049,MAJOR,31295 Charles Kettering Road,WARREN,48092.0,MACOMB,WARREN,DZIADOSZM,,,"31295 Charles Kettering Road, WARREN, MI 48092",1.4062025656086116e+18,Form Submission Attachments,AQD - Air,Application/Request
2026-07-21,2026.0,KENT COUNTY WASTE TO ENERGY FACILITY,NFORMDOC,nForm Document,https://mienviro.michigan.gov/ncore/downloadpdf/-6827705322575405109,N1604,MAJOR,950  Market Ave SW,GRAND RAPIDS,49503.0,KENT,GRAND RAPIDS,DEVRIESK1,,,"950  Market Ave SW, GRAND RAPIDS, MI 49503",-6.827705322575405e+18,Form Submission Attachments,AQD - Air,Application/Request
2026-07-21,2026.0,DTE ELECTRIC COMPANY - MONROE POWER PLANT,NFORMDOC,nForm Document,https://mienviro.michigan.gov/ncore/downloadpdf/5891755007319850595,B2816,MAJOR,3500 EAST FRONT STREET,MONROE,48161.0,MONROE,JACKSON,CARLEYB,,,"3500 EAST FRONT STREET, MONROE, MI 48161",5.89175500731985e+18,Form Submission Attachments,AQD - Air,Application/Request
2026-07-21,2026.0,"LEAR CORPORATION, FARWELL PLANT",ACO,Administrative Consent Order,https://mienviro.michigan.gov/ncore/downloadpdf/3690733799432126994,B7294,MAJOR,505 HOOVER ST,FARWELL,48622.0,CLARE,BAY CITY,GENTLEN,ACO,Administrative Consent Order,"505 HOOVER ST, FARWELL, MI 48622",3.690733799432127e+18,Air Enforcement Documents,AQD - Air,Compliance Action
2026-07-21,2026.0,HOLLAND BOARD OF PUBLIC WORKS-HOLLAND ENERGY PARK,SUBMISSI,Submission PDF,https://mienviro.michigan.gov/ncore/downloadpdf/9075137737415819345,P0465,MAJOR,1 Energy Park Way,HOLLAND,49423.0,OTTAWA,GRAND RAPIDS,DEVRIESK1,,,"1 Energy Park Way, HOLLAND, MI 49423",9.07513773741582e+18,Form Submission Attachments,AQD - Air,Application/Request
2026-07-21,2026.0,NORTHERN HARDWOODS,NFORMDOC,nForm Document,https://mienviro.michigan.gov/ncore/downloadpdf/2744276022227095180,B1631,MINOR,HIGHWAY M-26,SOUTH RANGE,49963.0,HOUGHTON,MARQUETTE,SCANLANJ,,,"HIGHWAY M-26, SOUTH RANGE, MI 49963",2.744276022227095e+18,Form Submission Attachments,AQD - Air,Application/Request
2026-07-21,2026.0,UPPER MICHIGAN ENERGY RESOURCES -A.J. MIHM G.S.,NFORMDOC,nForm Document,https://mienviro.michigan.gov/ncore/downloadpdf/4942582968716610618,P0796,MAJOR,16017 Sarya Road,PELKIE,49849.0,BARAGA,MARQUETTE,SCANLANJ,,,"16017 Sarya Road, PELKIE, MI 49849",4.942582968716611e+18,Form Submission Attachments,AQD - Air,Application/Request
2026-07-21,2026.0,"HOLLAND BPW, 48TH STREET PEAKING STATION",SUBMISSI,Submission PDF,https://mienviro.michigan.gov/ncore/downloadpdf/-7404407889617779754,N2586,MAJOR,491 E 48th St,HOLLAND,49423.0,ALLEGAN,KALAMAZOO,YAZZIEC,,,"491 E 48th St, HOLLAND, MI 49423",-7.404407889617779e+18,Form Submission Attachments,AQD - Air,Application/Request
2026-07-21,2026.0,HOLLAND BOARD OF PUBLIC WORKS-HOLLAND ENERGY PARK,NFORMDOC,nForm Document,https://mienviro.michigan.gov/ncore/downloadpdf/-4342644654457664342,P0465,MAJOR,1 Energy Park Way,HOLLAND,49423.0,OTTAWA,GRAND RAPIDS,DEVRIESK1,,,"1 Energy Park Way, HOLLAND, MI 49423",-4.342644654457664e+18,Form Submission Attachments,AQD - Air,Application/Request
2026-07-21,2026.0,UPPER MICHIGAN ENERGY RESOURCES -A.J. MIHM G.S.,NFORMDOC,nForm Document,https://mienviro.michigan.gov/ncore/downloadpdf/1377146721242790628,P0796,MAJOR,16017 Sarya Road,PELKIE,49849.0,BARAGA,MARQUETTE,SCANLANJ,,,"16017 Sarya Road, PELKIE, MI 49849",1.377146721242791e+18,Form Submission Attachments,AQD - Air,Application/Request
2026-07-21,2026.0,KENT COUNTY WASTE TO ENERGY FACILITY,NFORMDOC,nForm Document,https://mienviro.michigan.gov/ncore/downloadpdf/-5593368298774554317,N1604,MAJOR,950  Market Ave SW,GRAND RAPIDS,49503.0,KENT,GRAND RAPIDS,DEVRIESK1,,,"950  Market Ave SW, GRAND RAPIDS, MI 49503",-5.593368298774554e+18,Form Submission Attachments,AQD - Air,Application/Request
2026-07-21,2026.0,UPPER MICHIGAN ENERGY RESOURCES -A.J. MIHM G.S.,NFORMDOC,nForm Document,https://mienviro.michigan.gov/ncore/downloadpdf/-2666006457000914424,P0796,MAJOR,16017 Sarya Road,PELKIE,49849.0,BARAGA,MARQUETTE,SCANLANJ,,,"16017 Sarya Road, PELKIE, MI 49849",-2.6660064570009144e+18,Form Submission Attachments,AQD - Air,Application/Request
2026-07-21,2026.0,FCA US LLC - JEFFERSON NORTH ASSEMBLY PLANT,SCHEDULE,Schedule - Air Quality Test Report Submittal,https://mienviro.michigan.gov/ncore/downloadpdf/-5611429633551607533,N2155,MAJOR,2101  CONNER AVE,DETROIT,48215.0,WAYNE,DETROIT,BYRNESR,,,"2101  CONNER AVE, DETROIT, MI 48215",-5.611429633551608e+18,Misc. Submittal Docs,AQD - Air,Application/Request
2026-07-21,2026.0,GM TECHNICAL CENTER,NFORMDOC,nForm Document,https://mienviro.michigan.gov/ncore/downloadpdf/-6572966901650545545,B4049,MAJOR,31295 Charles Kettering Road,WARREN,48092.0,MACOMB,WARREN,DZIADOSZM,,,"31295 Charles Kettering Road, WARREN, MI 48092",-6.572966901650546e+18,Form Submission Attachments,AQD - Air,Application/Request
2026-07-21,2026.0,ARAUCO NORTH AMERICA,NFORMDOC,nForm Document,https://mienviro.michigan.gov/ncore/downloadpdf/1215015594647649492,P0699,MAJOR,5851 ARAUCO RD,GRAYLING,49738.0,CRAWFORD,CADILLAC,DICKMANR,,,"5851 ARAUCO RD, GRAYLING, MI 49738",1.2150155946476493e+18,Form Submission Attachments,AQD - Air,Application/Request
2026-07-21,2026.0,PREGIS,NFORMDOC,nForm Document,https://mienviro.michigan.gov/ncore/downloadpdf/-4576533747097134336,N6944,MAJOR,2700 Wills Street,MARYSVILLE,48040.0,SAINT CLAIR,WARREN,LEFFERTK,,,"2700 Wills Street, MARYSVILLE, MI 48040",-4.576533747097135e+18,Form Submission Attachments,AQD - Air,Application/Request
2026-07-21,2026.0,DTE ELECTRIC COMPANY - MONROE POWER PLANT,SUBMISSI,Submission PDF,https://mienviro.michigan.gov/ncore/downloadpdf/-6154360719318372590,B2816,MAJOR,3500 EAST FRONT STREET,MONROE,48161.0,MONROE,JACKSON,CARLEYB,,,"3500 EAST FRONT STREET, MONROE, MI 48161",-6.154360719318372e+18,Form Submission Attachments,AQD - Air,Application/Request
2026-07-21,2026.0,HOLLAND BOARD OF PUBLIC WORKS-HOLLAND ENERGY PARK,NFORMDOC,nForm Document,https://mienviro.michigan.gov/ncore/downloadpdf/-1915022250760911935,P0465,MAJOR,1 Energy Park Way,HOLLAND,49423.0,OTTAWA,GRAND RAPIDS,DEVRIESK1,,,"1 Energy Park Way, HOLLAND, MI 49423",-1.915022250760912e+18,Form Submission Attachments,AQD - Air,Application/Request
2026-07-21,2026.0,THOMPSON RECYCLE CO,AIRPERMI,Air Permit to Install,https://mienviro.michigan.gov/ncore/downloadpdf/-7484917832519960190,N5408,MINOR,7061 Dexter Ann Arbor Rd,DEXTER,48130.0,WASHTENAW,JACKSON,KOVALCHICKM,,,"7061 Dexter Ann Arbor Rd, DEXTER, MI 48130",-7.48491783251996e+18,Air Permit to Install Documents,AQD - Air,Permit
2026-07-21,2026.0,UPPER MICHIGAN ENERGY RESOURCES -A.J. MIHM G.S.,NFORMDOC,nForm Document,https://mienviro.michigan.gov/ncore/downloadpdf/-4894858913855253298,P0796,MAJOR,16017 Sarya Road,PELKIE,49849.0,BARAGA,MARQUETTE,SCANLANJ,,,"16017 Sarya Road, PELKIE, MI 49849",-4.894858913855252e+18,Form Submission Attachments,AQD - Air,Application/Request
2026-07-21,2026.0,WOLVERINE POWER SUPPLY CO-OP - ALPINE POWER PLANT,NFORMDOC,nForm Document,https://mienviro.michigan.gov/ncore/downloadpdf/-6612879479564667947,P0582,MAJOR,7432 M-32 Highway,ELMIRA,49730.0,OTSEGO,GAYLORD,BOWMAND7,,,"7432 M-32 Highway, ELMIRA, MI 49730",-6.612879479564668e+18,Form Submission Attachments,AQD - Air,Application/Request
2026-07-21,2026.0,GM TECHNICAL CENTER,NFORMDOC,nForm Document,https://mienviro.michigan.gov/ncore/downloadpdf/3077718288590148921,B4049,MAJOR,31295 Charles Kettering Road,WARREN,48092.0,MACOMB,WARREN,DZIADOSZM,,,"31295 Charles Kettering Road, WARREN, MI 48092",3.0777182885901486e+18,Form Submission Attachments,AQD - Air,Application/Request
2026-07-20,2026.0,CONSUMERS ENERGY CO. - ZEELAND GENERATING STATION,NFORMDOC,nForm Document,https://mienviro.michigan.gov/ncore/downloadpdf/7850610311920387131,N6521,MAJOR,425 Fairview Rd.,ZEELAND,49464.0,OTTAWA,GRAND RAPIDS,DEVRIESK1,,,"425 Fairview Rd., ZEELAND, MI 49464",7.850610311920387e+18,Form Submission Attachments,AQD - Air,Application/Request
2026-07-20,2026.0,CONSUMERS ENERGY CO. - ZEELAND GENERATING STATION,SUBMISSI,Submission PDF,https://mienviro.michigan.gov/ncore/downloadpdf/2779048950054418705,N6521,MAJOR,425 Fairview Rd.,ZEELAND,49464.0,OTTAWA,GRAND RAPIDS,DEVRIESK1,,,"425 Fairview Rd., ZEELAND, MI 49464",2.779048950054419e+18,Form Submission Attachments,AQD - Air,Application/Request
2026-07-20,2026.0,CITY OF MIDLAND UTILITIES DIVISION,NFORMDOC,nForm Document,https://mienviro.michigan.gov/ncore/downloadpdf/-3126134215205193485,N6004,MAJOR,4311 E. Ashman St.,MIDLAND,48642.0,MIDLAND,BAY CITY,MCCANNG2,,,"4311 E. Ashman St., MIDLAND, MI 48642",-3.126134215205193e+18,Form Submission Attachments,AQD - Air,Application/Request
2026-07-20,2026.0,"GENERAL FORMULATIONS, INC.",SUBMISSI,Submission PDF,https://mienviro.michigan.gov/ncore/downloadpdf/6489588653131249446,M3554,SM OPT OUT,320 S. Union St.,SPARTA,49345.0,KENT,GRAND RAPIDS,COXM9,,,"320 S. Union St., SPARTA, MI 49345",6.48958865313125e+18,Form Submission Attachments,AQD - Air,Application/Request
2026-07-20,2026.0,GENERAL MOTORS LLC-LANSING DELTA TOWNSHIP,PROPOSED,Proposed Staff Report – An explanation of the technical details and the rules and regulations that apply to the permit.,https://mienviro.michigan.gov/ncore/downloadpdf/7743231382334783000,N6950,MAJOR,8175 Millett Highway,LANSING,48917.0,EATON,LANSING,BYRNESR,,,"8175 Millett Highway, LANSING, MI 48917",7.743231382334782e+18,Air Application Documents,AQD - Air,Application/Request
2026-07-20,2026.0,CONSUMERS ENERGY - FREEDOM COMPRESSOR STATION,SUBMISSI,Submission PDF,https://mienviro.michigan.gov/ncore/downloadpdf/1181071906429290475,N3920,MAJOR,12201  PLEASANT LAKE RD,MANCHESTER,48158.0,WASHTENAW,JACKSON,KOVALCHICKM,,,"12201  PLEASANT LAKE RD, MANCHESTER, MI 48158",1.1810719064292905e+18,Form Submission Attachments,AQD - Air,Application/Request
2026-07-20,2026.0,CONSUMERS ENERGY CO. - ZEELAND GENERATING STATION,NFORMDOC,nForm Document,https://mienviro.michigan.gov/ncore/downloadpdf/9124935657241402055,N6521,MAJOR,425 Fairview Rd.,ZEELAND,49464.0,OTTAWA,GRAND RAPIDS,DEVRIESK1,,,"425 Fairview Rd., ZEELAND, MI 49464",9.1249356572414e+18,Form Submission Attachments,AQD - Air,Application/Request
2026-07-20,2026.0,TES FILER CITY STATION,SCHEDULE,Schedule - Air Quality Test Plan Submittal,https://mienviro.michigan.gov/ncore/downloadpdf/-1850394015205578243,N1685,MAJOR,700  Mee Street,FILER CITY,49634.0,MANISTEE,CADILLAC,OWENSC1,,,"700  Mee Street, FILER CITY, MI 49634",-1.8503940152055785e+18,Misc. Submittal Docs,AQD - Air,Application/Request
2026-07-20,2026.0,MARATHON PETROLEUM COMPANY LP,SUBMISSI,Submission PDF,https://mienviro.michigan.gov/ncore/downloadpdf/5720956320817215140,A9831,MEGASITE,1001 S Oakwood,DETROIT,48217.0,WAYNE,DETROIT,ACEVEDOJ1,,,"1001 S Oakwood, DETROIT, MI 48217",5.720956320817215e+18,Form Submission Attachments,AQD - Air,Application/Request
2026-07-20,2026.0,"HYDRO ALUMINUM METALS USA, LLC",SCHEDULE,Schedule - Air Quality Test Plan Submittal,https://mienviro.michigan.gov/ncore/downloadpdf/-2331977217043342804,P1242,,TBD Follett Drive,CASSOPOLIS,49031.0,CASS,KALAMAZOO,CHAPELA,,,"TBD Follett Drive, CASSOPOLIS, MI 49031",-2.331977217043343e+18,Misc. Submittal Docs,AQD - Air,Application/Request
2026-07-20,2026.0,NYLOK LLC,SUBMISSI,Submission PDF,https://mienviro.michigan.gov/ncore/downloadpdf/7353010048322576949,N5656,MAJOR,15260 HALLMARK Court,MACOMB,48042.0,MACOMB,WARREN,KELLYK6,,,"15260 HALLMARK Court, MACOMB, MI 48042",7.353010048322577e+18,Form Submission Attachments,AQD - Air,Application/Request
2026-07-20,2026.0,OSBORNE CONCRETE CO INC,AIRPERMI,Air Permit to Install,https://mienviro.michigan.gov/ncore/downloadpdf/-1833817274850023498,B5836,MINOR,12864 WAYNE S,ROMULUS,,WAYNE,DETROIT,PINGAR,,,,-1.833817274850024e+18,Air Permit to Install Documents,AQD - Air,Permit
2026-07-20,2026.0,"ZFS ITHACA, LLC",SCHEDULE,Schedule - Air Quality Test Report Submittal,https://mienviro.michigan.gov/ncore/downloadpdf/-2843913502787774869,P0788,MAJOR,1266 E. Washington Road,ITHACA,48847.0,GRATIOT,LANSING,LUPLOWM1,,,"1266 E. Washington Road, ITHACA, MI 48847",-2.843913502787775e+18,Misc. Submittal Docs,AQD - Air,Application/Request
2026-07-20,2026.0,ULTIUM CELLS LLC,SUBMISSI,Submission PDF,https://mienviro.michigan.gov/ncore/downloadpdf/3525213209297395956,P1269,,7111 DAVIS HWY,LANSING,48917.0,EATON,LANSING,,,,"7111 DAVIS HWY, LANSING, MI 48917",3.525213209297396e+18,Form Submission Attachments,AQD - Air,Application/Request
2026-07-20,2026.0,ST MARYS CEMENT CHARLEVOIX PLANT,SUBMISSI,Submission PDF,https://mienviro.michigan.gov/ncore/downloadpdf/-7885195231168244461,B1559,MAJOR,16000  BELLS BAY RD,CHARLEVOIX,49720.0,CHARLEVOIX,CADILLAC,DICKMANR,,,"16000  BELLS BAY RD, CHARLEVOIX, MI 49720",-7.885195231168244e+18,Form Submission Attachments,AQD - Air,Application/Request
2026-07-20,2026.0,CITY OF MIDLAND UTILITIES DIVISION,SUBMISSI,Submission PDF,https://mienviro.michigan.gov/ncore/downloadpdf/4159211755448830078,N6004,MAJOR,4311 E. Ashman St.,MIDLAND,48642.0,MIDLAND,BAY CITY,MCCANNG2,,,"4311 E. Ashman St., MIDLAND, MI 48642",4.159211755448831e+18,Form Submission Attachments,AQD - Air,Application/Request
2026-07-20,2026.0,"REQUEST FOODS, INC.",AIRPERMI,Air Permit to Install,https://mienviro.michigan.gov/ncore/downloadpdf/-9052403634005139841,N8192,MINOR,3460 JOHN F DONNELLY DR,HOLLAND,49422.0,OTTAWA,GRAND RAPIDS,EVANSS13,,,"3460 JOHN F DONNELLY DR, HOLLAND, MI 49422",-9.05240363400514e+18,Air Permit to Install Documents,AQD - Air,Permit
2026-07-20,2026.0,OSBORNE CONCRETE CO INC,AIRPERMI,Air Permit to Install,https://mienviro.michigan.gov/ncore/downloadpdf/-1577509634805808172,B5836,MINOR,12864 WAYNE S,ROMULUS,,WAYNE,DETROIT,PINGAR,,,,-1.577509634805808e+18,Air Permit to Install Documents,AQD - Air,Permit
2026-07-20,2026.0,GENERAL MOTORS LLC - ORION ASSEMBLY,SCHEDULE,Schedule - ROP General Compliance Report,https://mienviro.michigan.gov/ncore/downloadpdf/-3826561078253856039,B7227,MAJOR,4555  GIDDINGS RD,LAKE ORION,48359.0,OAKLAND,WARREN,BYRNESR,,,"4555  GIDDINGS RD, LAKE ORION, MI 48359",-3.826561078253856e+18,Air Schedule Documents,AQD - Air,Application/Request
2026-07-20,2026.0,"ZFS ITHACA, LLC",SCHEDULE,Schedule - Air Quality Test Report Submittal,https://mienviro.michigan.gov/ncore/downloadpdf/1347372330901163648,P0788,MAJOR,1266 E. Washington Road,ITHACA,48847.0,GRATIOT,LANSING,LUPLOWM1,,,"1266 E. Washington Road, ITHACA, MI 48847",1.3473723309011635e+18,Misc. Submittal Docs,AQD - Air,Application/Request
2026-07-20,2026.0,ST MARYS CEMENT CHARLEVOIX PLANT,NFORMDOC,nForm Document,https://mienviro.michigan.gov/ncore/downloadpdf/5356102560397507362,B1559,MAJOR,16000  BELLS BAY RD,CHARLEVOIX,49720.0,CHARLEVOIX,CADILLAC,DICKMANR,,,"16000  BELLS BAY RD, CHARLEVOIX, MI 49720",5.356102560397508e+18,Form Submission Attachments,AQD - Air,Application/Request
2026-07-20,2026.0,GUARDIAN INDUSTRIES-CARLETON,SUBMISSI,Submission PDF,https://mienviro.michigan.gov/ncore/downloadpdf/6342251771438808636,B1877,MAJOR,14600  ROMINE RD,CARLETON,48117.0,MONROE,JACKSON,CARLEYB,,,"14600  ROMINE RD, CARLETON, MI 48117",6.342251771438809e+18,Form Submission Attachments,AQD - Air,Application/Request
2026-07-20,2026.0,LAKE CITY REDI-MIX,AIRPERMI,Air Permit to Install,https://mienviro.michigan.gov/ncore/downloadpdf/6368124133355844435,N2733,MINOR,955 E Church Ave,REED CITY,49651.0,OSCEOLA,CADILLAC,DICKMANR,,,"955 E Church Ave, REED CITY, MI 49651",6.368124133355845e+18,Air Permit to Install Documents,AQD - Air,Permit
2026-07-20,2026.0,CITY ENVIRONMENTAL SERVICES INC OF WATERS,SUBMISSI,Submission PDF,https://mienviro.michigan.gov/ncore/downloadpdf/5376299704031845740,N5988,MAJOR,11375 SHERMAN RD,FREDERIC,49733.0,CRAWFORD,CADILLAC,CHILDSK,,,"11375 SHERMAN RD, FREDERIC, MI 49733",5.376299704031845e+18,Form Submission Attachments,AQD - Air,Application/Request
2026-07-20,2026.0,"GENERAL FORMULATIONS, INC.",NFORMDOC,nForm Document,https://mienviro.michigan.gov/ncore/downloadpdf/-4657632623876477958,M3554,SM OPT OUT,320 S. Union St.,SPARTA,49345.0,KENT,GRAND RAPIDS,COXM9,,,"320 S. Union St., SPARTA, MI 49345",-4.657632623876478e+18,Form Submission Attachments,AQD - Air,Application/Request
2026-07-20,2026.0,CARGILL SALT - ST. CLAIR,SUBMISSI,Submission PDF,https://mienviro.michigan.gov/ncore/downloadpdf/9104435498808294552,A6240,MINOR,916 S. RIVERSIDE AVE.,SAINT CLAIR,48079.0,SAINT CLAIR,WARREN,ELMOUCHIR,,,"916 S. RIVERSIDE AVE., SAINT CLAIR, MI 48079",9.104435498808294e+18,Form Submission Attachments,AQD - Air,Application/Request
2026-07-20,2026.0,GCI GOKOH COLDWATER INC,FACILITY,Facility wants to substitute the current ISOCURE 700 (TEA) catalyst with either one of two catalysts – ISOCURE 706 (DMPA) or ISOCURE 705 (DMPA).,https://mienviro.michigan.gov/ncore/downloadpdf/6827966073138887141,N5904,SM OPT OUT,100 CONCEPT DR,COLDWATER,49036.0,BRANCH,KALAMAZOO,COLLINSC21,,,"100 CONCEPT DR, COLDWATER, MI 49036",6.827966073138888e+18,Air Site Documents,,Site
2026-07-20,2026.0,COMMERCIAL STEEL TREATING CORPORATION,AIRPERMI,Air Permit to Install,https://mienviro.michigan.gov/ncore/downloadpdf/-4247710851590558231,B5929,SM OPT OUT,31440  STEPHENSON HWY.,MADISON HTS,48071.0,OAKLAND,WARREN,BOGNARA1,,,"31440  STEPHENSON HWY., MADISON HTS, MI 48071",-4.247710851590558e+18,Air Permit to Install Documents,AQD - Air,Permit
2026-07-20,2026.0,LAKE CITY REDI-MIX,AIRPERMI,Air Permit to Install,https://mienviro.michigan.gov/ncore/downloadpdf/-7088170506646568557,N2733,MINOR,955 E Church Ave,REED CITY,49651.0,OSCEOLA,CADILLAC,DICKMANR,,,"955 E Church Ave, REED CITY, MI 49651",-7.088170506646569e+18,Air Permit to Install Documents,AQD - Air,Permit
2026-07-20,2026.0,"ZFS ITHACA, LLC",SCHEDULE,Schedule - Air Quality Test Report Submittal,https://mienviro.michigan.gov/ncore/downloadpdf/3183946072218006760,P0788,MAJOR,1266 E. Washington Road,ITHACA,48847.0,GRATIOT,LANSING,LUPLOWM1,,,"1266 E. Washington Road, ITHACA, MI 48847",3.183946072218007e+18,Misc. Submittal Docs,AQD - Air,Application/Request
2026-07-20,2026.0,"REQUEST FOODS, INC.",AIRPERMI,Air Permit to Install,https://mienviro.michigan.gov/ncore/downloadpdf/-2874072263863212508,N8192,MINOR,3460 JOHN F DONNELLY DR,HOLLAND,49422.0,OTTAWA,GRAND RAPIDS,EVANSS13,,,"3460 JOHN F DONNELLY DR, HOLLAND, MI 49422",-2.8740722638632125e+18,Air Permit to Install Documents,AQD - Air,Permit
2026-07-19,2026.0,COOPER STANDARD AUTOMOTIVE INC.,SUBMISSI,Submission PDF,https://mienviro.michigan.gov/ncore/downloadpdf/-8808445711932676642,N7240,MINOR,4700 Industrial Row,OSCODA,48750.0,IOSCO,BAY CITY,GENTLEN,,,"4700 Industrial Row, OSCODA, MI 48750",-8.808445711932675e+18,Form Submission Attachments,AQD - Air,Application/Request
2026-07-19,2026.0,COOPER STANDARD AUTOMOTIVE INC.,NFORMDOC,nForm Document,https://mienviro.michigan.gov/ncore/downloadpdf/-8960493587768947506,N7240,MINOR,4700 Industrial Row,OSCODA,48750.0,IOSCO,BAY CITY,GENTLEN,,,"4700 Industrial Row, OSCODA, MI 48750",-8.960493587768947e+18,Form Submission Attachments,AQD - Air,Application/Request
2026-07-19,2026.0,COOPER STANDARD AUTOMOTIVE INC.,NFORMDOC,nForm Document,https://mienviro.michigan.gov/ncore/downloadpdf/8055265273208575375,N7240,MINOR,4700 Industrial Row,OSCODA,48750.0,IOSCO,BAY CITY,GENTLEN,,,"4700 Industrial Row, OSCODA, MI 48750",8.055265273208574e+18,Form Submission Attachments,AQD - Air,Application/Request
2026-07-19,2026.0,COOPER STANDARD AUTOMOTIVE INC.,NFORMDOC,nForm Document,https://mienviro.michigan.gov/ncore/downloadpdf/5656804618198320927,N7240,MINOR,4700 Industrial Row,OSCODA,48750.0,IOSCO,BAY CITY,GENTLEN,,,"4700 Industrial Row, OSCODA, MI 48750",5.656804618198321e+18,Form Submission Attachments,AQD - Air,Application/Request
2026-07-17,2026.0,SILBOND CORP,ATTACHME,Attachment 12-Wastewater analysis.,https://mienviro.michigan.gov/ncore/downloadpdf/7226799737349129058,B2952,SM OPT OUT,9901 SAND CREEK HWY,WESTON,49289.0,LENAWEE,JACKSON,WEEMSS,,,"9901 SAND CREEK HWY, WESTON, MI 49289",7.226799737349129e+18,Air Evaluation Documents,AQD - Air,Evaluation
2026-07-17,2026.0,UPPER MICHIGAN ENERGY RESOURCES -F.D. KUESTER G.S.,NFORMDOC,nForm Document,https://mienviro.michigan.gov/ncore/downloadpdf/-2353242396810200358,P0797,MAJOR,80 Eagle Mills Road,NEGAUNEE,49849.0,MARQUETTE,MARQUETTE,SCANLANJ,,,"80 Eagle Mills Road, NEGAUNEE, MI 49849",-2.3532423968102006e+18,Form Submission Attachments,AQD - Air,Application/Request
2026-07-17,2026.0,GERDAU MACSTEEL MONROE MILL,DISCUSSI,Discussion with facility regarding monitor downtime due to unit service/repair.,https://mienviro.michigan.gov/ncore/downloadpdf/5087286015782650145,B7061,MAJOR,3000 E FRONT STREET,MONROE,48161.0,MONROE,JACKSON,KOVALCHICKM,,,"3000 E FRONT STREET, MONROE, MI 48161",5.08728601578265e+18,Misc. Submittal Docs,AQD - Air,Application/Request
2026-07-17,2026.0,ORCHARD HILL SANITARY LANDFILL,NFORMDOC,nForm Document,https://mienviro.michigan.gov/ncore/downloadpdf/-3699587292555763679,N5719,MAJOR,3290 HENNESEY RD,WATERVLIET,49098.0,BERRIEN,KALAMAZOO,DESKINSM,,,"3290 HENNESEY RD, WATERVLIET, MI 49098",-3.699587292555764e+18,Form Submission Attachments,AQD - Air,Application/Request
2026-07-17,2026.0,CABOT CORPORATION,NFORMDOC,nForm Document,https://mienviro.michigan.gov/ncore/downloadpdf/-7158201244963822943,N6251,MAJOR,3603 S SAGINAW ROAD,MIDLAND,48640.0,MIDLAND,BAY CITY,WITKOPPB,,,"3603 S SAGINAW ROAD, MIDLAND, MI 48640",-7.158201244963824e+18,Form Submission Attachments,AQD - Air,Application/Request
2026-07-17,2026.0,SILBOND CORP,ATTACHME,Attachment 5-Outlet vapor temperature graph corresponding to explanation provided in Attachment 3.,https://mienviro.michigan.gov/ncore/downloadpdf/-1528834768349664432,B2952,SM OPT OUT,9901 SAND CREEK HWY,WESTON,49289.0,LENAWEE,JACKSON,WEEMSS,,,"9901 SAND CREEK HWY, WESTON, MI 49289",-1.5288347683496645e+18,Air Evaluation Documents,AQD - Air,Evaluation
2026-07-17,2026.0,SILBOND CORP,ATTACHME,Attachment 6a-Updated emissions calculations.,https://mienviro.michigan.gov/ncore/downloadpdf/3336571061572141795,B2952,SM OPT OUT,9901 SAND CREEK HWY,WESTON,49289.0,LENAWEE,JACKSON,WEEMSS,,,"9901 SAND CREEK HWY, WESTON, MI 49289",3.3365710615721416e+18,Air Evaluation Documents,AQD - Air,Evaluation
2026-07-17,2026.0,SILBOND CORP,ATTACHME,Attachment 16-Engine maintenance and operating hours.,https://mienviro.michigan.gov/ncore/downloadpdf/1774842324141682565,B2952,SM OPT OUT,9901 SAND CREEK HWY,WESTON,49289.0,LENAWEE,JACKSON,WEEMSS,,,"9901 SAND CREEK HWY, WESTON, MI 49289",1.7748423241416824e+18,Air Evaluation Documents,AQD - Air,Evaluation
2026-07-17,2026.0,SILBOND CORP,ATTACHME,Attachment 15-Engine maintenance and operating hours.,https://mienviro.michigan.gov/ncore/downloadpdf/976617059035439482,B2952,SM OPT OUT,9901 SAND CREEK HWY,WESTON,49289.0,LENAWEE,JACKSON,WEEMSS,,,"9901 SAND CREEK HWY, WESTON, MI 49289",9.766170590354394e+17,Air Evaluation Documents,AQD - Air,Evaluation
2026-07-17,2026.0,SILBOND CORP,ATTACHME,Attachment 9-Storage tank material throughput.,https://mienviro.michigan.gov/ncore/downloadpdf/-6495312611805404141,B2952,SM OPT OUT,9901 SAND CREEK HWY,WESTON,49289.0,LENAWEE,JACKSON,WEEMSS,,,"9901 SAND CREEK HWY, WESTON, MI 49289",-6.495312611805404e+18,Air Evaluation Documents,AQD - Air,Evaluation
2026-07-17,2026.0,SILBOND CORP,ATTACHME,Attachment 17-Engine maintenance and operating hours.,https://mienviro.michigan.gov/ncore/downloadpdf/610518408568472479,B2952,SM OPT OUT,9901 SAND CREEK HWY,WESTON,49289.0,LENAWEE,JACKSON,WEEMSS,,,"9901 SAND CREEK HWY, WESTON, MI 49289",6.105184085684724e+17,Air Evaluation Documents,AQD - Air,Evaluation
2026-07-17,2026.0,ENERGY DEVELOPMENTS COOPERSVILLE LLC,NFORMDOC,nForm Document,https://mienviro.michigan.gov/ncore/downloadpdf/-6161229774021233459,N5890,MAJOR,15362 68th Avenue,COOPERSVILLE,49404.0,OTTAWA,GRAND RAPIDS,MORGAND2,,,"15362 68th Avenue, COOPERSVILLE, MI 49404",-6.161229774021234e+18,Form Submission Attachments,AQD - Air,Application/Request
2026-07-17,2026.0,SILBOND CORP,ATTACHME,Attachment 4-Outlet vapor temperature records.,https://mienviro.michigan.gov/ncore/downloadpdf/6423483164131362945,B2952,SM OPT OUT,9901 SAND CREEK HWY,WESTON,49289.0,LENAWEE,JACKSON,WEEMSS,,,"9901 SAND CREEK HWY, WESTON, MI 49289",6.423483164131363e+18,Air Evaluation Documents,AQD - Air,Evaluation
2026-07-17,2026.0,ENERGY DEVELOPMENTS COOPERSVILLE LLC,SUBMISSI,Submission PDF,https://mienviro.michigan.gov/ncore/downloadpdf/2445087009816467139,N5890,MAJOR,15362 68th Avenue,COOPERSVILLE,49404.0,OTTAWA,GRAND RAPIDS,MORGAND2,,,"15362 68th Avenue, COOPERSVILLE, MI 49404",2.4450870098164675e+18,Form Submission Attachments,AQD - Air,Application/Request
2026-07-17,2026.0,"DENSO MANUFACTURING MICHIGAN, INC.",SUBMISSI,Submission PDF,https://mienviro.michigan.gov/ncore/downloadpdf/-7826713317087939557,N1192,MAJOR,One Denso Road,BATTLE CREEK,49037.0,CALHOUN,KALAMAZOO,CHAPELA,,,"One Denso Road, BATTLE CREEK, MI 49037",-7.82671331708794e+18,Form Submission Attachments,AQD - Air,Application/Request
2026-07-17,2026.0,W2FUEL LLC,COMMUNIC,Communication sent to facility about future submittals.,https://mienviro.michigan.gov/ncore/downloadpdf/4240677461053353268,N7927,SM OPT OUT,1571 W BEECHER RD,ADRIAN,49221.0,LENAWEE,JACKSON,KOVALCHICKM,,,"1571 W BEECHER RD, ADRIAN, MI 49221",4.240677461053353e+18,Misc. Submittal Docs,AQD - Air,Application/Request
2026-07-17,2026.0,TEMPERFORM LLC,SUBMISSI,Submission PDF,https://mienviro.michigan.gov/ncore/downloadpdf/5097029556723619669,B7357,SM OPT OUT,25425 TRANS X,NOVI,48375.0,OAKLAND,WARREN,KONANAHALLII,,,"25425 TRANS X, NOVI, MI 48375",5.09702955672362e+18,Form Submission Attachments,AQD - Air,Application/Request
2026-07-17,2026.0,FCA US LLC - JEFFERSON NORTH ASSEMBLY PLANT,SUBMISSI,Submission PDF,https://mienviro.michigan.gov/ncore/downloadpdf/853850049941481784,N2155,MAJOR,2101  CONNER AVE,DETROIT,48215.0,WAYNE,DETROIT,BYRNESR,,,"2101  CONNER AVE, DETROIT, MI 48215",8.53850049941482e+17,Form Submission Attachments,AQD - Air,Application/Request
2026-07-17,2026.0,GLOBAL ENTERPRISES,AIRPERMI,Air Permit to Install,https://mienviro.michigan.gov/ncore/downloadpdf/3713300377272976779,A3037,SM OPT OUT,50450 E. Russell Schmidt Dr.,CHESTERFIELD,48051.0,MACOMB,WARREN,LEFFERTK,,,"50450 E. Russell Schmidt Dr., CHESTERFIELD, MI 48051",3.713300377272977e+18,Air Permit to Install Documents,AQD - Air,Permit
2026-07-17,2026.0,SILBOND CORP,ATTACHME,Attachment 7-Flare operation and maintenance plan.,https://mienviro.michigan.gov/ncore/downloadpdf/8269630180677119017,B2952,SM OPT OUT,9901 SAND CREEK HWY,WESTON,49289.0,LENAWEE,JACKSON,WEEMSS,,,"9901 SAND CREEK HWY, WESTON, MI 49289",8.269630180677118e+18,Air Evaluation Documents,AQD - Air,Evaluation
2026-07-17,2026.0,UPPER MICHIGAN ENERGY RESOURCES -F.D. KUESTER G.S.,NFORMDOC,nForm Document,https://mienviro.michigan.gov/ncore/downloadpdf/513516561700646499,P0797,MAJOR,80 Eagle Mills Road,NEGAUNEE,49849.0,MARQUETTE,MARQUETTE,SCANLANJ,,,"80 Eagle Mills Road, NEGAUNEE, MI 49849",5.1351656170064646e+17,Form Submission Attachments,AQD - Air,Application/Request
2026-07-17,2026.0,TEMPERFORM LLC,NFORMDOC,nForm Document,https://mienviro.michigan.gov/ncore/downloadpdf/7752289859309823031,B7357,SM OPT OUT,25425 TRANS X,NOVI,48375.0,OAKLAND,WARREN,KONANAHALLII,,,"25425 TRANS X, NOVI, MI 48375",7.752289859309822e+18,Form Submission Attachments,AQD - Air,Application/Request
2026-07-17,2026.0,CABOT CORPORATION,SUBMISSI,Submission PDF,https://mienviro.michigan.gov/ncore/downloadpdf/511493292802386111,N6251,MAJOR,3603 S SAGINAW ROAD,MIDLAND,48640.0,MIDLAND,BAY CITY,WITKOPPB,,,"3603 S SAGINAW ROAD, MIDLAND, MI 48640",5.1149329280238605e+17,Form Submission Attachments,AQD - Air,Application/Request
2026-07-17,2026.0,SILBOND CORP,ATTACHME,Attachment 11-EUHOTOILHEATER Nameplate,https://mienviro.michigan.gov/ncore/downloadpdf/-4151496372790122798,B2952,SM OPT OUT,9901 SAND CREEK HWY,WESTON,49289.0,LENAWEE,JACKSON,WEEMSS,,,"9901 SAND CREEK HWY, WESTON, MI 49289",-4.1514963727901225e+18,Air Evaluation Documents,AQD - Air,Evaluation
2026-07-17,2026.0,SILBOND CORP,ATTACHME,Attachment 10-Updated emission calculations for facility storage tanks.,https://mienviro.michigan.gov/ncore/downloadpdf/3761238075364011796,B2952,SM OPT OUT,9901 SAND CREEK HWY,WESTON,49289.0,LENAWEE,JACKSON,WEEMSS,,,"9901 SAND CREEK HWY, WESTON, MI 49289",3.761238075364012e+18,Air Evaluation Documents,AQD - Air,Evaluation
2026-07-17,2026.0,ADVANCED ARCHITECTUAL PRODUCTS,SUBMISSI,Submission PDF,https://mienviro.michigan.gov/ncore/downloadpdf/-7175863437488765679,P0686,SM OPT OUT,3393 S M-40,HAMILTON,49419.0,ALLEGAN,KALAMAZOO,YAZZIEC,,,"3393 S M-40, HAMILTON, MI 49419",-7.175863437488766e+18,Form Submission Attachments,AQD - Air,Application/Request
2026-07-17,2026.0,SILBOND CORP,ATTACHME,Attachment 13-Engine maintenance and operating hours.,https://mienviro.michigan.gov/ncore/downloadpdf/-2483763369278087467,B2952,SM OPT OUT,9901 SAND CREEK HWY,WESTON,49289.0,LENAWEE,JACKSON,WEEMSS,,,"9901 SAND CREEK HWY, WESTON, MI 49289",-2.483763369278088e+18,Air Evaluation Documents,AQD - Air,Evaluation
2026-07-17,2026.0,SILBOND CORP,ATTACHME,Attachment 8-Storage tank material throughput records.,https://mienviro.michigan.gov/ncore/downloadpdf/9113974133063404095,B2952,SM OPT OUT,9901 SAND CREEK HWY,WESTON,49289.0,LENAWEE,JACKSON,WEEMSS,,,"9901 SAND CREEK HWY, WESTON, MI 49289",9.113974133063404e+18,Air Evaluation Documents,AQD - Air,Evaluation
2026-07-17,2026.0,"DINO-MITE CRUSHING & RECYCLING, LLC",SUBMISSI,Submission PDF,https://mienviro.michigan.gov/ncore/downloadpdf/-2597704929467748419,P1114,MINOR,12625 Greenfield Road,DETROIT,48827.0,WAYNE,DETROIT,HEMBENT,,,"12625 Greenfield Road, DETROIT, MI 48827",-2.5977049294677484e+18,Form Submission Attachments,AQD - Air,Application/Request
2026-07-17,2026.0,CABOT CORPORATION,NFORMDOC,nForm Document,https://mienviro.michigan.gov/ncore/downloadpdf/-3826241892295321878,N6251,MAJOR,3603 S SAGINAW ROAD,MIDLAND,48640.0,MIDLAND,BAY CITY,WITKOPPB,,,"3603 S SAGINAW ROAD, MIDLAND, MI 48640",-3.8262418922953216e+18,Form Submission Attachments,AQD - Air,Application/Request
2026-07-17,2026.0,GLOBAL ENTERPRISES,AIRPERMI,Air Permit to Install,https://mienviro.michigan.gov/ncore/downloadpdf/-4638563643098120092,A3037,SM OPT OUT,50450 E. Russell Schmidt Dr.,CHESTERFIELD,48051.0,MACOMB,WARREN,LEFFERTK,,,"50450 E. Russell Schmidt Dr., CHESTERFIELD, MI 48051",-4.63856364309812e+18,Air Permit to Install Documents,AQD - Air,Permit
2026-07-17,2026.0,SILBOND CORP,ATTACHME,Attachment 7b-Flare interlock test record.,https://mienviro.michigan.gov/ncore/downloadpdf/7770895762837558874,B2952,SM OPT OUT,9901 SAND CREEK HWY,WESTON,49289.0,LENAWEE,JACKSON,WEEMSS,,,"9901 SAND CREEK HWY, WESTON, MI 49289",7.770895762837558e+18,Air Evaluation Documents,AQD - Air,Evaluation
2026-07-17,2026.0,UPPER MICHIGAN ENERGY RESOURCES -F.D. KUESTER G.S.,SUBMISSI,Submission PDF,https://mienviro.michigan.gov/ncore/downloadpdf/3575280320825094254,P0797,MAJOR,80 Eagle Mills Road,NEGAUNEE,49849.0,MARQUETTE,MARQUETTE,SCANLANJ,,,"80 Eagle Mills Road, NEGAUNEE, MI 49849",3.575280320825094e+18,Form Submission Attachments,AQD - Air,Application/Request
2026-07-17,2026.0,SILBOND CORP,ATTACHME,Attachment 14-Engine maintenance and operating hours.,https://mienviro.michigan.gov/ncore/downloadpdf/-7684496700674061815,B2952,SM OPT OUT,9901 SAND CREEK HWY,WESTON,49289.0,LENAWEE,JACKSON,WEEMSS,,,"9901 SAND CREEK HWY, WESTON, MI 49289",-7.68449670067406e+18,Air Evaluation Documents,AQD - Air,Evaluation
2026-07-17,2026.0,ENERGY DEVELOPMENTS COOPERSVILLE LLC,SUBMISSI,Submission PDF,https://mienviro.michigan.gov/ncore/downloadpdf/-781937426177371887,N5890,MAJOR,15362 68th Avenue,COOPERSVILLE,49404.0,OTTAWA,GRAND RAPIDS,MORGAND2,,,"15362 68th Avenue, COOPERSVILLE, MI 49404",-7.819374261773719e+17,Form Submission Attachments,AQD - Air,Application/Request
2026-07-17,2026.0,SILBOND CORP,ATTACHME,Attachment 2-Records request with facility responses/explanations.,https://mienviro.michigan.gov/ncore/downloadpdf/8599856222700967169,B2952,SM OPT OUT,9901 SAND CREEK HWY,WESTON,49289.0,LENAWEE,JACKSON,WEEMSS,,,"9901 SAND CREEK HWY, WESTON, MI 49289",8.599856222700966e+18,Air Evaluation Documents,AQD - Air,Evaluation
2026-07-17,2026.0,SILBOND CORP,ATTACHME,Attachment 6-Monthly and 12-month rolling emissions record.,https://mienviro.michigan.gov/ncore/downloadpdf/6941205897016064169,B2952,SM OPT OUT,9901 SAND CREEK HWY,WESTON,49289.0,LENAWEE,JACKSON,WEEMSS,,,"9901 SAND CREEK HWY, WESTON, MI 49289",6.941205897016064e+18,Air Evaluation Documents,AQD - Air,Evaluation
2026-07-17,2026.0,SILBOND CORP,ATTACHME,Attachment 1-Facility correspondence.,https://mienviro.michigan.gov/ncore/downloadpdf/-1687583558121118773,B2952,SM OPT OUT,9901 SAND CREEK HWY,WESTON,49289.0,LENAWEE,JACKSON,WEEMSS,,,"9901 SAND CREEK HWY, WESTON, MI 49289",-1.6875835581211187e+18,Air Evaluation Documents,AQD - Air,Evaluation
2026-07-17,2026.0,SILBOND CORP,ATTACHME,Attachment 3-Follow up records request with facility responses/explanations.,https://mienviro.michigan.gov/ncore/downloadpdf/-4011787558591256637,B2952,SM OPT OUT,9901 SAND CREEK HWY,WESTON,49289.0,LENAWEE,JACKSON,WEEMSS,,,"9901 SAND CREEK HWY, WESTON, MI 49289",-4.0117875585912566e+18,Air Evaluation Documents,AQD - Air,Evaluation
2026-07-17,2026.0,"HYDRO ALUMINUM METALS USA, LLC",ENFN,Enforcement Notice,https://mienviro.michigan.gov/ncore/downloadpdf/-6399592374571394456,P1242,,TBD Follett Drive,CASSOPOLIS,49031.0,CASS,KALAMAZOO,CHAPELA,ENFN,Enforcement Notice,"TBD Follett Drive, CASSOPOLIS, MI 49031",-6.399592374571394e+18,Air Enforcement Documents,AQD - Air,Compliance Action
2026-07-17,2026.0,SILBOND CORP,ATTACHME,Attachment 7a-Flare maintenance work orders.,https://mienviro.michigan.gov/ncore/downloadpdf/6456614430304166429,B2952,SM OPT OUT,9901 SAND CREEK HWY,WESTON,49289.0,LENAWEE,JACKSON,WEEMSS,,,"9901 SAND CREEK HWY, WESTON, MI 49289",6.456614430304166e+18,Air Evaluation Documents,AQD - Air,Evaluation
2026-07-17,2026.0,TEMPERFORM LLC,NFORMDOC,nForm Document,https://mienviro.michigan.gov/ncore/downloadpdf/7134148359727812908,B7357,SM OPT OUT,25425 TRANS X,NOVI,48375.0,OAKLAND,WARREN,KONANAHALLII,,,"25425 TRANS X, NOVI, MI 48375",7.134148359727813e+18,Form Submission Attachments,AQD - Air,Application/Request
2026-07-17,2026.0,UPPER MICHIGAN ENERGY RESOURCES -F.D. KUESTER G.S.,SUBMISSI,Submission PDF,https://mienviro.michigan.gov/ncore/downloadpdf/4730621856190493880,P0797,MAJOR,80 Eagle Mills Road,NEGAUNEE,49849.0,MARQUETTE,MARQUETTE,SCANLANJ,,,"80 Eagle Mills Road, NEGAUNEE, MI 49849",4.730621856190494e+18,Form Submission Attachments,AQD - Air,Application/Request
2026-07-17,2026.0,UPPER MICHIGAN ENERGY RESOURCES -F.D. KUESTER G.S.,NFORMDOC,nForm Document,https://mienviro.michigan.gov/ncore/downloadpdf/-2006623694046008866,P0797,MAJOR,80 Eagle Mills Road,NEGAUNEE,49849.0,MARQUETTE,MARQUETTE,SCANLANJ,,,"80 Eagle Mills Road, NEGAUNEE, MI 49849",-2.0066236940460088e+18,Form Submission Attachments,AQD - Air,Application/Request
2026-07-17,2026.0,SILBOND CORP,ATTACHME,Attachment 7c-Flare interlock test record.,https://mienviro.michigan.gov/ncore/downloadpdf/-1005790214713752009,B2952,SM OPT OUT,9901 SAND CREEK HWY,WESTON,49289.0,LENAWEE,JACKSON,WEEMSS,,,"9901 SAND CREEK HWY, WESTON, MI 49289",-1.005790214713752e+18,Air Evaluation Documents,AQD - Air,Evaluation
2026-07-17,2026.0,"DINO-MITE CRUSHING & RECYCLING, LLC",NFORMDOC,nForm Document,https://mienviro.michigan.gov/ncore/downloadpdf/-6096402365828843074,P1114,MINOR,12625 Greenfield Road,DETROIT,48827.0,WAYNE,DETROIT,HEMBENT,,,"12625 Greenfield Road, DETROIT, MI 48827",-6.096402365828844e+18,Form Submission Attachments,AQD - Air,Application/Request
2026-07-17,2026.0,ORCHARD HILL SANITARY LANDFILL,SUBMISSI,Submission PDF,https://mienviro.michigan.gov/ncore/downloadpdf/1926263133524865445,N5719,MAJOR,3290 HENNESEY RD,WATERVLIET,49098.0,BERRIEN,KALAMAZOO,DESKINSM,,,"3290 HENNESEY RD, WATERVLIET, MI 49098",1.9262631335248653e+18,Form Submission Attachments,AQD - Air,Application/Request
2026-07-17,2026.0,ADVANCED ARCHITECTUAL PRODUCTS,NFORMDOC,nForm Document,https://mienviro.michigan.gov/ncore/downloadpdf/2635660059067092641,P0686,SM OPT OUT,3393 S M-40,HAMILTON,49419.0,ALLEGAN,KALAMAZOO,YAZZIEC,,,"3393 S M-40, HAMILTON, MI 49419",2.635660059067093e+18,Form Submission Attachments,AQD - Air,Application/Request
2026-07-17,2026.0,UPPER MICHIGAN ENERGY RESOURCES -F.D. KUESTER G.S.,NFORMDOC,nForm Document,https://mienviro.michigan.gov/ncore/downloadpdf/1233671860673887478,P0797,MAJOR,80 Eagle Mills Road,NEGAUNEE,49849.0,MARQUETTE,MARQUETTE,SCANLANJ,,,"80 Eagle Mills Road, NEGAUNEE, MI 49849",1.2336718606738875e+18,Form Submission Attachments,AQD - Air,Application/Request
2026-07-17,2026.0,"ZEELAND FARM SERVICES, INC.",SUBMISSI,Submission PDF,https://mienviro.michigan.gov/ncore/downloadpdf/4534275702555724407,M4204,MAJOR,2468  84th Ave,ZEELAND,49464.0,OTTAWA,GRAND RAPIDS,DEVRIESK1,,,"2468  84th Ave, ZEELAND, MI 49464",4.534275702555725e+18,Form Submission Attachments,AQD - Air,Application/Request
2026-07-16,2026.0,VERSO ESCANABA LLC,NFORMDOC,nForm Document,https://mienviro.michigan.gov/ncore/downloadpdf/-6159349860013215676,A0884,MAJOR,7100 COUNTY 426 M.5 ROAD,ESCANABA,49829.0,DELTA,MARQUETTE,CONKLINM1,,,"7100 COUNTY 426 M.5 ROAD, ESCANABA, MI 49829",-6.159349860013216e+18,Form Submission Attachments,AQD - Air,Application/Request
2026-07-16,2026.0,GERDAU MACSTEEL MONROE MILL,NFORMDOC,nForm Document,https://mienviro.michigan.gov/ncore/downloadpdf/3871579189620614994,B7061,MAJOR,3000 E FRONT STREET,MONROE,48161.0,MONROE,JACKSON,KOVALCHICKM,,,"3000 E FRONT STREET, MONROE, MI 48161",3.871579189620615e+18,Form Submission Attachments,AQD - Air,Application/Request
2026-07-16,2026.0,CORE ENERGY LLC - CHESTER 10 CO2 RECOVERY,SUBMISSI,Submission PDF,https://mienviro.michigan.gov/ncore/downloadpdf/6920333603973745072,N5798,SM OPT OUT,SW 1/4 SW 1/4 SEC 10 T29N R2W,CHESTER TWP,49735.0,OTSEGO,CADILLAC,DICKMANR,,,"SW 1/4 SW 1/4 SEC 10 T29N R2W, CHESTER TWP, MI 49735",6.920333603973745e+18,Form Submission Attachments,AQD - Air,Application/Request
2026-07-16,2026.0,CORE ENERGY LLC - CHESTER 10 CO2 RECOVERY,NFORMDOC,nForm Document,https://mienviro.michigan.gov/ncore/downloadpdf/-3469384870375498363,N5798,SM OPT OUT,SW 1/4 SW 1/4 SEC 10 T29N R2W,CHESTER TWP,49735.0,OTSEGO,CADILLAC,DICKMANR,,,"SW 1/4 SW 1/4 SEC 10 T29N R2W, CHESTER TWP, MI 49735",-3.469384870375498e+18,Form Submission Attachments,AQD - Air,Application/Request
2026-07-16,2026.0,TEMPERFORM LLC,SUBMISSI,Submission PDF,https://mienviro.michigan.gov/ncore/downloadpdf/-2861538731455764009,B7357,SM OPT OUT,25425 TRANS X,NOVI,48375.0,OAKLAND,WARREN,KONANAHALLII,,,"25425 TRANS X, NOVI, MI 48375",-2.861538731455764e+18,Form Submission Attachments,AQD - Air,Application/Request
2026-07-16,2026.0,FCA US LLC - JEFFERSON NORTH ASSEMBLY PLANT,SUBMISSI,Submission PDF,https://mienviro.michigan.gov/ncore/downloadpdf/-8903458736191478585,N2155,MAJOR,2101  CONNER AVE,DETROIT,48215.0,WAYNE,DETROIT,BYRNESR,,,"2101  CONNER AVE, DETROIT, MI 48215",-8.903458736191479e+18,Form Submission Attachments,AQD - Air,Application/Request
2026-07-16,2026.0,MARATHON PETROLEUM COMPANY LP,NFORMDOC,nForm Document,https://mienviro.michigan.gov/ncore/downloadpdf/-4370629801837464719,A9831,MEGASITE,1001 S Oakwood,DETROIT,48217.0,WAYNE,DETROIT,ACEVEDOJ1,,,"1001 S Oakwood, DETROIT, MI 48217",-4.3706298018374646e+18,Form Submission Attachments,AQD - Air,Application/Request
2026-07-16,2026.0,GERDAU MACSTEEL MONROE MILL,NFORMDOC,nForm Document,https://mienviro.michigan.gov/ncore/downloadpdf/6966951486627970768,B7061,MAJOR,3000 E FRONT STREET,MONROE,48161.0,MONROE,JACKSON,KOVALCHICKM,,,"3000 E FRONT STREET, MONROE, MI 48161",6.96695148662797e+18,Form Submission Attachments,AQD - Air,Application/Request
2026-07-16,2026.0,"DENSO MANUFACTURING MICHIGAN, INC.",SUBMISSI,Submission PDF,https://mienviro.michigan.gov/ncore/downloadpdf/-1402520316000301374,N1192,MAJOR,One Denso Road,BATTLE CREEK,49037.0,CALHOUN,KALAMAZOO,CHAPELA,,,"One Denso Road, BATTLE CREEK, MI 49037",-1.4025203160003013e+18,Form Submission Attachments,AQD - Air,Application/Request
2026-07-16,2026.0,MARATHON PETROLEUM COMPANY LP,NFORMDOC,nForm Document,https://mienviro.michigan.gov/ncore/downloadpdf/3043714997515678777,A9831,MEGASITE,1001 S Oakwood,DETROIT,48217.0,WAYNE,DETROIT,ACEVEDOJ1,,,"1001 S Oakwood, DETROIT, MI 48217",3.0437149975156787e+18,Form Submission Attachments,AQD - Air,Application/Request
2026-07-16,2026.0,MARATHON PETROLEUM COMPANY LP,NFORMDOC,nForm Document,https://mienviro.michigan.gov/ncore/downloadpdf/-8300834293203681135,A9831,MEGASITE,1001 S Oakwood,DETROIT,48217.0,WAYNE,DETROIT,ACEVEDOJ1,,,"1001 S Oakwood, DETROIT, MI 48217",-8.300834293203681e+18,Form Submission Attachments,AQD - Air,Application/Request
2026-07-16,2026.0,FCA US LLC - JEFFERSON NORTH ASSEMBLY PLANT,NFORMDOC,nForm Document,https://mienviro.michigan.gov/ncore/downloadpdf/-7802368180087106750,N2155,MAJOR,2101  CONNER AVE,DETROIT,48215.0,WAYNE,DETROIT,BYRNESR,,,"2101  CONNER AVE, DETROIT, MI 48215",-7.802368180087106e+18,Form Submission Attachments,AQD - Air,Application/Request
2026-07-16,2026.0,BREITBURN OPERATING LP - WILDERNESS CHESTER,NFORMDOC,nForm Document,https://mienviro.michigan.gov/ncore/downloadpdf/2588103333014304028,N6576,SM OPT OUT,SW 1/4 Sec 10 T29N R2W,CHESTER TWP,49751.0,OTSEGO,CADILLAC,DICKMANR,,,"SW 1/4 Sec 10 T29N R2W, CHESTER TWP, MI 49751",2.588103333014304e+18,Form Submission Attachments,AQD - Air,Application/Request
2026-07-16,2026.0,"KLETT RECYCLE, INC.",APPLICAT,Application - Air Permit to Install - New,https://mienviro.michigan.gov/ncore/downloadpdf/-4333856543378633545,N6804,MINOR,62994 TERRITORIAL ROAD,HARTFORD,49057.0,VAN BUREN,KALAMAZOO,BENAWAYR,,,"62994 TERRITORIAL ROAD, HARTFORD, MI 49057",-4.3338565433786337e+18,Air Application Documents,AQD - Air,Application/Request
2026-07-16,2026.0,MARATHON PETROLEUM COMPANY LP,NFORMDOC,nForm Document,https://mienviro.michigan.gov/ncore/downloadpdf/1307972170390010756,A9831,MEGASITE,1001 S Oakwood,DETROIT,48217.0,WAYNE,DETROIT,ACEVEDOJ1,,,"1001 S Oakwood, DETROIT, MI 48217",1.307972170390011e+18,Form Submission Attachments,AQD - Air,Application/Request
2026-07-16,2026.0,UNIVERSAL COATING INC.,NFORMDOC,nForm Document,https://mienviro.michigan.gov/ncore/downloadpdf/5348007552153136525,N7256,MAJOR,5204 ENERGY DR.,FLINT,48505.0,GENESEE,LANSING,BYRNESR,,,"5204 ENERGY DR., FLINT, MI 48505",5.348007552153137e+18,Form Submission Attachments,AQD - Air,Application/Request
2026-07-16,2026.0,GERDAU MACSTEEL MONROE MILL,NFORMDOC,nForm Document,https://mienviro.michigan.gov/ncore/downloadpdf/-981739902426332563,B7061,MAJOR,3000 E FRONT STREET,MONROE,48161.0,MONROE,JACKSON,KOVALCHICKM,,,"3000 E FRONT STREET, MONROE, MI 48161",-9.817399024263324e+17,Form Submission Attachments,AQD - Air,Application/Request
2026-07-16,2026.0,VERSO ESCANABA LLC,SUBMISSI,Submission PDF,https://mienviro.michigan.gov/ncore/downloadpdf/-5244077274808221097,A0884,MAJOR,7100 COUNTY 426 M.5 ROAD,ESCANABA,49829.0,DELTA,MARQUETTE,CONKLINM1,,,"7100 COUNTY 426 M.5 ROAD, ESCANABA, MI 49829",-5.244077274808221e+18,Form Submission Attachments,AQD - Air,Application/Request
2026-07-16,2026.0,MARATHON PETROLEUM COMPANY LP,NFORMDOC,nForm Document,https://mienviro.michigan.gov/ncore/downloadpdf/1963310171864086979,A9831,MEGASITE,1001 S Oakwood,DETROIT,48217.0,WAYNE,DETROIT,ACEVEDOJ1,,,"1001 S Oakwood, DETROIT, MI 48217",1.9633101718640868e+18,Form Submission Attachments,AQD - Air,Application/Request
2026-07-16,2026.0,"KLETT RECYCLE, INC.",APPLICAT,Application - Air Permit to Install - New,https://mienviro.michigan.gov/ncore/downloadpdf/-4831100727112088157,N6804,MINOR,62994 TERRITORIAL ROAD,HARTFORD,49057.0,VAN BUREN,KALAMAZOO,BENAWAYR,,,"62994 TERRITORIAL ROAD, HARTFORD, MI 49057",-4.831100727112088e+18,Air Application Documents,AQD - Air,Application/Request
2026-07-16,2026.0,TORE CORP DBA ELITE CRUSHING,AIRGENER,Air General Permit to Install,https://mienviro.michigan.gov/ncore/downloadpdf/3117723686338731111,P1119,MINOR,37500 Northline Road,ROMULUS,48174.0,WAYNE,DETROIT,HEMBENT,,,"37500 Northline Road, ROMULUS, MI 48174",3.117723686338731e+18,Air Permit to Install Documents,AQD - Air,Permit
2026-07-16,2026.0,GERDAU MACSTEEL MONROE MILL,NFORMDOC,nForm Document,https://mienviro.michigan.gov/ncore/downloadpdf/7970402695204259422,B7061,MAJOR,3000 E FRONT STREET,MONROE,48161.0,MONROE,JACKSON,KOVALCHICKM,,,"3000 E FRONT STREET, MONROE, MI 48161",7.970402695204259e+18,Form Submission Attachments,AQD - Air,Application/Request
2026-07-16,2026.0,GERDAU MACSTEEL MONROE MILL,NFORMDOC,nForm Document,https://mienviro.michigan.gov/ncore/downloadpdf/-5856572047797778822,B7061,MAJOR,3000 E FRONT STREET,MONROE,48161.0,MONROE,JACKSON,KOVALCHICKM,,,"3000 E FRONT STREET, MONROE, MI 48161",-5.856572047797778e+18,Form Submission Attachments,AQD - Air,Application/Request
2026-07-16,2026.0,"KLETT RECYCLE, INC.",AIRPERMI,Air Permit to Install,https://mienviro.michigan.gov/ncore/downloadpdf/8030305560791428693,N6804,MINOR,62994 TERRITORIAL ROAD,HARTFORD,49057.0,VAN BUREN,KALAMAZOO,BENAWAYR,,,"62994 TERRITORIAL ROAD, HARTFORD, MI 49057",8.030305560791427e+18,Air Permit to Install Documents,AQD - Air,Permit
2026-07-16,2026.0,BREITBURN OPERATING LP - WILDERNESS CHESTER,SUBMISSI,Submission PDF,https://mienviro.michigan.gov/ncore/downloadpdf/2428187885285880016,N6576,SM OPT OUT,SW 1/4 Sec 10 T29N R2W,CHESTER TWP,49751.0,OTSEGO,CADILLAC,DICKMANR,,,"SW 1/4 Sec 10 T29N R2W, CHESTER TWP, MI 49751",2.42818788528588e+18,Form Submission Attachments,AQD - Air,Application/Request
2026-07-16,2026.0,MARATHON PETROLEUM COMPANY LP,NFORMDOC,nForm Document,https://mienviro.michigan.gov/ncore/downloadpdf/-3306303329965672161,A9831,MEGASITE,1001 S Oakwood,DETROIT,48217.0,WAYNE,DETROIT,ACEVEDOJ1,,,"1001 S Oakwood, DETROIT, MI 48217",-3.306303329965672e+18,Form Submission Attachments,AQD - Air,Application/Request
2026-07-16,2026.0,VERSO ESCANABA LLC,NFORMDOC,nForm Document,https://mienviro.michigan.gov/ncore/downloadpdf/6391177858863352553,A0884,MAJOR,7100 COUNTY 426 M.5 ROAD,ESCANABA,49829.0,DELTA,MARQUETTE,CONKLINM1,,,"7100 COUNTY 426 M.5 ROAD, ESCANABA, MI 49829",6.391177858863353e+18,Form Submission Attachments,AQD - Air,Application/Request
2026-07-16,2026.0,MARATHON PETROLEUM COMPANY LP,SUBMISSI,Submission PDF,https://mienviro.michigan.gov/ncore/downloadpdf/-29213228502593320,A9831,MEGASITE,1001 S Oakwood,DETROIT,48217.0,WAYNE,DETROIT,ACEVEDOJ1,,,"1001 S Oakwood, DETROIT, MI 48217",-2.921322850259332e+16,Form Submission Attachments,AQD - Air,Application/Request
2026-07-16,2026.0,BREITBURN OPERATING LP - WILDERNESS CHESTER,NFORMDOC,nForm Document,https://mienviro.michigan.gov/ncore/downloadpdf/-3060618584172387816,N6576,SM OPT OUT,SW 1/4 Sec 10 T29N R2W,CHESTER TWP,49751.0,OTSEGO,CADILLAC,DICKMANR,,,"SW 1/4 Sec 10 T29N R2W, CHESTER TWP, MI 49751",-3.060618584172388e+18,Form Submission Attachments,AQD - Air,Application/Request
2026-07-16,2026.0,GERDAU MACSTEEL MONROE MILL,SUBMISSI,Submission PDF,https://mienviro.michigan.gov/ncore/downloadpdf/-1574935834160272709,B7061,MAJOR,3000 E FRONT STREET,MONROE,48161.0,MONROE,JACKSON,KOVALCHICKM,,,"3000 E FRONT STREET, MONROE, MI 48161",-1.574935834160273e+18,Form Submission Attachments,AQD - Air,Application/Request
2026-07-16,2026.0,"PHARMACIA & UPJOHN CO LLC, A SUBSIDIARY OF PFIZER",TESTOBSE,Test Observation (07/15/2026),https://mienviro.michigan.gov/ncore/downloadpdf/-2055594488464043265,B3610,MEGASITE,7000  Portage Road,KALAMAZOO,49001.0,KALAMAZOO,KALAMAZOO,BROTHERSM,,,"7000  Portage Road, KALAMAZOO, MI 49001",-2.0555944884640435e+18,Air Evaluation Documents,AQD - Air,Evaluation
2026-07-16,2026.0,TES FILER CITY STATION,NFORMDOC,nForm Document,https://mienviro.michigan.gov/ncore/downloadpdf/-848149688581584499,N1685,MAJOR,700  Mee Street,FILER CITY,49634.0,MANISTEE,CADILLAC,OWENSC1,,,"700  Mee Street, FILER CITY, MI 49634",-8.481496885815845e+17,Form Submission Attachments,AQD - Air,Application/Request
2026-07-16,2026.0,GERDAU MACSTEEL MONROE MILL,NFORMDOC,nForm Document,https://mienviro.michigan.gov/ncore/downloadpdf/8451377649034546905,B7061,MAJOR,3000 E FRONT STREET,MONROE,48161.0,MONROE,JACKSON,KOVALCHICKM,,,"3000 E FRONT STREET, MONROE, MI 48161",8.451377649034547e+18,Form Submission Attachments,AQD - Air,Application/Request
2026-07-16,2026.0,MARATHON PETROLEUM COMPANY LP,SUBMISSI,Submission PDF,https://mienviro.michigan.gov/ncore/downloadpdf/2318110222904800992,A9831,MEGASITE,1001 S Oakwood,DETROIT,48217.0,WAYNE,DETROIT,ACEVEDOJ1,,,"1001 S Oakwood, DETROIT, MI 48217",2.318110222904801e+18,Form Submission Attachments,AQD - Air,Application/Request
2026-07-16,2026.0,GERDAU MACSTEEL MONROE MILL,NFORMDOC,nForm Document,https://mienviro.michigan.gov/ncore/downloadpdf/4529084375970991195,B7061,MAJOR,3000 E FRONT STREET,MONROE,48161.0,MONROE,JACKSON,KOVALCHICKM,,,"3000 E FRONT STREET, MONROE, MI 48161",4.529084375970991e+18,Form Submission Attachments,AQD - Air,Application/Request
2026-07-16,2026.0,BASF CORPORATION - CHEMICAL PLANTS,STAFFREP,Staff Report – An explanation of the technical details and the rules and regulations that apply to the permit.,https://mienviro.michigan.gov/ncore/downloadpdf/-5757005644872324381,B4359,MAJOR,1609  BIDDLE AVE,WYANDOTTE,48192.0,WAYNE,DETROIT,LIVESONS2,,,"1609  BIDDLE AVE, WYANDOTTE, MI 48192",-5.757005644872324e+18,Air Application Documents,AQD - Air,Application/Request
2026-07-16,2026.0,BASF CORPORATION - CHEMICAL PLANTS,RENEWABL,Renewable Operating Permit containing permit conditions for the facility.,https://mienviro.michigan.gov/ncore/downloadpdf/-8436066507242940861,B4359,MAJOR,1609  BIDDLE AVE,WYANDOTTE,48192.0,WAYNE,DETROIT,LIVESONS2,,,"1609  BIDDLE AVE, WYANDOTTE, MI 48192",-8.43606650724294e+18,Air Application Documents,AQD - Air,Application/Request
2026-07-16,2026.0,MARATHON PETROLEUM COMPANY LP,NFORMDOC,nForm Document,https://mienviro.michigan.gov/ncore/downloadpdf/2498290767447284403,A9831,MEGASITE,1001 S Oakwood,DETROIT,48217.0,WAYNE,DETROIT,ACEVEDOJ1,,,"1001 S Oakwood, DETROIT, MI 48217",2.498290767447284e+18,Form Submission Attachments,AQD - Air,Application/Request
2026-07-16,2026.0,GERDAU MACSTEEL MONROE MILL,NFORMDOC,nForm Document,https://mienviro.michigan.gov/ncore/downloadpdf/-2304820266025595370,B7061,MAJOR,3000 E FRONT STREET,MONROE,48161.0,MONROE,JACKSON,KOVALCHICKM,,,"3000 E FRONT STREET, MONROE, MI 48161",-2.304820266025596e+18,Form Submission Attachments,AQD - Air,Application/Request
2026-07-16,2026.0,MARATHON PETROLEUM COMPANY LP,NFORMDOC,nForm Document,https://mienviro.michigan.gov/ncore/downloadpdf/8562995447498198712,A9831,MEGASITE,1001 S Oakwood,DETROIT,48217.0,WAYNE,DETROIT,ACEVEDOJ1,,,"1001 S Oakwood, DETROIT, MI 48217",8.562995447498198e+18,Form Submission Attachments,AQD - Air,Application/Request
2026-07-16,2026.0,HOLCIM (US) INC. DBA LAFARGE ALPENA PLANT,SCHEDULE,Schedule - Air Quality Test Plan Submittal,https://mienviro.michigan.gov/ncore/downloadpdf/2538644424821536227,B1477,MAJOR,1435  Ford Avenue,ALPENA,49707.0,ALPENA,CADILLAC,CHILDSK,,,"1435  Ford Avenue, ALPENA, MI 49707",2.538644424821536e+18,Misc. Submittal Docs,AQD - Air,Application/Request
2026-07-16,2026.0,GERDAU MACSTEEL MONROE MILL,NFORMDOC,nForm Document,https://mienviro.michigan.gov/ncore/downloadpdf/1134302858251702054,B7061,MAJOR,3000 E FRONT STREET,MONROE,48161.0,MONROE,JACKSON,KOVALCHICKM,,,"3000 E FRONT STREET, MONROE, MI 48161",1.134302858251702e+18,Form Submission Attachments,AQD - Air,Application/Request
2026-07-16,2026.0,CITY ENVIRONMENTAL SERVICES INC OF WATERS,NFORMDOC,nForm Document,https://mienviro.michigan.gov/ncore/downloadpdf/-1556734231924508790,N5988,MAJOR,11375 SHERMAN RD,FREDERIC,49733.0,CRAWFORD,CADILLAC,CHILDSK,,,"11375 SHERMAN RD, FREDERIC, MI 49733",-1.5567342319245087e+18,Form Submission Attachments,AQD - Air,Application/Request
2026-07-16,2026.0,MARATHON PETROLEUM COMPANY LP,NFORMDOC,nForm Document,https://mienviro.michigan.gov/ncore/downloadpdf/885130879029702969,A9831,MEGASITE,1001 S Oakwood,DETROIT,48217.0,WAYNE,DETROIT,ACEVEDOJ1,,,"1001 S Oakwood, DETROIT, MI 48217",8.851308790297029e+17,Form Submission Attachments,AQD - Air,Application/Request
2026-07-16,2026.0,GERDAU MACSTEEL MONROE MILL,NFORMDOC,nForm Document,https://mienviro.michigan.gov/ncore/downloadpdf/-3843307841658384830,B7061,MAJOR,3000 E FRONT STREET,MONROE,48161.0,MONROE,JACKSON,KOVALCHICKM,,,"3000 E FRONT STREET, MONROE, MI 48161",-3.843307841658385e+18,Form Submission Attachments,AQD - Air,Application/Request
2026-07-16,2026.0,CITY ENVIRONMENTAL SERVICES INC OF WATERS,NFORMDOC,nForm Document,https://mienviro.michigan.gov/ncore/downloadpdf/1058632229041309770,N5988,MAJOR,11375 SHERMAN RD,FREDERIC,49733.0,CRAWFORD,CADILLAC,CHILDSK,,,"11375 SHERMAN RD, FREDERIC, MI 49733",1.0586322290413096e+18,Form Submission Attachments,AQD - Air,Application/Request
2026-07-16,2026.0,"CITY ENVIRONMENTAL SERVICES LF, INC. OF HASTINGS",45DAYASB,45-Day Asbestos Notification,https://mienviro.michigan.gov/ncore/downloadpdf/7694159697260065832,N2952,MAJOR,1899 N M-43 HWY,HASTINGS,49058.0,BARRY,GRAND RAPIDS,MORGAND2,,,"1899 N M-43 HWY, HASTINGS, MI 49058",7.694159697260067e+18,Air Site Documents,,Site
2026-07-16,2026.0,"KLETT RECYCLE, INC.",AIRPERMI,Air Permit to Install,https://mienviro.michigan.gov/ncore/downloadpdf/-5665300535078209366,N6804,MINOR,62994 TERRITORIAL ROAD,HARTFORD,49057.0,VAN BUREN,KALAMAZOO,BENAWAYR,,,"62994 TERRITORIAL ROAD, HARTFORD, MI 49057",-5.665300535078209e+18,Air Permit to Install Documents,AQD - Air,Permit
2026-07-16,2026.0,MARATHON PETROLEUM COMPANY LP,NFORMDOC,nForm Document,https://mienviro.michigan.gov/ncore/downloadpdf/901196153441048793,A9831,MEGASITE,1001 S Oakwood,DETROIT,48217.0,WAYNE,DETROIT,ACEVEDOJ1,,,"1001 S Oakwood, DETROIT, MI 48217",9.01196153441049e+17,Form Submission Attachments,AQD - Air,Application/Request
2026-07-16,2026.0,CORE ENERGY LLC - CHESTER 10 CO2 RECOVERY,SUBMISSI,Submission PDF,https://mienviro.michigan.gov/ncore/downloadpdf/-45357513919077965,N5798,SM OPT OUT,SW 1/4 SW 1/4 SEC 10 T29N R2W,CHESTER TWP,49735.0,OTSEGO,CADILLAC,DICKMANR,,,"SW 1/4 SW 1/4 SEC 10 T29N R2W, CHESTER TWP, MI 49735",-4.535751391907797e+16,Form Submission Attachments,AQD - Air,Application/Request
2026-07-16,2026.0,MARATHON PETROLEUM COMPANY LP,SUBMISSI,Submission PDF,https://mienviro.michigan.gov/ncore/downloadpdf/501386239171320027,A9831,MEGASITE,1001 S Oakwood,DETROIT,48217.0,WAYNE,DETROIT,ACEVEDOJ1,,,"1001 S Oakwood, DETROIT, MI 48217",5.0138623917132e+17,Form Submission Attachments,AQD - Air,Application/Request
2026-07-16,2026.0,MARATHON PETROLEUM COMPANY LP,SUBMISSI,Submission PDF,https://mienviro.michigan.gov/ncore/downloadpdf/432812655037409952,A9831,MEGASITE,1001 S Oakwood,DETROIT,48217.0,WAYNE,DETROIT,ACEVEDOJ1,,,"1001 S Oakwood, DETROIT, MI 48217",4.3281265503741e+17,Form Submission Attachments,AQD - Air,Application/Request
2026-07-16,2026.0,MARATHON PETROLEUM COMPANY LP,NFORMDOC,nForm Document,https://mienviro.michigan.gov/ncore/downloadpdf/-8867207942908356175,A9831,MEGASITE,1001 S Oakwood,DETROIT,48217.0,WAYNE,DETROIT,ACEVEDOJ1,,,"1001 S Oakwood, DETROIT, MI 48217",-8.867207942908356e+18,Form Submission Attachments,AQD - Air,Application/Request
2026-07-16,2026.0,US EPA NATL VEHICLE&FUEL EMISSION,NOTICEOF,Notice of current facility status and contacts.,https://mienviro.michigan.gov/ncore/downloadpdf/-8543807155517708633,N5040,MINOR,2565 PLYMOUTH RD,ANN ARBOR,48105.0,WASHTENAW,JACKSON,KOVALCHICKM,,,"2565 PLYMOUTH RD, ANN ARBOR, MI 48105",-8.543807155517708e+18,Air Site Documents,,Site
2026-07-16,2026.0,UNIVERSAL COATING INC.,NFORMDOC,nForm Document,https://mienviro.michigan.gov/ncore/downloadpdf/-158761439590814024,N7256,MAJOR,5204 ENERGY DR.,FLINT,48505.0,GENESEE,LANSING,BYRNESR,,,"5204 ENERGY DR., FLINT, MI 48505",-1.58761439590814e+17,Form Submission Attachments,AQD - Air,Application/Request
2026-07-16,2026.0,FCA US LLC - JEFFERSON NORTH ASSEMBLY PLANT,NFORMDOC,nForm Document,https://mienviro.michigan.gov/ncore/downloadpdf/2121653937801767467,N2155,MAJOR,2101  CONNER AVE,DETROIT,48215.0,WAYNE,DETROIT,BYRNESR,,,"2101  CONNER AVE, DETROIT, MI 48215",2.121653937801768e+18,Form Submission Attachments,AQD - Air,Application/Request
2026-07-16,2026.0,MARATHON PETROLEUM COMPANY LP,SUBMISSI,Submission PDF,https://mienviro.michigan.gov/ncore/downloadpdf/4827384305407035083,A9831,MEGASITE,1001 S Oakwood,DETROIT,48217.0,WAYNE,DETROIT,ACEVEDOJ1,,,"1001 S Oakwood, DETROIT, MI 48217",4.827384305407035e+18,Form Submission Attachments,AQD - Air,Application/Request
2026-07-16,2026.0,ARAUCO NORTH AMERICA,SCHEDULE,Schedule - Air Quality Test Report Submittal,https://mienviro.michigan.gov/ncore/downloadpdf/-7221382671527186381,P0699,MAJOR,5851 ARAUCO RD,GRAYLING,49738.0,CRAWFORD,CADILLAC,DICKMANR,,,"5851 ARAUCO RD, GRAYLING, MI 49738",-7.221382671527185e+18,Air Schedule Documents,AQD - Air,Application/Request
2026-07-16,2026.0,TORE CORP DBA ELITE CRUSHING,AIRGENER,Air General Permit to Install,https://mienviro.michigan.gov/ncore/downloadpdf/-8413725022142831622,P1119,MINOR,37500 Northline Road,ROMULUS,48174.0,WAYNE,DETROIT,HEMBENT,,,"37500 Northline Road, ROMULUS, MI 48174",-8.413725022142831e+18,Air Permit to Install Documents,AQD - Air,Permit
2026-07-16,2026.0,CITY ENVIRONMENTAL SERVICES INC OF WATERS,SUBMISSI,Submission PDF,https://mienviro.michigan.gov/ncore/downloadpdf/3209920738759832577,N5988,MAJOR,11375 SHERMAN RD,FREDERIC,49733.0,CRAWFORD,CADILLAC,CHILDSK,,,"11375 SHERMAN RD, FREDERIC, MI 49733",3.2099207387598326e+18,Form Submission Attachments,AQD - Air,Application/Request
2026-07-16,2026.0,FCA US LLC - JEFFERSON NORTH ASSEMBLY PLANT,NFORMDOC,nForm Document,https://mienviro.michigan.gov/ncore/downloadpdf/-5597297728347314145,N2155,MAJOR,2101  CONNER AVE,DETROIT,48215.0,WAYNE,DETROIT,BYRNESR,,,"2101  CONNER AVE, DETROIT, MI 48215",-5.597297728347313e+18,Form Submission Attachments,AQD - Air,Application/Request
2026-07-16,2026.0,"KLETT RECYCLE, INC.",AIRPERMI,Air Permit to Install,https://mienviro.michigan.gov/ncore/downloadpdf/-5335018485824354697,N6804,MINOR,62994 TERRITORIAL ROAD,HARTFORD,49057.0,VAN BUREN,KALAMAZOO,BENAWAYR,,,"62994 TERRITORIAL ROAD, HARTFORD, MI 49057",-5.335018485824354e+18,Air Permit to Install Documents,AQD - Air,Permit
2026-07-16,2026.0,NORTHERN OAKS RECYCLING AND DISPOSAL FACILITY,SUBMISSI,Submission PDF,https://mienviro.michigan.gov/ncore/downloadpdf/7263089252352079791,N6010,MAJOR,513 N. County Farm Road,HARRISON,48625.0,CLARE,BAY CITY,GENTLEN,,,"513 N. County Farm Road, HARRISON, MI 48625",7.263089252352079e+18,Form Submission Attachments,AQD - Air,Application/Request
2026-07-16,2026.0,TES FILER CITY STATION,SUBMISSI,Submission PDF,https://mienviro.michigan.gov/ncore/downloadpdf/8400146976571508129,N1685,MAJOR,700  Mee Street,FILER CITY,49634.0,MANISTEE,CADILLAC,OWENSC1,,,"700  Mee Street, FILER CITY, MI 49634",8.400146976571507e+18,Form Submission Attachments,AQD - Air,Application/Request
2026-07-16,2026.0,RIVERDALE FEED & GRAIN,AIRPERMI,Air Permit to Install,https://mienviro.michigan.gov/ncore/downloadpdf/-1263290950493489136,N3956,MINOR,6658 MILL ST,RIVERDALE,48877.0,GRATIOT,LANSING,LUPLOWM1,,,"6658 MILL ST, RIVERDALE, MI 48877",-1.2632909504934892e+18,Air Permit to Install Documents,AQD - Air,Permit
2026-07-16,2026.0,ERVIN AMASTEEL DIVISION,SCHEDULE,Schedule - Air Quality Test Plan Submittal,https://mienviro.michigan.gov/ncore/downloadpdf/975480828889329472,B1754,MAJOR,915  TABOR ST.,ADRIAN,49221.0,LENAWEE,JACKSON,KOVALCHICKM,,,"915  TABOR ST., ADRIAN, MI 49221",9.754808288893294e+17,Misc. Submittal Docs,AQD - Air,Application/Request
2026-07-16,2026.0,MARATHON PETROLEUM COMPANY LP,NFORMDOC,nForm Document,https://mienviro.michigan.gov/ncore/downloadpdf/-4611078898657894919,A9831,MEGASITE,1001 S Oakwood,DETROIT,48217.0,WAYNE,DETROIT,ACEVEDOJ1,,,"1001 S Oakwood, DETROIT, MI 48217",-4.611078898657896e+18,Form Submission Attachments,AQD - Air,Application/Request
2026-07-16,2026.0,CITY ENVIRONMENTAL SERVICES INC OF WATERS,SUBMISSI,Submission PDF,https://mienviro.michigan.gov/ncore/downloadpdf/-853748697103693166,N5988,MAJOR,11375 SHERMAN RD,FREDERIC,49733.0,CRAWFORD,CADILLAC,CHILDSK,,,"11375 SHERMAN RD, FREDERIC, MI 49733",-8.53748697103693e+17,Form Submission Attachments,AQD - Air,Application/Request
2026-07-16,2026.0,"DENSO MANUFACTURING MICHIGAN, INC.",NFORMDOC,nForm Document,https://mienviro.michigan.gov/ncore/downloadpdf/-6240782979194000597,N1192,MAJOR,One Denso Road,BATTLE CREEK,49037.0,CALHOUN,KALAMAZOO,CHAPELA,,,"One Denso Road, BATTLE CREEK, MI 49037",-6.240782979194e+18,Form Submission Attachments,AQD - Air,Application/Request
2026-07-16,2026.0,CORE ENERGY LLC - CHESTER 10 CO2 RECOVERY,NFORMDOC,nForm Document,https://mienviro.michigan.gov/ncore/downloadpdf/-1988635546297911985,N5798,SM OPT OUT,SW 1/4 SW 1/4 SEC 10 T29N R2W,CHESTER TWP,49735.0,OTSEGO,CADILLAC,DICKMANR,,,"SW 1/4 SW 1/4 SEC 10 T29N R2W, CHESTER TWP, MI 49735",-1.988635546297912e+18,Form Submission Attachments,AQD - Air,Application/Request
2026-07-16,2026.0,MARATHON PETROLEUM COMPANY LP,NFORMDOC,nForm Document,https://mienviro.michigan.gov/ncore/downloadpdf/-1066745205345788181,A9831,MEGASITE,1001 S Oakwood,DETROIT,48217.0,WAYNE,DETROIT,ACEVEDOJ1,,,"1001 S Oakwood, DETROIT, MI 48217",-1.066745205345788e+18,Form Submission Attachments,AQD - Air,Application/Request
2026-07-16,2026.0,MARATHON PETROLEUM COMPANY LP,NFORMDOC,nForm Document,https://mienviro.michigan.gov/ncore/downloadpdf/-2387988392936492981,A9831,MEGASITE,1001 S Oakwood,DETROIT,48217.0,WAYNE,DETROIT,ACEVEDOJ1,,,"1001 S Oakwood, DETROIT, MI 48217",-2.387988392936493e+18,Form Submission Attachments,AQD - Air,Application/Request
2026-07-16,2026.0,"KLETT RECYCLE, INC.",AIRPERMI,Air Permit to Install,https://mienviro.michigan.gov/ncore/downloadpdf/-614799149722548411,N6804,MINOR,62994 TERRITORIAL ROAD,HARTFORD,49057.0,VAN BUREN,KALAMAZOO,BENAWAYR,,,"62994 TERRITORIAL ROAD, HARTFORD, MI 49057",-6.147991497225484e+17,Air Permit to Install Documents,AQD - Air,Permit
2026-07-16,2026.0,MARATHON PETROLEUM COMPANY LP,NFORMDOC,nForm Document,https://mienviro.michigan.gov/ncore/downloadpdf/-3148540366536773399,A9831,MEGASITE,1001 S Oakwood,DETROIT,48217.0,WAYNE,DETROIT,ACEVEDOJ1,,,"1001 S Oakwood, DETROIT, MI 48217",-3.148540366536773e+18,Form Submission Attachments,AQD - Air,Application/Request
2026-07-16,2026.0,CITY OF MIDLAND UTILITIES DIVISION,SUBMISSI,Submission PDF,https://mienviro.michigan.gov/ncore/downloadpdf/-4775318412526050679,N6004,MAJOR,4311 E. Ashman St.,MIDLAND,48642.0,MIDLAND,BAY CITY,MCCANNG2,,,"4311 E. Ashman St., MIDLAND, MI 48642",-4.77531841252605e+18,Form Submission Attachments,AQD - Air,Application/Request
2026-07-16,2026.0,UNIVERSAL COATING INC.,SUBMISSI,Submission PDF,https://mienviro.michigan.gov/ncore/downloadpdf/-7795984635570368319,N7256,MAJOR,5204 ENERGY DR.,FLINT,48505.0,GENESEE,LANSING,BYRNESR,,,"5204 ENERGY DR., FLINT, MI 48505",-7.795984635570369e+18,Form Submission Attachments,AQD - Air,Application/Request
2026-07-16,2026.0,LBWL - ECKERT STATION & REO TOWN PLANT,SCHEDULE,Schedule - Air Quality Test Plan Submittal,https://mienviro.michigan.gov/ncore/downloadpdf/2082752348173045344,B2647,MAJOR,1201 South Washington Avenue,LANSING,48910.0,INGHAM,LANSING,BRUNNERJ1,,,"1201 South Washington Avenue, LANSING, MI 48910",2.0827523481730447e+18,Misc. Submittal Docs,AQD - Air,Application/Request
2026-07-16,2026.0,FCA US LLC - JEFFERSON NORTH ASSEMBLY PLANT,SUBMISSI,Submission PDF,https://mienviro.michigan.gov/ncore/downloadpdf/-5531214870441107974,N2155,MAJOR,2101  CONNER AVE,DETROIT,48215.0,WAYNE,DETROIT,BYRNESR,,,"2101  CONNER AVE, DETROIT, MI 48215",-5.531214870441108e+18,Form Submission Attachments,AQD - Air,Application/Request
2026-07-16,2026.0,GERDAU MACSTEEL MONROE MILL,NFORMDOC,nForm Document,https://mienviro.michigan.gov/ncore/downloadpdf/-3414274874251159164,B7061,MAJOR,3000 E FRONT STREET,MONROE,48161.0,MONROE,JACKSON,KOVALCHICKM,,,"3000 E FRONT STREET, MONROE, MI 48161",-3.414274874251159e+18,Form Submission Attachments,AQD - Air,Application/Request
2026-07-16,2026.0,TES FILER CITY STATION,NFORMDOC,nForm Document,https://mienviro.michigan.gov/ncore/downloadpdf/3263871996637569764,N1685,MAJOR,700  Mee Street,FILER CITY,49634.0,MANISTEE,CADILLAC,OWENSC1,,,"700  Mee Street, FILER CITY, MI 49634",3.263871996637569e+18,Form Submission Attachments,AQD - Air,Application/Request
2026-07-16,2026.0,GERDAU MACSTEEL MONROE MILL,NFORMDOC,nForm Document,https://mienviro.michigan.gov/ncore/downloadpdf/-8197033844074553030,B7061,MAJOR,3000 E FRONT STREET,MONROE,48161.0,MONROE,JACKSON,KOVALCHICKM,,,"3000 E FRONT STREET, MONROE, MI 48161",-8.197033844074553e+18,Form Submission Attachments,AQD - Air,Application/Request
2026-07-16,2026.0,CITY ENVIRONMENTAL SERVICES INC OF WATERS,NFORMDOC,nForm Document,https://mienviro.michigan.gov/ncore/downloadpdf/4893231826074419013,N5988,MAJOR,11375 SHERMAN RD,FREDERIC,49733.0,CRAWFORD,CADILLAC,CHILDSK,,,"11375 SHERMAN RD, FREDERIC, MI 49733",4.893231826074419e+18,Form Submission Attachments,AQD - Air,Application/Request
2026-07-16,2026.0,BREITBURN OPERATING LP - WILDERNESS CHESTER,SUBMISSI,Submission PDF,https://mienviro.michigan.gov/ncore/downloadpdf/-6569975242787218095,N6576,SM OPT OUT,SW 1/4 Sec 10 T29N R2W,CHESTER TWP,49751.0,OTSEGO,CADILLAC,DICKMANR,,,"SW 1/4 Sec 10 T29N R2W, CHESTER TWP, MI 49751",-6.569975242787217e+18,Form Submission Attachments,AQD - Air,Application/Request
2026-07-16,2026.0,GERDAU MACSTEEL MONROE MILL,NFORMDOC,nForm Document,https://mienviro.michigan.gov/ncore/downloadpdf/-3044990659239617734,B7061,MAJOR,3000 E FRONT STREET,MONROE,48161.0,MONROE,JACKSON,KOVALCHICKM,,,"3000 E FRONT STREET, MONROE, MI 48161",-3.044990659239617e+18,Form Submission Attachments,AQD - Air,Application/Request
2026-07-16,2026.0,MARATHON PETROLEUM COMPANY LP,NFORMDOC,nForm Document,https://mienviro.michigan.gov/ncore/downloadpdf/-8676425451397164625,A9831,MEGASITE,1001 S Oakwood,DETROIT,48217.0,WAYNE,DETROIT,ACEVEDOJ1,,,"1001 S Oakwood, DETROIT, MI 48217",-8.676425451397165e+18,Form Submission Attachments,AQD - Air,Application/Request
2026-07-16,2026.0,UNIVERSAL COATING INC.,NFORMDOC,nForm Document,https://mienviro.michigan.gov/ncore/downloadpdf/-2275847449159389685,N7256,MAJOR,5204 ENERGY DR.,FLINT,48505.0,GENESEE,LANSING,BYRNESR,,,"5204 ENERGY DR., FLINT, MI 48505",-2.2758474491593897e+18,Form Submission Attachments,AQD - Air,Application/Request
2026-07-16,2026.0,GERDAU MACSTEEL MONROE MILL,NFORMDOC,nForm Document,https://mienviro.michigan.gov/ncore/downloadpdf/1025221845736157256,B7061,MAJOR,3000 E FRONT STREET,MONROE,48161.0,MONROE,JACKSON,KOVALCHICKM,,,"3000 E FRONT STREET, MONROE, MI 48161",1.0252218457361572e+18,Form Submission Attachments,AQD - Air,Application/Request
2026-07-15,2026.0,FCA US LLC - CHRYSLER TECHNOLOGY CENTER,SUBMISSI,Submission PDF,https://mienviro.michigan.gov/ncore/downloadpdf/-698439731013714386,N1436,MAJOR,800 Chrysler Drive,AUBURN HILLS,48326.0,OAKLAND,WARREN,BOGNARA1,,,"800 Chrysler Drive, AUBURN HILLS, MI 48326",-6.984397310137144e+17,Form Submission Attachments,AQD - Air,Application/Request
2026-07-15,2026.0,ERVIN AMASTEEL DIVISION,SCHEDULE,Schedule - Air Quality Test Plan Submittal,https://mienviro.michigan.gov/ncore/downloadpdf/-7846147390849693165,B1754,MAJOR,915  TABOR ST.,ADRIAN,49221.0,LENAWEE,JACKSON,KOVALCHICKM,,,"915  TABOR ST., ADRIAN, MI 49221",-7.846147390849693e+18,Misc. Submittal Docs,AQD - Air,Application/Request
2026-07-15,2026.0,THOMPSON RECYCLE CO,AIRPERMI,Air Permit to Install,https://mienviro.michigan.gov/ncore/downloadpdf/2062314733189609929,N5408,MINOR,7061 Dexter Ann Arbor Rd,DEXTER,48130.0,WASHTENAW,JACKSON,KOVALCHICKM,,,"7061 Dexter Ann Arbor Rd, DEXTER, MI 48130",2.0623147331896087e+18,Air Permit to Install Documents,AQD - Air,Permit
2026-07-15,2026.0,DTE GAS COMPANY - WILLOW RUN COMPRESSOR STATION,NFORMDOC,nForm Document,https://mienviro.michigan.gov/ncore/downloadpdf/-2846324824986100873,N7421,MAJOR,3020 East Michigan Avenue,YPSILANTI,48198.0,WASHTENAW,JACKSON,KOVALCHICKM,,,"3020 East Michigan Avenue, YPSILANTI, MI 48198",-2.8463248249861007e+18,Form Submission Attachments,AQD - Air,Application/Request
2026-07-15,2026.0,THOMPSON RECYCLE CO,SUBMISSI,Submission PDF,https://mienviro.michigan.gov/ncore/downloadpdf/5370944197019569361,N5408,MINOR,7061 Dexter Ann Arbor Rd,DEXTER,48130.0,WASHTENAW,JACKSON,KOVALCHICKM,,,"7061 Dexter Ann Arbor Rd, DEXTER, MI 48130",5.370944197019569e+18,Form Submission Attachments,AQD - Air,Application/Request
2026-07-15,2026.0,DTE GAS COMPANY - WILLOW RUN COMPRESSOR STATION,SUBMISSI,Submission PDF,https://mienviro.michigan.gov/ncore/downloadpdf/-5709815287050590162,N7421,MAJOR,3020 East Michigan Avenue,YPSILANTI,48198.0,WASHTENAW,JACKSON,KOVALCHICKM,,,"3020 East Michigan Avenue, YPSILANTI, MI 48198",-5.70981528705059e+18,Form Submission Attachments,AQD - Air,Application/Request
2026-07-15,2026.0,"GENERAL FORMULATIONS, INC.",SUBMISSI,Submission PDF,https://mienviro.michigan.gov/ncore/downloadpdf/3785543443751325512,M3554,SM OPT OUT,320 S. Union St.,SPARTA,49345.0,KENT,GRAND RAPIDS,COXM9,,,"320 S. Union St., SPARTA, MI 49345",3.7855434437513257e+18,Form Submission Attachments,AQD - Air,Application/Request
2026-07-15,2026.0,"DENSO MANUFACTURING MICHIGAN, INC.",SUBMISSI,Submission PDF,https://mienviro.michigan.gov/ncore/downloadpdf/1571332969968259482,N1192,MAJOR,One Denso Road,BATTLE CREEK,49037.0,CALHOUN,KALAMAZOO,CHAPELA,,,"One Denso Road, BATTLE CREEK, MI 49037",1.571332969968259e+18,Form Submission Attachments,AQD - Air,Application/Request
2026-07-15,2026.0,STATELINE CRUSHING,AIRPERMI,Air Permit to Install,https://mienviro.michigan.gov/ncore/downloadpdf/4667743051966820294,P0622,MINOR,7061 Dexter Ann Arbor Rd,DEXTER,48130.0,WASHTENAW,JACKSON,KOVALCHICKM,,,"7061 Dexter Ann Arbor Rd, DEXTER, MI 48130",4.66774305196682e+18,Air Permit to Install Documents,AQD - Air,Permit
2026-07-15,2026.0,"BUCKEYE TERMINALS, LLC - NILES TERMINAL",NFORMDOC,nForm Document,https://mienviro.michigan.gov/ncore/downloadpdf/-3449424247113531097,B9132,SM OPT OUT,2303 S. 3rd Street,NILES,49120.0,BERRIEN,KALAMAZOO,DESKINSM,,,"2303 S. 3rd Street, NILES, MI 49120",-3.4494242471135314e+18,Form Submission Attachments,AQD - Air,Application/Request
2026-07-15,2026.0,"PHARMACIA & UPJOHN CO LLC, A SUBSIDIARY OF PFIZER",VN,VN Response,https://mienviro.michigan.gov/ncore/downloadpdf/4759772411163024100,B3610,MEGASITE,7000  Portage Road,KALAMAZOO,49001.0,KALAMAZOO,KALAMAZOO,BROTHERSM,VN,Violation Notice,"7000  Portage Road, KALAMAZOO, MI 49001",4.759772411163024e+18,Air Enforcement Documents,AQD - Air,Compliance Action
2026-07-15,2026.0,ADM GRAIN CO - OTTAWA LAKE,GENERATE,Generated from System Action: Generate Asbestos Notification Document - New Submissions,https://mienviro.michigan.gov/ncore/downloadpdf/-3455864218626641522,B4311,MINOR,6801 E US 223,OTTAWA LAKE,49267.0,MONROE,JACKSON,KAVANAUGHD,,,"6801 E US 223, OTTAWA LAKE, MI 49267",-3.4558642186266414e+18,Asbestos Notification Documents,AQD - Asbestos,Application/Request
2026-07-15,2026.0,THOMPSON RECYCLE CO,AIRPERMI,Air Permit to Install,https://mienviro.michigan.gov/ncore/downloadpdf/-2006139413422916416,N5408,MINOR,7061 Dexter Ann Arbor Rd,DEXTER,48130.0,WASHTENAW,JACKSON,KOVALCHICKM,,,"7061 Dexter Ann Arbor Rd, DEXTER, MI 48130",-2.0061394134229164e+18,Air Permit to Install Documents,AQD - Air,Permit
2026-07-15,2026.0,THOMPSON RECYCLE CO,AIRPERMI,Air Permit to Install,https://mienviro.michigan.gov/ncore/downloadpdf/-7300140114160347986,N5408,MINOR,7061 Dexter Ann Arbor Rd,DEXTER,48130.0,WASHTENAW,JACKSON,KOVALCHICKM,,,"7061 Dexter Ann Arbor Rd, DEXTER, MI 48130",-7.300140114160349e+18,Air Permit to Install Documents,AQD - Air,Permit
2026-07-15,2026.0,"BUCKEYE TERMINALS, LLC - NILES TERMINAL",SUBMISSI,Submission PDF,https://mienviro.michigan.gov/ncore/downloadpdf/-7374858882211207581,B9132,SM OPT OUT,2303 S. 3rd Street,NILES,49120.0,BERRIEN,KALAMAZOO,DESKINSM,,,"2303 S. 3rd Street, NILES, MI 49120",-7.374858882211206e+18,Form Submission Attachments,AQD - Air,Application/Request
2026-07-15,2026.0,EES COKE BATTERY L.L.C.,NFORMDOC,nForm Document,https://mienviro.michigan.gov/ncore/downloadpdf/-2668986703384437874,P0408,MEGASITE,1400 Zug Island Road,RIVER ROUGE,48209.0,WAYNE,DETROIT,KOSTERK1,,,"1400 Zug Island Road, RIVER ROUGE, MI 48209",-2.668986703384438e+18,Form Submission Attachments,AQD - Air,Application/Request
2026-07-15,2026.0,"BUCKEYE TERMINALS, LLC - NILES TERMINAL",NFORMDOC,nForm Document,https://mienviro.michigan.gov/ncore/downloadpdf/8077068506990968744,B9132,SM OPT OUT,2303 S. 3rd Street,NILES,49120.0,BERRIEN,KALAMAZOO,DESKINSM,,,"2303 S. 3rd Street, NILES, MI 49120",8.077068506990968e+18,Form Submission Attachments,AQD - Air,Application/Request
2026-07-15,2026.0,ADM GRAIN CO - OTTAWA LAKE,SUBMISSI,Submission PDF,https://mienviro.michigan.gov/ncore/downloadpdf/-65570200732923998,B4311,MINOR,6801 E US 223,OTTAWA LAKE,49267.0,MONROE,JACKSON,KAVANAUGHD,,,"6801 E US 223, OTTAWA LAKE, MI 49267",-6.5570200732924e+16,Form Submission Attachments,AQD - Asbestos,Application/Request
2026-07-15,2026.0,THOMPSON RECYCLE CO,AIRPERMI,Air Permit to Install,https://mienviro.michigan.gov/ncore/downloadpdf/7722547905323764198,N5408,MINOR,7061 Dexter Ann Arbor Rd,DEXTER,48130.0,WASHTENAW,JACKSON,KOVALCHICKM,,,"7061 Dexter Ann Arbor Rd, DEXTER, MI 48130",7.722547905323764e+18,Air Permit to Install Documents,AQD - Air,Permit
2026-07-15,2026.0,"BUCKEYE TERMINALS, LLC - NILES TERMINAL",NFORMDOC,nForm Document,https://mienviro.michigan.gov/ncore/downloadpdf/-7392605852424489268,B9132,SM OPT OUT,2303 S. 3rd Street,NILES,49120.0,BERRIEN,KALAMAZOO,DESKINSM,,,"2303 S. 3rd Street, NILES, MI 49120",-7.39260585242449e+18,Form Submission Attachments,AQD - Air,Application/Request
2026-07-15,2026.0,EES COKE BATTERY L.L.C.,SUBMISSI,Submission PDF,https://mienviro.michigan.gov/ncore/downloadpdf/-6199268758088857842,P0408,MEGASITE,1400 Zug Island Road,RIVER ROUGE,48209.0,WAYNE,DETROIT,KOSTERK1,,,"1400 Zug Island Road, RIVER ROUGE, MI 48209",-6.199268758088858e+18,Form Submission Attachments,AQD - Air,Application/Request
2026-07-15,2026.0,THOMPSON RECYCLE CO,AIRPERMI,Air Permit to Install,https://mienviro.michigan.gov/ncore/downloadpdf/-2981771746620491781,N5408,MINOR,7061 Dexter Ann Arbor Rd,DEXTER,48130.0,WASHTENAW,JACKSON,KOVALCHICKM,,,"7061 Dexter Ann Arbor Rd, DEXTER, MI 48130",-2.981771746620492e+18,Air Permit to Install Documents,AQD - Air,Permit
2026-07-15,2026.0,PYRAMID PAVING & CONTRACTING CO,TESTOBSE,Test Observation (07/15/2026),https://mienviro.michigan.gov/ncore/downloadpdf/-5781100152220145760,B1485,SM OPT OUT,1503 PINE ST,ESSEXVILLE,48732.0,BAY,BAY CITY,MCCANNG2,,,"1503 PINE ST, ESSEXVILLE, MI 48732",-5.781100152220146e+18,Inspection Report,AQD - Air,Evaluation
2026-07-15,2026.0,THOMPSON RECYCLE CO,NFORMDOC,nForm Document,https://mienviro.michigan.gov/ncore/downloadpdf/1934742970785903003,N5408,MINOR,7061 Dexter Ann Arbor Rd,DEXTER,48130.0,WASHTENAW,JACKSON,KOVALCHICKM,,,"7061 Dexter Ann Arbor Rd, DEXTER, MI 48130",1.934742970785903e+18,Form Submission Attachments,AQD - Air,Application/Request
2026-07-15,2026.0,TEMPERFORM LLC,NFORMDOC,nForm Document,https://mienviro.michigan.gov/ncore/downloadpdf/7226754700031377169,B7357,SM OPT OUT,25425 TRANS X,NOVI,48375.0,OAKLAND,WARREN,KONANAHALLII,,,"25425 TRANS X, NOVI, MI 48375",7.226754700031377e+18,Form Submission Attachments,AQD - Air,Application/Request
2026-07-15,2026.0,THOMPSON RECYCLE CO,AIRPERMI,Air Permit to Install,https://mienviro.michigan.gov/ncore/downloadpdf/8715894020111553059,N5408,MINOR,7061 Dexter Ann Arbor Rd,DEXTER,48130.0,WASHTENAW,JACKSON,KOVALCHICKM,,,"7061 Dexter Ann Arbor Rd, DEXTER, MI 48130",8.715894020111554e+18,Air Permit to Install Documents,AQD - Air,Permit
2026-07-15,2026.0,STATELINE CRUSHING,AIRPERMI,Air Permit to Install,https://mienviro.michigan.gov/ncore/downloadpdf/-2442456584463364989,P0622,MINOR,7061 Dexter Ann Arbor Rd,DEXTER,48130.0,WASHTENAW,JACKSON,KOVALCHICKM,,,"7061 Dexter Ann Arbor Rd, DEXTER, MI 48130",-2.4424565844633646e+18,Air Permit to Install Documents,AQD - Air,Permit
2026-07-15,2026.0,ERVIN AMASTEEL DIVISION,SCHEDULE,Schedule - Air Quality Test Plan Submittal,https://mienviro.michigan.gov/ncore/downloadpdf/7192966144891661491,B1754,MAJOR,915  TABOR ST.,ADRIAN,49221.0,LENAWEE,JACKSON,KOVALCHICKM,,,"915  TABOR ST., ADRIAN, MI 49221",7.19296614489166e+18,Misc. Submittal Docs,AQD - Air,Application/Request
2026-07-15,2026.0,"BUCKEYE TERMINALS, LLC - NILES TERMINAL",NFORMDOC,nForm Document,https://mienviro.michigan.gov/ncore/downloadpdf/-1050361513673831122,B9132,SM OPT OUT,2303 S. 3rd Street,NILES,49120.0,BERRIEN,KALAMAZOO,DESKINSM,,,"2303 S. 3rd Street, NILES, MI 49120",-1.0503615136738312e+18,Form Submission Attachments,AQD - Air,Application/Request
2026-07-15,2026.0,THOMPSON RECYCLE CO,AIRPERMI,Air Permit to Install,https://mienviro.michigan.gov/ncore/downloadpdf/-823352060852818391,N5408,MINOR,7061 Dexter Ann Arbor Rd,DEXTER,48130.0,WASHTENAW,JACKSON,KOVALCHICKM,,,"7061 Dexter Ann Arbor Rd, DEXTER, MI 48130",-8.233520608528184e+17,Air Permit to Install Documents,AQD - Air,Permit
2026-07-15,2026.0,ADVANCED ARCHITECTUAL PRODUCTS,SUBMISSI,Submission PDF,https://mienviro.michigan.gov/ncore/downloadpdf/-4055891335026510198,P0686,SM OPT OUT,3393 S M-40,HAMILTON,49419.0,ALLEGAN,KALAMAZOO,YAZZIEC,,,"3393 S M-40, HAMILTON, MI 49419",-4.0558913350265103e+18,Form Submission Attachments,AQD - Air,Application/Request
2026-07-15,2026.0,TEMPERFORM LLC,SUBMISSI,Submission PDF,https://mienviro.michigan.gov/ncore/downloadpdf/-6288799316458157990,B7357,SM OPT OUT,25425 TRANS X,NOVI,48375.0,OAKLAND,WARREN,KONANAHALLII,,,"25425 TRANS X, NOVI, MI 48375",-6.288799316458158e+18,Form Submission Attachments,AQD - Air,Application/Request
2026-07-15,2026.0,ADM GRAIN CO - OTTAWA LAKE,NFORMDOC,nForm Document,https://mienviro.michigan.gov/ncore/downloadpdf/8281968448133143419,B4311,MINOR,6801 E US 223,OTTAWA LAKE,49267.0,MONROE,JACKSON,KAVANAUGHD,,,"6801 E US 223, OTTAWA LAKE, MI 49267",8.281968448133143e+18,Form Submission Attachments,AQD - Asbestos,Application/Request
2026-07-15,2026.0,DTE GAS COMPANY - WILLOW RUN COMPRESSOR STATION,NFORMDOC,nForm Document,https://mienviro.michigan.gov/ncore/downloadpdf/4754913168919440728,N7421,MAJOR,3020 East Michigan Avenue,YPSILANTI,48198.0,WASHTENAW,JACKSON,KOVALCHICKM,,,"3020 East Michigan Avenue, YPSILANTI, MI 48198",4.75491316891944e+18,Form Submission Attachments,AQD - Air,Application/Request
2026-07-15,2026.0,TEMPERFORM LLC,NFORMDOC,nForm Document,https://mienviro.michigan.gov/ncore/downloadpdf/-2495655966144516962,B7357,SM OPT OUT,25425 TRANS X,NOVI,48375.0,OAKLAND,WARREN,KONANAHALLII,,,"25425 TRANS X, NOVI, MI 48375",-2.4956559661445166e+18,Form Submission Attachments,AQD - Air,Application/Request
2026-07-15,2026.0,THOMPSON RECYCLE CO,AIRPERMI,Air Permit to Install,https://mienviro.michigan.gov/ncore/downloadpdf/-6983543716132767913,N5408,MINOR,7061 Dexter Ann Arbor Rd,DEXTER,48130.0,WASHTENAW,JACKSON,KOVALCHICKM,,,"7061 Dexter Ann Arbor Rd, DEXTER, MI 48130",-6.983543716132768e+18,Air Permit to Install Documents,AQD - Air,Permit
2026-07-14,2026.0,WILLIAM DICKERSON TRUCKING INC,NFORMDOC,nForm Document,https://mienviro.michigan.gov/ncore/downloadpdf/-7561773575540502266,N7979,,212 S VAN BUREN ST,BLOOMINGDALE,49026.0,VAN BUREN,KALAMAZOO,BENAWAYR,,,"212 S VAN BUREN ST, BLOOMINGDALE, MI 49026",-7.561773575540503e+18,Form Submission Attachments,AQD - Air,Application/Request
2026-07-14,2026.0,GMI - HMA PLANT 19,AIRPERMI,Air Permit to Install,https://mienviro.michigan.gov/ncore/downloadpdf/8362009295607232300,B7068,SM OPT OUT,2675 TREAT RD,ADRIAN,49221.0,LENAWEE,JACKSON,CARLEYB,,,"2675 TREAT RD, ADRIAN, MI 49221",8.362009295607233e+18,Air Permit to Install Documents,AQD - Air,Permit
2026-07-14,2026.0,MIDLAND COGENERATION VENTURE,NFORMDOC,nForm Document,https://mienviro.michigan.gov/ncore/downloadpdf/2751871523995914230,B6527,MAJOR,100 E. Progress Place,MIDLAND,48640.0,MIDLAND,BAY CITY,WITKOPPB,,,"100 E. Progress Place, MIDLAND, MI 48640",2.751871523995914e+18,Form Submission Attachments,AQD - Air,Application/Request
2026-07-14,2026.0,DTE ELECTRIC COMPANY - RENAISSANCE POWER PLANT,SUBMISSI,Submission PDF,https://mienviro.michigan.gov/ncore/downloadpdf/-5545167327726914997,N6873,MAJOR,950 N. Division Street,CARSON CITY,48811.0,MONTCALM,GRAND RAPIDS,DEVRIESK1,,,"950 N. Division Street, CARSON CITY, MI 48811",-5.545167327726915e+18,Form Submission Attachments,AQD - Air,Application/Request
2026-07-14,2026.0,THOMPSON RECYCLE CO,APPLICAT,Application - Air Permit to Install - New,https://mienviro.michigan.gov/ncore/downloadpdf/-8566885060361748852,N5408,MINOR,7061 Dexter Ann Arbor Rd,DEXTER,48130.0,WASHTENAW,JACKSON,KOVALCHICKM,,,"7061 Dexter Ann Arbor Rd, DEXTER, MI 48130",-8.566885060361747e+18,Air Application Documents,AQD - Air,Application/Request
2026-07-14,2026.0,WILLIAM DICKERSON TRUCKING INC,SUBMISSI,Submission PDF,https://mienviro.michigan.gov/ncore/downloadpdf/-2517601815614296296,N7979,,212 S VAN BUREN ST,BLOOMINGDALE,49026.0,VAN BUREN,KALAMAZOO,BENAWAYR,,,"212 S VAN BUREN ST, BLOOMINGDALE, MI 49026",-2.517601815614296e+18,Form Submission Attachments,AQD - Air,Application/Request
2026-07-14,2026.0,TILDEN MINING COMPANY  LC,SUBMISSI,Submission PDF,https://mienviro.michigan.gov/ncore/downloadpdf/6761578964798118716,B4885,MAJOR,1 TILDEN MINE ROAD,ISHPEMING,49849.0,MARQUETTE,MARQUETTE,CONKLINM1,,,"1 TILDEN MINE ROAD, ISHPEMING, MI 49849",6.761578964798119e+18,Form Submission Attachments,AQD - Air,Application/Request
2026-07-14,2026.0,MIDLAND COGENERATION VENTURE,NFORMDOC,nForm Document,https://mienviro.michigan.gov/ncore/downloadpdf/-3158003578376976358,B6527,MAJOR,100 E. Progress Place,MIDLAND,48640.0,MIDLAND,BAY CITY,WITKOPPB,,,"100 E. Progress Place, MIDLAND, MI 48640",-3.1580035783769764e+18,Form Submission Attachments,AQD - Air,Application/Request
2026-07-14,2026.0,CITY ENVIRONMENTAL SERVICES INC OF WATERS,SUBMISSI,Submission PDF,https://mienviro.michigan.gov/ncore/downloadpdf/-7360134065469652476,N5988,MAJOR,11375 SHERMAN RD,FREDERIC,49733.0,CRAWFORD,CADILLAC,CHILDSK,,,"11375 SHERMAN RD, FREDERIC, MI 49733",-7.360134065469651e+18,Form Submission Attachments,AQD - Air,Application/Request
2026-07-14,2026.0,GMI - HMA PLANT 19,AIRPERMI,Air Permit to Install,https://mienviro.michigan.gov/ncore/downloadpdf/-4796634426033418902,B7068,SM OPT OUT,2675 TREAT RD,ADRIAN,49221.0,LENAWEE,JACKSON,CARLEYB,,,"2675 TREAT RD, ADRIAN, MI 49221",-4.796634426033418e+18,Air Permit to Install Documents,AQD - Air,Permit
2026-07-14,2026.0,TILDEN MINING COMPANY  LC,SCHEDULE,Schedule - Air Quality Test Report Submittal,https://mienviro.michigan.gov/ncore/downloadpdf/-513505067921320843,B4885,MAJOR,1 TILDEN MINE ROAD,ISHPEMING,49849.0,MARQUETTE,MARQUETTE,CONKLINM1,,,"1 TILDEN MINE ROAD, ISHPEMING, MI 49849",-5.135050679213208e+17,Misc. Submittal Docs,AQD - Air,Application/Request
2026-07-14,2026.0,TILDEN MINING COMPANY  LC,SCHEDULE,Schedule - Air Quality Test Report Submittal,https://mienviro.michigan.gov/ncore/downloadpdf/278611354891452505,B4885,MAJOR,1 TILDEN MINE ROAD,ISHPEMING,49849.0,MARQUETTE,MARQUETTE,CONKLINM1,,,"1 TILDEN MINE ROAD, ISHPEMING, MI 49849",2.7861135489145248e+17,Misc. Submittal Docs,AQD - Air,Application/Request
2026-07-14,2026.0,ST. CLAIR / BELLE RIVER POWER PLANT,SCHEDULE,Schedule - Air Quality Test Plan Submittal,https://mienviro.michigan.gov/ncore/downloadfile/-1084132990398095903,B2796,MAJOR,4505 King Road,CHINA TWP,48054.0,SAINT CLAIR,WARREN,DZIADOSZM,,,"4505 King Road, CHINA TWP, MI 48054",-1.084132990398096e+18,Misc. Submittal Docs,AQD - Air,Application/Request
2026-07-14,2026.0,MIDLAND COGENERATION VENTURE,SUBMISSI,Submission PDF,https://mienviro.michigan.gov/ncore/downloadpdf/2579249731905379122,B6527,MAJOR,100 E. Progress Place,MIDLAND,48640.0,MIDLAND,BAY CITY,WITKOPPB,,,"100 E. Progress Place, MIDLAND, MI 48640",2.57924973190538e+18,Form Submission Attachments,AQD - Air,Application/Request
2026-07-14,2026.0,WILLIAM DICKERSON TRUCKING INC,NFORMDOC,nForm Document,https://mienviro.michigan.gov/ncore/downloadpdf/-8572181427540727451,N7979,,212 S VAN BUREN ST,BLOOMINGDALE,49026.0,VAN BUREN,KALAMAZOO,BENAWAYR,,,"212 S VAN BUREN ST, BLOOMINGDALE, MI 49026",-8.572181427540727e+18,Form Submission Attachments,AQD - Air,Application/Request
2026-07-14,2026.0,FCA US LLC - JEFFERSON NORTH ASSEMBLY PLANT,SUBMISSI,Submission PDF,https://mienviro.michigan.gov/ncore/downloadpdf/-2984819580506290615,N2155,MAJOR,2101  CONNER AVE,DETROIT,48215.0,WAYNE,DETROIT,BYRNESR,,,"2101  CONNER AVE, DETROIT, MI 48215",-2.98481958050629e+18,Form Submission Attachments,AQD - Air,Application/Request
2026-07-14,2026.0,WILLIAM DICKERSON TRUCKING INC,NFORMDOC,nForm Document,https://mienviro.michigan.gov/ncore/downloadpdf/-5975160616712592104,N7979,,212 S VAN BUREN ST,BLOOMINGDALE,49026.0,VAN BUREN,KALAMAZOO,BENAWAYR,,,"212 S VAN BUREN ST, BLOOMINGDALE, MI 49026",-5.975160616712592e+18,Form Submission Attachments,AQD - Air,Application/Request
2026-07-14,2026.0,DTE ELECTRIC COMPANY - RENAISSANCE POWER PLANT,NFORMDOC,nForm Document,https://mienviro.michigan.gov/ncore/downloadpdf/-3377645143318666091,N6873,MAJOR,950 N. Division Street,CARSON CITY,48811.0,MONTCALM,GRAND RAPIDS,DEVRIESK1,,,"950 N. Division Street, CARSON CITY, MI 48811",-3.377645143318666e+18,Form Submission Attachments,AQD - Air,Application/Request
2026-07-14,2026.0,STATELINE CRUSHING,AIRPERMI,Air Permit to Install,https://mienviro.michigan.gov/ncore/downloadpdf/-2446210076484038928,P0622,MINOR,7061 Dexter Ann Arbor Rd,DEXTER,48130.0,WASHTENAW,JACKSON,KOVALCHICKM,,,"7061 Dexter Ann Arbor Rd, DEXTER, MI 48130",-2.4462100764840387e+18,Air Permit to Install Documents,AQD - Air,Permit
2026-07-14,2026.0,BROW CRUSHING INC.,AIRPERMI,Air Permit to Install,https://mienviro.michigan.gov/ncore/downloadpdf/600288278896184385,N7919,MINOR,1564 W. Storey Row,SAULT S MARIE,49783.0,CHIPPEWA,MARQUETTE,LUCEL1,,,"1564 W. Storey Row, SAULT S MARIE, MI 49783",6.002882788961844e+17,Air Permit to Install Documents,AQD - Air,Permit
2026-07-14,2026.0,THOMPSON RECYCLE CO,APPLICAT,Application - Air Permit to Install - New,https://mienviro.michigan.gov/ncore/downloadpdf/1359716459418353566,N5408,MINOR,7061 Dexter Ann Arbor Rd,DEXTER,48130.0,WASHTENAW,JACKSON,KOVALCHICKM,,,"7061 Dexter Ann Arbor Rd, DEXTER, MI 48130",1.3597164594183537e+18,Air Application Documents,AQD - Air,Application/Request
2026-07-14,2026.0,WILLIAM DICKERSON TRUCKING INC,NFORMDOC,nForm Document,https://mienviro.michigan.gov/ncore/downloadpdf/-9200164457598887227,N7979,,212 S VAN BUREN ST,BLOOMINGDALE,49026.0,VAN BUREN,KALAMAZOO,BENAWAYR,,,"212 S VAN BUREN ST, BLOOMINGDALE, MI 49026",-9.200164457598888e+18,Form Submission Attachments,AQD - Air,Application/Request
2026-07-14,2026.0,BROW CRUSHING INC.,AIRPERMI,Air Permit to Install,https://mienviro.michigan.gov/ncore/downloadpdf/-5488795016702009236,N7919,MINOR,1564 W. Storey Row,SAULT S MARIE,49783.0,CHIPPEWA,MARQUETTE,LUCEL1,,,"1564 W. Storey Row, SAULT S MARIE, MI 49783",-5.488795016702008e+18,Air Permit to Install Documents,AQD - Air,Permit
2026-07-14,2026.0,NORTHERN OAKS RECYCLING AND DISPOSAL FACILITY,SCHEDULE,Schedule - Air Quality Test Plan Submittal,https://mienviro.michigan.gov/ncore/downloadpdf/6437588424280137313,N6010,MAJOR,513 N. County Farm Road,HARRISON,48625.0,CLARE,BAY CITY,GENTLEN,,,"513 N. County Farm Road, HARRISON, MI 48625",6.437588424280137e+18,Air Schedule Documents,AQD - Air,Application/Request
2026-07-14,2026.0,STATELINE CRUSHING,AIRPERMI,Air Permit to Install,https://mienviro.michigan.gov/ncore/downloadpdf/6591423576452393060,P0622,MINOR,7061 Dexter Ann Arbor Rd,DEXTER,48130.0,WASHTENAW,JACKSON,KOVALCHICKM,,,"7061 Dexter Ann Arbor Rd, DEXTER, MI 48130",6.591423576452393e+18,Air Permit to Install Documents,AQD - Air,Permit
2026-07-14,2026.0,ERVIN AMASTEEL DIVISION,SCHEDULE,Schedule - Air Quality Test Plan Submittal,https://mienviro.michigan.gov/ncore/downloadpdf/-8398167836900120414,B1754,MAJOR,915  TABOR ST.,ADRIAN,49221.0,LENAWEE,JACKSON,KOVALCHICKM,,,"915  TABOR ST., ADRIAN, MI 49221",-8.39816783690012e+18,Misc. Submittal Docs,AQD - Air,Application/Request
2026-07-14,2026.0,STATELINE CRUSHING,AIRPERMI,Air Permit to Install,https://mienviro.michigan.gov/ncore/downloadpdf/-9014583866015243624,P0622,MINOR,7061 Dexter Ann Arbor Rd,DEXTER,48130.0,WASHTENAW,JACKSON,KOVALCHICKM,,,"7061 Dexter Ann Arbor Rd, DEXTER, MI 48130",-9.014583866015244e+18,Air Permit to Install Documents,AQD - Air,Permit
2026-07-14,2026.0,DTE ELECTRIC COMPANY - RENAISSANCE POWER PLANT,SUBMISSI,Submission PDF,https://mienviro.michigan.gov/ncore/downloadpdf/3492350729374784434,N6873,MAJOR,950 N. Division Street,CARSON CITY,48811.0,MONTCALM,GRAND RAPIDS,DEVRIESK1,,,"950 N. Division Street, CARSON CITY, MI 48811",3.4923507293747845e+18,Form Submission Attachments,AQD - Air,Application/Request
2026-07-14,2026.0,STATELINE CRUSHING,AIRPERMI,Air Permit to Install,https://mienviro.michigan.gov/ncore/downloadpdf/-7555487469962231360,P0622,MINOR,7061 Dexter Ann Arbor Rd,DEXTER,48130.0,WASHTENAW,JACKSON,KOVALCHICKM,,,"7061 Dexter Ann Arbor Rd, DEXTER, MI 48130",-7.555487469962231e+18,Air Permit to Install Documents,AQD - Air,Permit
2026-07-14,2026.0,STATELINE CRUSHING,AIRPERMI,Air Permit to Install,https://mienviro.michigan.gov/ncore/downloadpdf/6357164425208346024,P0622,MINOR,7061 Dexter Ann Arbor Rd,DEXTER,48130.0,WASHTENAW,JACKSON,KOVALCHICKM,,,"7061 Dexter Ann Arbor Rd, DEXTER, MI 48130",6.357164425208346e+18,Air Permit to Install Documents,AQD - Air,Permit
2026-07-14,2026.0,GENERAL MOTORS LANSING GRAND RIVER ASSEMBLY,SUBMISSI,Submission PDF,https://mienviro.michigan.gov/ncore/downloadpdf/-8898082214202322884,A1641,MAJOR,920  TOWNSEND ST.,LANSING,48933.0,INGHAM,LANSING,BYRNESR,,,"920  TOWNSEND ST., LANSING, MI 48933",-8.898082214202323e+18,Form Submission Attachments,AQD - Air,Application/Request
2026-07-14,2026.0,THOMPSON RECYCLE CO,UPDATEDC,Updated calculations received from applicant by email on 7/13/26,https://mienviro.michigan.gov/ncore/downloadpdf/-9207751061666553508,N5408,MINOR,7061 Dexter Ann Arbor Rd,DEXTER,48130.0,WASHTENAW,JACKSON,KOVALCHICKM,,,"7061 Dexter Ann Arbor Rd, DEXTER, MI 48130",-9.207751061666552e+18,Air Application Documents,AQD - Air,Application/Request
2026-07-14,2026.0,DTE ELECTRIC COMPANY - RENAISSANCE POWER PLANT,SUBMISSI,Submission PDF,https://mienviro.michigan.gov/ncore/downloadpdf/-6820075180677346727,N6873,MAJOR,950 N. Division Street,CARSON CITY,48811.0,MONTCALM,GRAND RAPIDS,DEVRIESK1,,,"950 N. Division Street, CARSON CITY, MI 48811",-6.820075180677346e+18,Form Submission Attachments,AQD - Air,Application/Request
2026-07-14,2026.0,TILDEN MINING COMPANY  LC,SCHEDULE,Schedule - Air Quality Test Report Submittal,https://mienviro.michigan.gov/ncore/downloadpdf/6381677116477041884,B4885,MAJOR,1 TILDEN MINE ROAD,ISHPEMING,49849.0,MARQUETTE,MARQUETTE,CONKLINM1,,,"1 TILDEN MINE ROAD, ISHPEMING, MI 49849",6.381677116477042e+18,Misc. Submittal Docs,AQD - Air,Application/Request
2026-07-14,2026.0,MIDLAND COGENERATION VENTURE,NFORMDOC,nForm Document,https://mienviro.michigan.gov/ncore/downloadpdf/-4462686593640491608,B6527,MAJOR,100 E. Progress Place,MIDLAND,48640.0,MIDLAND,BAY CITY,WITKOPPB,,,"100 E. Progress Place, MIDLAND, MI 48640",-4.462686593640492e+18,Form Submission Attachments,AQD - Air,Application/Request
2026-07-14,2026.0,WILLIAM DICKERSON TRUCKING INC,NFORMDOC,nForm Document,https://mienviro.michigan.gov/ncore/downloadpdf/6990062392359146709,N7979,,212 S VAN BUREN ST,BLOOMINGDALE,49026.0,VAN BUREN,KALAMAZOO,BENAWAYR,,,"212 S VAN BUREN ST, BLOOMINGDALE, MI 49026",6.990062392359146e+18,Form Submission Attachments,AQD - Air,Application/Request
2026-07-14,2026.0,MIDLAND COGENERATION VENTURE,NFORMDOC,nForm Document,https://mienviro.michigan.gov/ncore/downloadpdf/6021887380086879800,B6527,MAJOR,100 E. Progress Place,MIDLAND,48640.0,MIDLAND,BAY CITY,WITKOPPB,,,"100 E. Progress Place, MIDLAND, MI 48640",6.02188738008688e+18,Form Submission Attachments,AQD - Air,Application/Request
2026-07-14,2026.0,STATELINE CRUSHING,AIRPERMI,Air Permit to Install,https://mienviro.michigan.gov/ncore/downloadpdf/7781911195955057571,P0622,MINOR,7061 Dexter Ann Arbor Rd,DEXTER,48130.0,WASHTENAW,JACKSON,KOVALCHICKM,,,"7061 Dexter Ann Arbor Rd, DEXTER, MI 48130",7.781911195955058e+18,Air Permit to Install Documents,AQD - Air,Permit
2026-07-14,2026.0,NORTHERN OAKS RECYCLING AND DISPOSAL FACILITY,SCHEDULE,Schedule - Air Quality Test Plan Submittal,https://mienviro.michigan.gov/ncore/downloadpdf/-2200947261866839466,N6010,MAJOR,513 N. County Farm Road,HARRISON,48625.0,CLARE,BAY CITY,GENTLEN,,,"513 N. County Farm Road, HARRISON, MI 48625",-2.20094726186684e+18,Air Schedule Documents,AQD - Air,Application/Request
2026-07-14,2026.0,DTE ELECTRIC COMPANY - RENAISSANCE POWER PLANT,NFORMDOC,nForm Document,https://mienviro.michigan.gov/ncore/downloadpdf/7486933433093857919,N6873,MAJOR,950 N. Division Street,CARSON CITY,48811.0,MONTCALM,GRAND RAPIDS,DEVRIESK1,,,"950 N. Division Street, CARSON CITY, MI 48811",7.486933433093859e+18,Form Submission Attachments,AQD - Air,Application/Request
2026-07-14,2026.0,DTE ELECTRIC COMPANY - RENAISSANCE POWER PLANT,NFORMDOC,nForm Document,https://mienviro.michigan.gov/ncore/downloadpdf/-877211460557789489,N6873,MAJOR,950 N. Division Street,CARSON CITY,48811.0,MONTCALM,GRAND RAPIDS,DEVRIESK1,,,"950 N. Division Street, CARSON CITY, MI 48811",-8.772114605577894e+17,Form Submission Attachments,AQD - Air,Application/Request
2026-07-14,2026.0,ERVIN AMASTEEL DIVISION,CORRESPO,Correspondence with facility regarding questions about opacity readings.,https://mienviro.michigan.gov/ncore/downloadfile/8637295587093119892,B1754,MAJOR,915  TABOR ST.,ADRIAN,49221.0,LENAWEE,JACKSON,KOVALCHICKM,,,"915  TABOR ST., ADRIAN, MI 49221",8.63729558709312e+18,Misc. Submittal Docs,AQD - Air,Application/Request
2026-07-13,2026.0,INDECK NILES LLC,NFORMDOC,nForm Document,https://mienviro.michigan.gov/ncore/downloadpdf/-8203338160880082363,N6921,,2200 Progressive Ave,NILES,49120.0,CASS,KALAMAZOO,BENAWAYR,,,"2200 Progressive Ave, NILES, MI 49120",-8.203338160880082e+18,Form Submission Attachments,AQD - Air,Application/Request
2026-07-13,2026.0,KEEBLER CO,SCHEDULE,Schedule - Air Quality Test Plan Submittal,https://mienviro.michigan.gov/ncore/downloadpdf/-2661730368668995205,B4395,SM OPT OUT,310 28TH ST SE,GRAND RAPIDS,49548.0,KENT,GRAND RAPIDS,EVANSS13,,,"310 28TH ST SE, GRAND RAPIDS, MI 49548",-2.661730368668995e+18,Misc. Submittal Docs,AQD - Air,Application/Request
2026-07-13,2026.0,AEVITAS SPECIALTY SERVICES CORP,TECHNICA,Technical Fact Sheet,https://mienviro.michigan.gov/ncore/downloadpdf/565713780784926669,N7359,MINOR,663 LYCASTE,DETROIT,48214.0,WAYNE,DETROIT,WEISS,,,"663 LYCASTE, DETROIT, MI 48214",5.6571378078492666e+17,Air Application Documents,AQD - Air,Application/Request
2026-07-13,2026.0,AEVITAS SPECIALTY SERVICES CORP,COMPANYL,Company Letter,https://mienviro.michigan.gov/ncore/downloadpdf/-8919290264347505363,N7359,MINOR,663 LYCASTE,DETROIT,48214.0,WAYNE,DETROIT,WEISS,,,"663 LYCASTE, DETROIT, MI 48214",-8.919290264347506e+18,Air Application Documents,AQD - Air,Application/Request
2026-07-13,2026.0,GENESEE POWER STATION LIMITED PARTNERSHIP,NFORMDOC,nForm Document,https://mienviro.michigan.gov/ncore/downloadpdf/-6015575430969061154,N3570,MAJOR,G 5310 NORTH DORT HIGHWAY,FLINT,48505.0,GENESEE,LANSING,BRUNNERJ1,,,"G 5310 NORTH DORT HIGHWAY, FLINT, MI 48505",-6.01557543096906e+18,Form Submission Attachments,AQD - Air,Application/Request
2026-07-13,2026.0,BOLLE CONTRACTING,AIRPERMI,Air Permit to Install,https://mienviro.michigan.gov/ncore/downloadpdf/6301176639096365093,P1219,MINOR,14304 George Street,NEWBERRY,49868.0,LUCE,MARQUETTE,SCANLANJ,,,"14304 George Street, NEWBERRY, MI 49868",6.301176639096365e+18,Air Permit to Install Documents,AQD - Air,Permit
2026-07-13,2026.0,INDECK NILES LLC,NFORMDOC,nForm Document,https://mienviro.michigan.gov/ncore/downloadpdf/-2269220077912077109,N6921,,2200 Progressive Ave,NILES,49120.0,CASS,KALAMAZOO,BENAWAYR,,,"2200 Progressive Ave, NILES, MI 49120",-2.2692200779120768e+18,Form Submission Attachments,AQD - Air,Application/Request
2026-07-13,2026.0,HOLCIM (US) INC. DBA LAFARGE ALPENA PLANT,SUBMISSI,Submission PDF,https://mienviro.michigan.gov/ncore/downloadpdf/8762362841955653724,B1477,MAJOR,1435  Ford Avenue,ALPENA,49707.0,ALPENA,CADILLAC,CHILDSK,,,"1435  Ford Avenue, ALPENA, MI 49707",8.762362841955653e+18,Form Submission Attachments,AQD - Air,Application/Request
2026-07-13,2026.0,KOENIG FUEL AND SUPPLY COMPANY,NFORMDOC,nForm Document,https://mienviro.michigan.gov/ncore/downloadpdf/9040258590314659667,B4369,MINOR,500 E SEVEN MILE ROAD,DETROIT,48203.0,WAYNE,DETROIT,,,,"500 E SEVEN MILE ROAD, DETROIT, MI 48203",9.04025859031466e+18,Form Submission Attachments,AQD - Air,Application/Request
2026-07-13,2026.0,INDECK NILES LLC,NFORMDOC,nForm Document,https://mienviro.michigan.gov/ncore/downloadpdf/-1319207001013686544,N6921,,2200 Progressive Ave,NILES,49120.0,CASS,KALAMAZOO,BENAWAYR,,,"2200 Progressive Ave, NILES, MI 49120",-1.3192070010136863e+18,Form Submission Attachments,AQD - Air,Application/Request
2026-07-13,2026.0,INDECK NILES LLC,NFORMDOC,nForm Document,https://mienviro.michigan.gov/ncore/downloadpdf/-5572011273572522016,N6921,,2200 Progressive Ave,NILES,49120.0,CASS,KALAMAZOO,BENAWAYR,,,"2200 Progressive Ave, NILES, MI 49120",-5.572011273572522e+18,Form Submission Attachments,AQD - Air,Application/Request
2026-07-13,2026.0,"ARBOR HILLS LANDFILL, INC.",SUBMISSI,Submission PDF,https://mienviro.michigan.gov/ncore/downloadpdf/5938548959435748091,N2688,MAJOR,10690 W. SIX MILE RD,NORTHVILLE,48168.0,WASHTENAW,JACKSON,KAVANAUGHD,,,"10690 W. SIX MILE RD, NORTHVILLE, MI 48168",5.938548959435748e+18,Form Submission Attachments,AQD - Air,Application/Request
2026-07-13,2026.0,GENESEE POWER STATION LIMITED PARTNERSHIP,NFORMDOC,nForm Document,https://mienviro.michigan.gov/ncore/downloadpdf/-2668261474114546084,N3570,MAJOR,G 5310 NORTH DORT HIGHWAY,FLINT,48505.0,GENESEE,LANSING,BRUNNERJ1,,,"G 5310 NORTH DORT HIGHWAY, FLINT, MI 48505",-2.668261474114546e+18,Form Submission Attachments,AQD - Air,Application/Request
2026-07-13,2026.0,KEEBLER CO,SCHEDULE,Schedule - Air Quality Test Plan Submittal,https://mienviro.michigan.gov/ncore/downloadpdf/-139174928263720812,B4395,SM OPT OUT,310 28TH ST SE,GRAND RAPIDS,49548.0,KENT,GRAND RAPIDS,EVANSS13,,,"310 28TH ST SE, GRAND RAPIDS, MI 49548",-1.391749282637208e+17,Misc. Submittal Docs,AQD - Air,Application/Request
2026-07-13,2026.0,"VERSO QUINNESEC, LLC",SUBMISSI,Submission PDF,https://mienviro.michigan.gov/ncore/downloadpdf/1547080449264428164,B7192,MAJOR,W-6791 US HIGHWAY 2,QUINNESEC,49876.0,DICKINSON,MARQUETTE,CONKLINM1,,,"W-6791 US HIGHWAY 2, QUINNESEC, MI 49876",1.547080449264428e+18,Form Submission Attachments,AQD - Air,Application/Request
2026-07-13,2026.0,HOLCIM (US) INC. DBA LAFARGE ALPENA PLANT,NFORMDOC,nForm Document,https://mienviro.michigan.gov/ncore/downloadpdf/-60301634923612489,B1477,MAJOR,1435  Ford Avenue,ALPENA,49707.0,ALPENA,CADILLAC,CHILDSK,,,"1435  Ford Avenue, ALPENA, MI 49707",-6.030163492361249e+16,Form Submission Attachments,AQD - Air,Application/Request
2026-07-13,2026.0,INDECK NILES LLC,NFORMDOC,nForm Document,https://mienviro.michigan.gov/ncore/downloadpdf/7003826236595639103,N6921,,2200 Progressive Ave,NILES,49120.0,CASS,KALAMAZOO,BENAWAYR,,,"2200 Progressive Ave, NILES, MI 49120",7.003826236595639e+18,Form Submission Attachments,AQD - Air,Application/Request
2026-07-13,2026.0,THOMPSON RECYCLE CO,SUBMISSI,Submission PDF,https://mienviro.michigan.gov/ncore/downloadpdf/-4067559283723121045,N5408,MINOR,7061 Dexter Ann Arbor Rd,DEXTER,48130.0,WASHTENAW,JACKSON,KOVALCHICKM,,,"7061 Dexter Ann Arbor Rd, DEXTER, MI 48130",-4.0675592837231206e+18,Form Submission Attachments,AQD - Air,Application/Request
2026-07-13,2026.0,HOLCIM (US) INC. DBA LAFARGE ALPENA PLANT,NFORMDOC,nForm Document,https://mienviro.michigan.gov/ncore/downloadpdf/-5333960367979755960,B1477,MAJOR,1435  Ford Avenue,ALPENA,49707.0,ALPENA,CADILLAC,CHILDSK,,,"1435  Ford Avenue, ALPENA, MI 49707",-5.333960367979756e+18,Form Submission Attachments,AQD - Air,Application/Request
2026-07-13,2026.0,"VERSO QUINNESEC, LLC",SUBMISSI,Submission PDF,https://mienviro.michigan.gov/ncore/downloadpdf/-4121672080396568086,B7192,MAJOR,W-6791 US HIGHWAY 2,QUINNESEC,49876.0,DICKINSON,MARQUETTE,CONKLINM1,,,"W-6791 US HIGHWAY 2, QUINNESEC, MI 49876",-4.121672080396568e+18,Form Submission Attachments,AQD - Air,Application/Request
2026-07-13,2026.0,INDECK NILES LLC,SUBMISSI,Submission PDF,https://mienviro.michigan.gov/ncore/downloadpdf/33690179813719872,N6921,,2200 Progressive Ave,NILES,49120.0,CASS,KALAMAZOO,BENAWAYR,,,"2200 Progressive Ave, NILES, MI 49120",3.369017981371987e+16,Form Submission Attachments,AQD - Air,Application/Request
2026-07-13,2026.0,HOLCIM (US) INC. DBA LAFARGE ALPENA PLANT,SCHEDULE,Schedule - Air Quality Test Plan Submittal,https://mienviro.michigan.gov/ncore/downloadfile/-379411198900037269,B1477,MAJOR,1435  Ford Avenue,ALPENA,49707.0,ALPENA,CADILLAC,CHILDSK,,,"1435  Ford Avenue, ALPENA, MI 49707",-3.7941119890003725e+17,Misc. Submittal Docs,AQD - Air,Application/Request
2026-07-13,2026.0,AEVITAS SPECIALTY SERVICES CORP,NOTICEOF,Notice of Air Permit Comment Period and Public Hearing,https://mienviro.michigan.gov/ncore/downloadpdf/-1901085069071711387,N7359,MINOR,663 LYCASTE,DETROIT,48214.0,WAYNE,DETROIT,WEISS,,,"663 LYCASTE, DETROIT, MI 48214",-1.9010850690717115e+18,Air Application Documents,AQD - Air,Application/Request
2026-07-13,2026.0,TILDEN MINING COMPANY  LC,PERMITCH,Permit Change - Air Renewable Operating Permit (ROP) Application - Renewal,https://mienviro.michigan.gov/ncore/downloadpdf/3564738842898205172,B4885,MAJOR,1 TILDEN MINE ROAD,ISHPEMING,49849.0,MARQUETTE,MARQUETTE,CONKLINM1,,,"1 TILDEN MINE ROAD, ISHPEMING, MI 49849",3.5647388428982047e+18,Air Application Documents,AQD - Air,Application/Request
2026-07-13,2026.0,KOENIG FUEL AND SUPPLY COMPANY,NFORMDOC,nForm Document,https://mienviro.michigan.gov/ncore/downloadpdf/-5012810910594646185,B4369,MINOR,500 E SEVEN MILE ROAD,DETROIT,48203.0,WAYNE,DETROIT,,,,"500 E SEVEN MILE ROAD, DETROIT, MI 48203",-5.012810910594646e+18,Form Submission Attachments,AQD - Air,Application/Request
2026-07-13,2026.0,HOLCIM (US) INC. DBA LAFARGE ALPENA PLANT,SUBMISSI,Submission PDF,https://mienviro.michigan.gov/ncore/downloadpdf/8247228363683949298,B1477,MAJOR,1435  Ford Avenue,ALPENA,49707.0,ALPENA,CADILLAC,CHILDSK,,,"1435  Ford Avenue, ALPENA, MI 49707",8.247228363683949e+18,Form Submission Attachments,AQD - Air,Application/Request
2026-07-13,2026.0,"CADILLAC CASTING, INC",SCHEDULE,Schedule - Air Quality Test Plan Submittal,https://mienviro.michigan.gov/ncore/downloadfile/1086287989497236831,B2178,MAJOR,1500  4th Ave.,CADILLAC,49601.0,WEXFORD,CADILLAC,CHILDSK,,,"1500  4th Ave., CADILLAC, MI 49601",1.0862879894972367e+18,Misc. Submittal Docs,AQD - Air,Application/Request
2026-07-13,2026.0,KOENIG FUEL AND SUPPLY COMPANY,NFORMDOC,nForm Document,https://mienviro.michigan.gov/ncore/downloadpdf/4009402593125485204,B4369,MINOR,500 E SEVEN MILE ROAD,DETROIT,48203.0,WAYNE,DETROIT,,,,"500 E SEVEN MILE ROAD, DETROIT, MI 48203",4.0094025931254845e+18,Form Submission Attachments,AQD - Air,Application/Request
2026-07-13,2026.0,"PHARMACIA & UPJOHN CO LLC, A SUBSIDIARY OF PFIZER",SCHEDULE,Schedule - Air Quality Test Plan Submittal,https://mienviro.michigan.gov/ncore/downloadfile/-9035062280180028110,B3610,MEGASITE,7000  Portage Road,KALAMAZOO,49001.0,KALAMAZOO,KALAMAZOO,BROTHERSM,,,"7000  Portage Road, KALAMAZOO, MI 49001",-9.035062280180028e+18,Misc. Submittal Docs,AQD - Air,Application/Request
2026-07-13,2026.0,HOLCIM (US) INC. DBA LAFARGE ALPENA PLANT,NFORMDOC,nForm Document,https://mienviro.michigan.gov/ncore/downloadpdf/2470662451138673300,B1477,MAJOR,1435  Ford Avenue,ALPENA,49707.0,ALPENA,CADILLAC,CHILDSK,,,"1435  Ford Avenue, ALPENA, MI 49707",2.470662451138673e+18,Form Submission Attachments,AQD - Air,Application/Request
2026-07-13,2026.0,AEVITAS SPECIALTY SERVICES CORP,INTEREST,Interested Party Letter,https://mienviro.michigan.gov/ncore/downloadpdf/-6966314074739169348,N7359,MINOR,663 LYCASTE,DETROIT,48214.0,WAYNE,DETROIT,WEISS,,,"663 LYCASTE, DETROIT, MI 48214",-6.966314074739169e+18,Air Application Documents,AQD - Air,Application/Request
2026-07-13,2026.0,GENESEE POWER STATION LIMITED PARTNERSHIP,NFORMDOC,nForm Document,https://mienviro.michigan.gov/ncore/downloadpdf/7010708385925606702,N3570,MAJOR,G 5310 NORTH DORT HIGHWAY,FLINT,48505.0,GENESEE,LANSING,BRUNNERJ1,,,"G 5310 NORTH DORT HIGHWAY, FLINT, MI 48505",7.010708385925607e+18,Form Submission Attachments,AQD - Air,Application/Request
2026-07-13,2026.0,GENESEE POWER STATION LIMITED PARTNERSHIP,NFORMDOC,nForm Document,https://mienviro.michigan.gov/ncore/downloadpdf/-2874888471154953734,N3570,MAJOR,G 5310 NORTH DORT HIGHWAY,FLINT,48505.0,GENESEE,LANSING,BRUNNERJ1,,,"G 5310 NORTH DORT HIGHWAY, FLINT, MI 48505",-2.8748884711549537e+18,Form Submission Attachments,AQD - Air,Application/Request
2026-07-13,2026.0,HOLCIM (US) INC. DBA LAFARGE ALPENA PLANT,NFORMDOC,nForm Document,https://mienviro.michigan.gov/ncore/downloadpdf/86478003171188150,B1477,MAJOR,1435  Ford Avenue,ALPENA,49707.0,ALPENA,CADILLAC,CHILDSK,,,"1435  Ford Avenue, ALPENA, MI 49707",8.647800317118814e+16,Form Submission Attachments,AQD - Air,Application/Request
2026-07-13,2026.0,KOENIG FUEL AND SUPPLY COMPANY,SUBMISSI,Submission PDF,https://mienviro.michigan.gov/ncore/downloadpdf/-8959564696320026660,B4369,MINOR,500 E SEVEN MILE ROAD,DETROIT,48203.0,WAYNE,DETROIT,,,,"500 E SEVEN MILE ROAD, DETROIT, MI 48203",-8.959564696320026e+18,Form Submission Attachments,AQD - Air,Application/Request
2026-07-13,2026.0,HOLCIM (US) INC. DBA LAFARGE ALPENA PLANT,NFORMDOC,nForm Document,https://mienviro.michigan.gov/ncore/downloadpdf/7765707469533257430,B1477,MAJOR,1435  Ford Avenue,ALPENA,49707.0,ALPENA,CADILLAC,CHILDSK,,,"1435  Ford Avenue, ALPENA, MI 49707",7.765707469533258e+18,Form Submission Attachments,AQD - Air,Application/Request
2026-07-13,2026.0,BOLLE CONTRACTING,AIRPERMI,Air Permit to Install,https://mienviro.michigan.gov/ncore/downloadpdf/-5075214981044552686,P1219,MINOR,14304 George Street,NEWBERRY,49868.0,LUCE,MARQUETTE,SCANLANJ,,,"14304 George Street, NEWBERRY, MI 49868",-5.075214981044553e+18,Air Permit to Install Documents,AQD - Air,Permit
2026-07-13,2026.0,AEVITAS SPECIALTY SERVICES CORP,PROPOSED,Proposed Project Summary,https://mienviro.michigan.gov/ncore/downloadpdf/3329747034731851620,N7359,MINOR,663 LYCASTE,DETROIT,48214.0,WAYNE,DETROIT,WEISS,,,"663 LYCASTE, DETROIT, MI 48214",3.329747034731852e+18,Air Application Documents,AQD - Air,Application/Request
2026-07-13,2026.0,INDECK NILES LLC,NFORMDOC,nForm Document,https://mienviro.michigan.gov/ncore/downloadpdf/6586700343856160492,N6921,,2200 Progressive Ave,NILES,49120.0,CASS,KALAMAZOO,BENAWAYR,,,"2200 Progressive Ave, NILES, MI 49120",6.58670034385616e+18,Form Submission Attachments,AQD - Air,Application/Request
2026-07-13,2026.0,AEVITAS SPECIALTY SERVICES CORP,PROPOSED,Proposed Permit Conditions,https://mienviro.michigan.gov/ncore/downloadpdf/2900520468969691003,N7359,MINOR,663 LYCASTE,DETROIT,48214.0,WAYNE,DETROIT,WEISS,,,"663 LYCASTE, DETROIT, MI 48214",2.900520468969691e+18,Air Application Documents,AQD - Air,Application/Request
2026-07-13,2026.0,INDECK NILES LLC,SUBMISSI,Submission PDF,https://mienviro.michigan.gov/ncore/downloadpdf/2377132849772390745,N6921,,2200 Progressive Ave,NILES,49120.0,CASS,KALAMAZOO,BENAWAYR,,,"2200 Progressive Ave, NILES, MI 49120",2.377132849772391e+18,Form Submission Attachments,AQD - Air,Application/Request
2026-07-13,2026.0,GENESEE POWER STATION LIMITED PARTNERSHIP,SUBMISSI,Submission PDF,https://mienviro.michigan.gov/ncore/downloadpdf/6472779142233795342,N3570,MAJOR,G 5310 NORTH DORT HIGHWAY,FLINT,48505.0,GENESEE,LANSING,BRUNNERJ1,,,"G 5310 NORTH DORT HIGHWAY, FLINT, MI 48505",6.472779142233796e+18,Form Submission Attachments,AQD - Air,Application/Request
2026-07-10,2026.0,HEMLOCK SEMICONDUCTOR OPERATIONS LLC,NFORMDOC,nForm Document,https://mienviro.michigan.gov/ncore/downloadpdf/4633228431285762151,B2644,MAJOR,12334  Geddes Rd.,HEMLOCK,48626.0,SAGINAW,BAY CITY,GENTLEN,,,"12334  Geddes Rd., HEMLOCK, MI 48626",4.633228431285762e+18,Form Submission Attachments,AQD - Air,Application/Request
2026-07-10,2026.0,HEMLOCK SEMICONDUCTOR OPERATIONS LLC,NFORMDOC,nForm Document,https://mienviro.michigan.gov/ncore/downloadpdf/-4458027804857377334,B2644,MAJOR,12334  Geddes Rd.,HEMLOCK,48626.0,SAGINAW,BAY CITY,GENTLEN,,,"12334  Geddes Rd., HEMLOCK, MI 48626",-4.458027804857377e+18,Form Submission Attachments,AQD - Air,Application/Request
2026-07-10,2026.0,AUBURN BEAN & GRAIN,NFORMDOC,nForm Document,https://mienviro.michigan.gov/ncore/downloadpdf/2338314288204186697,P0461,MINOR,18413 S. OAKLEY ROAD,OAKLEY,48649.0,SAGINAW,BAY CITY,MCCANNG2,,,"18413 S. OAKLEY ROAD, OAKLEY, MI 48649",2.3383142882041866e+18,Form Submission Attachments,AQD - Air,Application/Request
2026-07-10,2026.0,ST. CLAIR / BELLE RIVER POWER PLANT,NFORMDOC,nForm Document,https://mienviro.michigan.gov/ncore/downloadpdf/5805704795647658672,B2796,MAJOR,4505 King Road,CHINA TWP,48054.0,SAINT CLAIR,WARREN,DZIADOSZM,,,"4505 King Road, CHINA TWP, MI 48054",5.805704795647658e+18,Form Submission Attachments,AQD - Air,Application/Request
2026-07-10,2026.0,HEMLOCK SEMICONDUCTOR OPERATIONS LLC,NFORMDOC,nForm Document,https://mienviro.michigan.gov/ncore/downloadpdf/-7575130749642379233,B2644,MAJOR,12334  Geddes Rd.,HEMLOCK,48626.0,SAGINAW,BAY CITY,GENTLEN,,,"12334  Geddes Rd., HEMLOCK, MI 48626",-7.575130749642379e+18,Form Submission Attachments,AQD - Air,Application/Request
2026-07-10,2026.0,"DENSO MANUFACTURING MICHIGAN, INC.",RENEWABL,Renewable Operating Permit containing permit conditions for the facility.,https://mienviro.michigan.gov/ncore/downloadpdf/-4660421423909318247,N1192,MAJOR,One Denso Road,BATTLE CREEK,49037.0,CALHOUN,KALAMAZOO,CHAPELA,,,"One Denso Road, BATTLE CREEK, MI 49037",-4.660421423909319e+18,Air Application Documents,AQD - Air,Application/Request
2026-07-10,2026.0,HEMLOCK SEMICONDUCTOR OPERATIONS LLC,NFORMDOC,nForm Document,https://mienviro.michigan.gov/ncore/downloadpdf/-6939854621299701883,B2644,MAJOR,12334  Geddes Rd.,HEMLOCK,48626.0,SAGINAW,BAY CITY,GENTLEN,,,"12334  Geddes Rd., HEMLOCK, MI 48626",-6.939854621299702e+18,Form Submission Attachments,AQD - Air,Application/Request
2026-07-10,2026.0,GLEN'S SANITARY LANDFILL,SUBMISSI,Submission PDF,https://mienviro.michigan.gov/ncore/downloadpdf/-3841454720212801931,N3261,MAJOR,518 E. TRAVERSE HIGHWAY,MAPLE CITY,49664.0,LEELANAU,CADILLAC,CHILDSK,,,"518 E. TRAVERSE HIGHWAY, MAPLE CITY, MI 49664",-3.8414547202128015e+18,Form Submission Attachments,AQD - Air,Application/Request
2026-07-10,2026.0,ULTIUM CELLS LLC,SUBMISSI,Submission PDF,https://mienviro.michigan.gov/ncore/downloadpdf/-151610371497845206,P1269,,7111 DAVIS HWY,LANSING,48917.0,EATON,LANSING,,,,"7111 DAVIS HWY, LANSING, MI 48917",-1.516103714978452e+17,Form Submission Attachments,AQD - Air,Application/Request
2026-07-10,2026.0,ULTIUM CELLS LLC,NFORMDOC,nForm Document,https://mienviro.michigan.gov/ncore/downloadpdf/1538793201192500243,P1269,,7111 DAVIS HWY,LANSING,48917.0,EATON,LANSING,,,,"7111 DAVIS HWY, LANSING, MI 48917",1.5387932011925002e+18,Form Submission Attachments,AQD - Air,Application/Request
2026-07-10,2026.0,HEMLOCK SEMICONDUCTOR OPERATIONS LLC,NFORMDOC,nForm Document,https://mienviro.michigan.gov/ncore/downloadpdf/8682007042911297261,B2644,MAJOR,12334  Geddes Rd.,HEMLOCK,48626.0,SAGINAW,BAY CITY,GENTLEN,,,"12334  Geddes Rd., HEMLOCK, MI 48626",8.682007042911298e+18,Form Submission Attachments,AQD - Air,Application/Request
2026-07-10,2026.0,LAFATA ENTERPRISES INC.,SUBMISSI,Submission PDF,https://mienviro.michigan.gov/ncore/downloadpdf/-7195351335390920032,B7625,MAJOR,50905 HAYES RD.,SHELBY TWP,48315.0,MACOMB,WARREN,KALLUMKALS,,,"50905 HAYES RD., SHELBY TWP, MI 48315",-7.19535133539092e+18,Form Submission Attachments,AQD - Air,Application/Request
2026-07-10,2026.0,POWDER COTE II,AIRPERMI,Air Permit to Install,https://mienviro.michigan.gov/ncore/downloadpdf/364151082475942477,N3308,MINOR,60 N ROSE ST,MOUNT CLEMENS,48043.0,MACOMB,WARREN,ELMOUCHIR,,,"60 N ROSE ST, MOUNT CLEMENS, MI 48043",3.6415108247594246e+17,Air Permit to Install Documents,AQD - Air,Permit
2026-07-10,2026.0,OTTAWA COUNTY FARMS LANDFILL,SUBMISSI,Submission PDF,https://mienviro.michigan.gov/ncore/downloadpdf/4412912994514505776,N3294,MAJOR,15550  68th Avenue,COOPERSVILLE,49404.0,OTTAWA,GRAND RAPIDS,MORGAND2,,,"15550  68th Avenue, COOPERSVILLE, MI 49404",4.4129129945145057e+18,Form Submission Attachments,AQD - Air,Application/Request
2026-07-10,2026.0,AUBURN BEAN & GRAIN,SUBMISSI,Submission PDF,https://mienviro.michigan.gov/ncore/downloadpdf/229854740202857550,P0461,MINOR,18413 S. OAKLEY ROAD,OAKLEY,48649.0,SAGINAW,BAY CITY,MCCANNG2,,,"18413 S. OAKLEY ROAD, OAKLEY, MI 48649",2.298547402028576e+17,Form Submission Attachments,AQD - Air,Application/Request
2026-07-10,2026.0,AUBURN BEAN & GRAIN,NFORMDOC,nForm Document,https://mienviro.michigan.gov/ncore/downloadpdf/-390732321220841690,P0461,MINOR,18413 S. OAKLEY ROAD,OAKLEY,48649.0,SAGINAW,BAY CITY,MCCANNG2,,,"18413 S. OAKLEY ROAD, OAKLEY, MI 48649",-3.9073232122084166e+17,Form Submission Attachments,AQD - Air,Application/Request
2026-07-10,2026.0,"CADILLAC CASTING, INC",SUBMISSI,Submission PDF,https://mienviro.michigan.gov/ncore/downloadpdf/-2344729286373353203,B2178,MAJOR,1500  4th Ave.,CADILLAC,49601.0,WEXFORD,CADILLAC,CHILDSK,,,"1500  4th Ave., CADILLAC, MI 49601",-2.344729286373353e+18,Form Submission Attachments,AQD - Air,Application/Request
2026-07-10,2026.0,GLEN'S SANITARY LANDFILL,NFORMDOC,nForm Document,https://mienviro.michigan.gov/ncore/downloadpdf/-9220532205709948942,N3261,MAJOR,518 E. TRAVERSE HIGHWAY,MAPLE CITY,49664.0,LEELANAU,CADILLAC,CHILDSK,,,"518 E. TRAVERSE HIGHWAY, MAPLE CITY, MI 49664",-9.22053220570995e+18,Form Submission Attachments,AQD - Air,Application/Request
2026-07-10,2026.0,TEMPERFORM LLC,SUBMISSI,Submission PDF,https://mienviro.michigan.gov/ncore/downloadpdf/-1723084913125965134,B7357,SM OPT OUT,25425 TRANS X,NOVI,48375.0,OAKLAND,WARREN,KONANAHALLII,,,"25425 TRANS X, NOVI, MI 48375",-1.7230849131259653e+18,Form Submission Attachments,AQD - Air,Application/Request
2026-07-10,2026.0,ST. CLAIR / BELLE RIVER POWER PLANT,SUBMISSI,Submission PDF,https://mienviro.michigan.gov/ncore/downloadpdf/5274079654520589209,B2796,MAJOR,4505 King Road,CHINA TWP,48054.0,SAINT CLAIR,WARREN,DZIADOSZM,,,"4505 King Road, CHINA TWP, MI 48054",5.274079654520588e+18,Form Submission Attachments,AQD - Air,Application/Request
2026-07-10,2026.0,"DENSO MANUFACTURING MICHIGAN, INC.",STAFFREP,Staff Report – An explanation of the technical details and the rules and regulations that apply to the permit.,https://mienviro.michigan.gov/ncore/downloadpdf/1777005849258669347,N1192,MAJOR,One Denso Road,BATTLE CREEK,49037.0,CALHOUN,KALAMAZOO,CHAPELA,,,"One Denso Road, BATTLE CREEK, MI 49037",1.7770058492586693e+18,Air Application Documents,AQD - Air,Application/Request
2026-07-10,2026.0,HEMLOCK SEMICONDUCTOR OPERATIONS LLC,NFORMDOC,nForm Document,https://mienviro.michigan.gov/ncore/downloadpdf/7140023032690422270,B2644,MAJOR,12334  Geddes Rd.,HEMLOCK,48626.0,SAGINAW,BAY CITY,GENTLEN,,,"12334  Geddes Rd., HEMLOCK, MI 48626",7.140023032690423e+18,Form Submission Attachments,AQD - Air,Application/Request
2026-07-10,2026.0,HEMLOCK SEMICONDUCTOR OPERATIONS LLC,NFORMDOC,nForm Document,https://mienviro.michigan.gov/ncore/downloadpdf/-2506438430073058424,B2644,MAJOR,12334  Geddes Rd.,HEMLOCK,48626.0,SAGINAW,BAY CITY,GENTLEN,,,"12334  Geddes Rd., HEMLOCK, MI 48626",-2.5064384300730583e+18,Form Submission Attachments,AQD - Air,Application/Request
2026-07-10,2026.0,ERVIN AMASTEEL DIVISION,NFORMDOC,nForm Document,https://mienviro.michigan.gov/ncore/downloadpdf/3450122503226019280,B1754,MAJOR,915  TABOR ST.,ADRIAN,49221.0,LENAWEE,JACKSON,KOVALCHICKM,,,"915  TABOR ST., ADRIAN, MI 49221",3.45012250322602e+18,Form Submission Attachments,AQD - Air,Application/Request
2026-07-10,2026.0,LAFATA ENTERPRISES INC.,NFORMDOC,nForm Document,https://mienviro.michigan.gov/ncore/downloadpdf/-6032751938659589316,B7625,MAJOR,50905 HAYES RD.,SHELBY TWP,48315.0,MACOMB,WARREN,KALLUMKALS,,,"50905 HAYES RD., SHELBY TWP, MI 48315",-6.032751938659589e+18,Form Submission Attachments,AQD - Air,Application/Request
2026-07-10,2026.0,POWDER COTE II,SUBMISSI,Submission PDF,https://mienviro.michigan.gov/ncore/downloadpdf/5344203639568382082,N3308,MINOR,60 N ROSE ST,MOUNT CLEMENS,48043.0,MACOMB,WARREN,ELMOUCHIR,,,"60 N ROSE ST, MOUNT CLEMENS, MI 48043",5.344203639568382e+18,Form Submission Attachments,AQD - Air,Application/Request
2026-07-10,2026.0,POWDER COTE II,AIRPERMI,Air Permit to Install,https://mienviro.michigan.gov/ncore/downloadpdf/5278121943664190787,N3308,MINOR,60 N ROSE ST,MOUNT CLEMENS,48043.0,MACOMB,WARREN,ELMOUCHIR,,,"60 N ROSE ST, MOUNT CLEMENS, MI 48043",5.278121943664191e+18,Air Permit to Install Documents,AQD - Air,Permit
2026-07-10,2026.0,"CADILLAC CASTING, INC",SCHEDULE,Schedule - Air Quality Test Plan Submittal,https://mienviro.michigan.gov/ncore/downloadfile/-8574046753553868630,B2178,MAJOR,1500  4th Ave.,CADILLAC,49601.0,WEXFORD,CADILLAC,CHILDSK,,,"1500  4th Ave., CADILLAC, MI 49601",-8.574046753553869e+18,Misc. Submittal Docs,AQD - Air,Application/Request
2026-07-10,2026.0,ST. CLAIR / BELLE RIVER POWER PLANT,NFORMDOC,nForm Document,https://mienviro.michigan.gov/ncore/downloadpdf/6041912895091225415,B2796,MAJOR,4505 King Road,CHINA TWP,48054.0,SAINT CLAIR,WARREN,DZIADOSZM,,,"4505 King Road, CHINA TWP, MI 48054",6.041912895091226e+18,Form Submission Attachments,AQD - Air,Application/Request
2026-07-10,2026.0,HEMLOCK SEMICONDUCTOR OPERATIONS LLC,NFORMDOC,nForm Document,https://mienviro.michigan.gov/ncore/downloadpdf/-2049329391597633471,B2644,MAJOR,12334  Geddes Rd.,HEMLOCK,48626.0,SAGINAW,BAY CITY,GENTLEN,,,"12334  Geddes Rd., HEMLOCK, MI 48626",-2.0493293915976333e+18,Form Submission Attachments,AQD - Air,Application/Request
2026-07-10,2026.0,HEMLOCK SEMICONDUCTOR OPERATIONS LLC,SUBMISSI,Submission PDF,https://mienviro.michigan.gov/ncore/downloadpdf/1593014865593683870,B2644,MAJOR,12334  Geddes Rd.,HEMLOCK,48626.0,SAGINAW,BAY CITY,GENTLEN,,,"12334  Geddes Rd., HEMLOCK, MI 48626",1.5930148655936837e+18,Form Submission Attachments,AQD - Air,Application/Request
2026-07-10,2026.0,ULTIUM CELLS LLC,NFORMDOC,nForm Document,https://mienviro.michigan.gov/ncore/downloadpdf/-4507505021193467777,P1269,,7111 DAVIS HWY,LANSING,48917.0,EATON,LANSING,,,,"7111 DAVIS HWY, LANSING, MI 48917",-4.507505021193468e+18,Form Submission Attachments,AQD - Air,Application/Request
2026-07-10,2026.0,"DENSO MANUFACTURING MICHIGAN, INC.",PERMITCH,Permit Change - Air Renewable Operating Permit (ROP) Application - Modification,https://mienviro.michigan.gov/ncore/downloadpdf/4835080779145719337,N1192,MAJOR,One Denso Road,BATTLE CREEK,49037.0,CALHOUN,KALAMAZOO,CHAPELA,,,"One Denso Road, BATTLE CREEK, MI 49037",4.835080779145719e+18,Air Application Documents,AQD - Air,Application/Request
2026-07-10,2026.0,ERVIN AMASTEEL DIVISION,SUBMISSI,Submission PDF,https://mienviro.michigan.gov/ncore/downloadpdf/-2408890939372154599,B1754,MAJOR,915  TABOR ST.,ADRIAN,49221.0,LENAWEE,JACKSON,KOVALCHICKM,,,"915  TABOR ST., ADRIAN, MI 49221",-2.4088909393721544e+18,Form Submission Attachments,AQD - Air,Application/Request
2026-07-10,2026.0,UNIVERSAL COATING INC.,SUBMISSI,Submission PDF,https://mienviro.michigan.gov/ncore/downloadpdf/8085854085919756516,N7256,MAJOR,5204 ENERGY DR.,FLINT,48505.0,GENESEE,LANSING,BYRNESR,,,"5204 ENERGY DR., FLINT, MI 48505",8.085854085919756e+18,Form Submission Attachments,AQD - Air,Application/Request
2026-07-09,2026.0,MICHIGAN STATE UNIVERSITY,NFORMDOC,nForm Document,https://mienviro.michigan.gov/ncore/downloadpdf/-2831925699755749287,K3249,MAJOR,426 Auditorium Rd.,EAST LANSING,48824.0,INGHAM,LANSING,MCGEEND,,,"426 Auditorium Rd., EAST LANSING, MI 48824",-2.831925699755749e+18,Form Submission Attachments,AQD - Air,Application/Request
2026-07-09,2026.0,FORD MOTOR COMPANY - FLAT ROCK ASSEMBLY,SUBMISSI,Submission PDF,https://mienviro.michigan.gov/ncore/downloadpdf/-4837805891212357620,N0929,MAJOR,1  INTERNATIONAL DR,FLAT ROCK,48134.0,WAYNE,DETROIT,LAMBJ1,,,"1  INTERNATIONAL DR, FLAT ROCK, MI 48134",-4.837805891212358e+18,Form Submission Attachments,AQD - Air,Application/Request
2026-07-09,2026.0,MICHIGAN STATE UNIVERSITY,NFORMDOC,nForm Document,https://mienviro.michigan.gov/ncore/downloadpdf/5005397284740776895,K3249,MAJOR,426 Auditorium Rd.,EAST LANSING,48824.0,INGHAM,LANSING,MCGEEND,,,"426 Auditorium Rd., EAST LANSING, MI 48824",5.005397284740777e+18,Form Submission Attachments,AQD - Air,Application/Request
2026-07-09,2026.0,FORD MOTOR COMPANY - FLAT ROCK ASSEMBLY,NFORMDOC,nForm Document,https://mienviro.michigan.gov/ncore/downloadpdf/7474818713988484529,N0929,MAJOR,1  INTERNATIONAL DR,FLAT ROCK,48134.0,WAYNE,DETROIT,LAMBJ1,,,"1  INTERNATIONAL DR, FLAT ROCK, MI 48134",7.474818713988483e+18,Form Submission Attachments,AQD - Air,Application/Request
2026-07-09,2026.0,KENT COUNTY WASTE TO ENERGY FACILITY,SIPUNITC,SIP Unit comparison between R 973 and 40 CFR 62 Subpart FFF Requirements,https://mienviro.michigan.gov/ncore/downloadpdf/-2009913687923575773,N1604,MAJOR,950  Market Ave SW,GRAND RAPIDS,49503.0,KENT,GRAND RAPIDS,DEVRIESK1,,,"950  Market Ave SW, GRAND RAPIDS, MI 49503",-2.009913687923576e+18,Application Review Documents,AQD - Air,Application/Request
2026-07-09,2026.0,MICHIGAN STATE UNIVERSITY,SUBMISSI,Submission PDF,https://mienviro.michigan.gov/ncore/downloadpdf/-6130195413456623289,K3249,MAJOR,426 Auditorium Rd.,EAST LANSING,48824.0,INGHAM,LANSING,MCGEEND,,,"426 Auditorium Rd., EAST LANSING, MI 48824",-6.130195413456624e+18,Form Submission Attachments,AQD - Air,Application/Request
2026-07-09,2026.0,AXALTA COATING SYSTEMS USA LLC,SUBMISSI,Submission PDF,https://mienviro.michigan.gov/ncore/downloadpdf/-4007278681633537525,A3569,MAJOR,400 Groesbeck Hwy,MOUNT CLEMENS,48043.0,MACOMB,WARREN,BOGNARA1,,,"400 Groesbeck Hwy, MOUNT CLEMENS, MI 48043",-4.0072786816335375e+18,Form Submission Attachments,AQD - Air,Application/Request
2026-07-09,2026.0,STURGIS MUNICIPAL POWER PLANT,PERMITCH,Permit Change - Air Renewable Operating Permit (ROP) Application - Renewal,https://mienviro.michigan.gov/ncore/downloadpdf/6481236266439483015,B7287,MAJOR,505 West Chicago Rd.,STURGIS,49091.0,SAINT JOSEPH,KALAMAZOO,COLLINSC21,,,"505 West Chicago Rd., STURGIS, MI 49091",6.481236266439483e+18,Air Application Documents,AQD - Air,Application/Request
2026-07-09,2026.0,AXALTA COATING SYSTEMS USA LLC,NFORMDOC,nForm Document,https://mienviro.michigan.gov/ncore/downloadpdf/9087766036217710727,A3569,MAJOR,400 Groesbeck Hwy,MOUNT CLEMENS,48043.0,MACOMB,WARREN,BOGNARA1,,,"400 Groesbeck Hwy, MOUNT CLEMENS, MI 48043",9.087766036217712e+18,Form Submission Attachments,AQD - Air,Application/Request
2026-07-09,2026.0,SEMCO ENERGY GAS COMPANY - MORTON WELLS FACILITY,SUBMISSI,Submission PDF,https://mienviro.michigan.gov/ncore/downloadpdf/-1213419847108838253,N5989,SM OPT OUT,1100 GRATIOT AVE,MARYSVILLE,48040.0,SAINT CLAIR,WARREN,ELMOUCHIR,,,"1100 GRATIOT AVE, MARYSVILLE, MI 48040",-1.213419847108838e+18,Form Submission Attachments,AQD - Air,Application/Request
2026-07-09,2026.0,"PINE TREE ACRES, INC.",SUBMISSI,Submission PDF,https://mienviro.michigan.gov/ncore/downloadpdf/2404864778657980921,N5984,MAJOR,36600  29 MILE RD.,LENOX,48048.0,MACOMB,WARREN,JOSEPHR4,,,"36600  29 MILE RD., LENOX, MI 48048",2.404864778657981e+18,Form Submission Attachments,AQD - Air,Application/Request
2026-07-09,2026.0,ST MARYS CEMENT CHARLEVOIX PLANT,SUBMISSI,Submission PDF,https://mienviro.michigan.gov/ncore/downloadpdf/-1468952520593969195,B1559,MAJOR,16000  BELLS BAY RD,CHARLEVOIX,49720.0,CHARLEVOIX,CADILLAC,DICKMANR,,,"16000  BELLS BAY RD, CHARLEVOIX, MI 49720",-1.4689525205939692e+18,Form Submission Attachments,AQD - Air,Application/Request
2026-07-09,2026.0,NYLOK LLC,RENEWABL,Renewable Operating Permit containing permit conditions for the facility.,https://mienviro.michigan.gov/ncore/downloadpdf/3992355661383588655,N5656,MAJOR,15260 HALLMARK Court,MACOMB,48042.0,MACOMB,WARREN,KELLYK6,,,"15260 HALLMARK Court, MACOMB, MI 48042",3.992355661383589e+18,Air Application Documents,AQD - Air,Application/Request
2026-07-09,2026.0,FORD MOTOR COMPANY - FLAT ROCK ASSEMBLY,NFORMDOC,nForm Document,https://mienviro.michigan.gov/ncore/downloadpdf/6209489370968409154,N0929,MAJOR,1  INTERNATIONAL DR,FLAT ROCK,48134.0,WAYNE,DETROIT,LAMBJ1,,,"1  INTERNATIONAL DR, FLAT ROCK, MI 48134",6.209489370968409e+18,Form Submission Attachments,AQD - Air,Application/Request
2026-07-09,2026.0,UNIVERSAL COATING INC.,SCHEDULE,Schedule - Air Quality Test Report Submittal,https://mienviro.michigan.gov/ncore/downloadpdf/792347314293172732,N7256,MAJOR,5204 ENERGY DR.,FLINT,48505.0,GENESEE,LANSING,BYRNESR,,,"5204 ENERGY DR., FLINT, MI 48505",7.923473142931726e+17,Misc. Submittal Docs,AQD - Air,Application/Request
2026-07-09,2026.0,STURGIS MUNICIPAL POWER PLANT,PROPOSED,Proposed Staff Report – An explanation of the technical details and the rules and regulations that apply to the permit.,https://mienviro.michigan.gov/ncore/downloadpdf/-6283270159488335521,B7287,MAJOR,505 West Chicago Rd.,STURGIS,49091.0,SAINT JOSEPH,KALAMAZOO,COLLINSC21,,,"505 West Chicago Rd., STURGIS, MI 49091",-6.283270159488336e+18,Air Application Documents,AQD - Air,Application/Request
2026-07-09,2026.0,NYLOK LLC,STAFFREP,Staff Report – An explanation of the technical details and the rules and regulations that apply to the permit.,https://mienviro.michigan.gov/ncore/downloadpdf/1961433877648322164,N5656,MAJOR,15260 HALLMARK Court,MACOMB,48042.0,MACOMB,WARREN,KELLYK6,,,"15260 HALLMARK Court, MACOMB, MI 48042",1.961433877648322e+18,Air Application Documents,AQD - Air,Application/Request
2026-07-09,2026.0,STURGIS MUNICIPAL POWER PLANT,RENEWABL,Renewable Operating Permit containing permit conditions for the facility.,https://mienviro.michigan.gov/ncore/downloadpdf/2106155464701176943,B7287,MAJOR,505 West Chicago Rd.,STURGIS,49091.0,SAINT JOSEPH,KALAMAZOO,COLLINSC21,,,"505 West Chicago Rd., STURGIS, MI 49091",2.1061554647011768e+18,Air Application Documents,AQD - Air,Application/Request
2026-07-08,2026.0,O-N MINERALS(MICHIGAN) COMPANY DBA CARMEUSE LIME,AIRPERMI,Air Permit to Install,https://mienviro.michigan.gov/ncore/downloadpdf/-4722868168842751440,B4925,MINOR,1035 CALCITE RD,ROGERS CITY,49779.0,PRESQUE ISLE,GAYLORD,BOWMAND7,,,"1035 CALCITE RD, ROGERS CITY, MI 49779",-4.722868168842752e+18,Air Permit to Install Documents,AQD - Air,Permit
2026-07-08,2026.0,DETROIT THERMAL  BEACON HEATING PLANT,STAFFREP,Staff Report,https://mienviro.michigan.gov/ncore/downloadpdf/-1515760083676317283,B2814,MAJOR,541  MADISON AVE,DETROIT,48226.0,WAYNE,DETROIT,LIVESONS2,,,"541  MADISON AVE, DETROIT, MI 48226",-1.5157600836763172e+18,ROP Documents,AQD - Air,Permit
2026-07-08,2026.0,SEBEWAING LIGHT AND WATER DEPT.,AIRPERMI,Air Permit to Install,https://mienviro.michigan.gov/ncore/downloadpdf/-3044747582432126491,N2726,SM OPT OUT,350 Pine Street,SEBEWAING,48759.0,HURON,BAY CITY,SHAFFERA1,,,"350 Pine Street, SEBEWAING, MI 48759",-3.0447475824321265e+18,Air Permit to Install Documents,AQD - Air,Permit
2026-07-08,2026.0,STATELINE CRUSHING,NFORMDOC,nForm Document,https://mienviro.michigan.gov/ncore/downloadpdf/5296127912634242634,P0622,MINOR,7061 Dexter Ann Arbor Rd,DEXTER,48130.0,WASHTENAW,JACKSON,KOVALCHICKM,,,"7061 Dexter Ann Arbor Rd, DEXTER, MI 48130",5.296127912634242e+18,Form Submission Attachments,AQD - Air,Application/Request
2026-07-08,2026.0,GENERAL MOTORS LLC - ORION ASSEMBLY,AIRPERMI,Air Permit to Install,https://mienviro.michigan.gov/ncore/downloadpdf/5542061565815852774,B7227,MAJOR,4555  GIDDINGS RD,LAKE ORION,48359.0,OAKLAND,WARREN,BYRNESR,,,"4555  GIDDINGS RD, LAKE ORION, MI 48359",5.542061565815853e+18,Air Permit to Install Documents,AQD - Air,Permit
2026-07-08,2026.0,MICHIGAN WHEEL CORP,AIRPERMI,Air Permit to Install,https://mienviro.michigan.gov/ncore/downloadpdf/-2780226586950939642,B2833,MINOR,1501 BUCHANAN SW,GRAND RAPIDS,49507.0,KENT,GRAND RAPIDS,GRINSTERNE,,,"1501 BUCHANAN SW, GRAND RAPIDS, MI 49507",-2.78022658695094e+18,Air Permit to Install Documents,AQD - Air,Permit
2026-07-08,2026.0,STATELINE CRUSHING,SUBMISSI,Submission PDF,https://mienviro.michigan.gov/ncore/downloadpdf/7494642085237982354,P0622,MINOR,7061 Dexter Ann Arbor Rd,DEXTER,48130.0,WASHTENAW,JACKSON,KOVALCHICKM,,,"7061 Dexter Ann Arbor Rd, DEXTER, MI 48130",7.494642085237982e+18,Form Submission Attachments,AQD - Air,Application/Request
2026-07-08,2026.0,CITY OF MIDLAND UTILITIES DIVISION,SUBMISSI,Submission PDF,https://mienviro.michigan.gov/ncore/downloadpdf/-7249003503976443552,N6004,MAJOR,4311 E. Ashman St.,MIDLAND,48642.0,MIDLAND,BAY CITY,MCCANNG2,,,"4311 E. Ashman St., MIDLAND, MI 48642",-7.249003503976443e+18,Form Submission Attachments,AQD - Air,Application/Request
2026-07-08,2026.0,SEAVER FINISHING,AIRPERMI,Air Permit to Install,https://mienviro.michigan.gov/ncore/downloadpdf/-7414907471354898410,N5687,MINOR,16900 Hayes St,GRAND HAVEN,49417.0,OTTAWA,GRAND RAPIDS,ROBINSONC17,,,"16900 Hayes St, GRAND HAVEN, MI 49417",-7.414907471354897e+18,Air Permit to Install Documents,AQD - Air,Permit
2026-07-08,2026.0,SEAVER FINISHING,AIRPERMI,Air Permit to Install,https://mienviro.michigan.gov/ncore/downloadpdf/-3297745042975506129,N5687,MINOR,16900 Hayes St,GRAND HAVEN,49417.0,OTTAWA,GRAND RAPIDS,ROBINSONC17,,,"16900 Hayes St, GRAND HAVEN, MI 49417",-3.297745042975506e+18,Air Permit to Install Documents,AQD - Air,Permit
2026-07-08,2026.0,JACKS SERVICE CENTER,AIRGENER,Air General Permit to Install,https://mienviro.michigan.gov/ncore/downloadpdf/-8310966356673249161,P0737,MINOR,844 LEONARD STREET NW,GRAND RAPIDS,49504.0,KENT,GRAND RAPIDS,,,,"844 LEONARD STREET NW, GRAND RAPIDS, MI 49504",-8.310966356673249e+18,Air Permit to Install Documents,AQD - Air,Permit
2026-07-08,2026.0,NYLOK LLC,PERMITCH,Permit Change - Air Renewable Operating Permit (ROP) Application - Renewal,https://mienviro.michigan.gov/ncore/downloadpdf/-3683047057080361673,N5656,MAJOR,15260 HALLMARK Court,MACOMB,48042.0,MACOMB,WARREN,KELLYK6,,,"15260 HALLMARK Court, MACOMB, MI 48042",-3.6830470570803615e+18,Air Application Documents,AQD - Air,Application/Request
2026-07-08,2026.0,SEAVER FINISHING,AIRPERMI,Air Permit to Install,https://mienviro.michigan.gov/ncore/downloadpdf/-8097792538721428146,N5687,MINOR,16900 Hayes St,GRAND HAVEN,49417.0,OTTAWA,GRAND RAPIDS,ROBINSONC17,,,"16900 Hayes St, GRAND HAVEN, MI 49417",-8.097792538721427e+18,Air Permit to Install Documents,AQD - Air,Permit
2026-07-08,2026.0,FCA US LLC - CHRYSLER TECHNOLOGY CENTER,NFORMDOC,nForm Document,https://mienviro.michigan.gov/ncore/downloadpdf/3953260805894639774,N1436,MAJOR,800 Chrysler Drive,AUBURN HILLS,48326.0,OAKLAND,WARREN,BOGNARA1,,,"800 Chrysler Drive, AUBURN HILLS, MI 48326",3.95326080589464e+18,Form Submission Attachments,AQD - Air,Application/Request
2026-07-08,2026.0,FCA US LLC - CHRYSLER TECHNOLOGY CENTER,NFORMDOC,nForm Document,https://mienviro.michigan.gov/ncore/downloadpdf/-2886519862386367674,N1436,MAJOR,800 Chrysler Drive,AUBURN HILLS,48326.0,OAKLAND,WARREN,BOGNARA1,,,"800 Chrysler Drive, AUBURN HILLS, MI 48326",-2.886519862386368e+18,Form Submission Attachments,AQD - Air,Application/Request
2026-07-08,2026.0,FCA US LLC - CHRYSLER TECHNOLOGY CENTER,SUBMISSI,Submission PDF,https://mienviro.michigan.gov/ncore/downloadpdf/-5953725776055123832,N1436,MAJOR,800 Chrysler Drive,AUBURN HILLS,48326.0,OAKLAND,WARREN,BOGNARA1,,,"800 Chrysler Drive, AUBURN HILLS, MI 48326",-5.953725776055124e+18,Form Submission Attachments,AQD - Air,Application/Request
2026-07-08,2026.0,SEAVER FINISHING,AIRPERMI,Air Permit to Install,https://mienviro.michigan.gov/ncore/downloadpdf/-27199281337514080,N5687,MINOR,16900 Hayes St,GRAND HAVEN,49417.0,OTTAWA,GRAND RAPIDS,ROBINSONC17,,,"16900 Hayes St, GRAND HAVEN, MI 49417",-2.719928133751408e+16,Air Permit to Install Documents,AQD - Air,Permit
2026-07-08,2026.0,NOVARES - HOWELL,EMAILFRO,Email from AQD to Novares on status of VN Response,https://mienviro.michigan.gov/ncore/downloadfile/-2860053370890638825,N2148,SM OPT OUT,1301 McPherson Park Dr.,HOWELL,48843.0,LIVINGSTON,LANSING,DAVISS46,,,"1301 McPherson Park Dr., HOWELL, MI 48843",-2.860053370890639e+18,Misc. Submittal Docs,AQD - Air,Application/Request
2026-07-08,2026.0,WATERFRONT PETROLEUM TERMINAL CO,AIRPERMI,Air Permit to Install,https://mienviro.michigan.gov/ncore/downloadpdf/6743904801621225277,B5434,MINOR,1071 Miller Rd,DEARBORN,48120.0,WAYNE,DETROIT,ACEVEDOJ1,,,"1071 Miller Rd, DEARBORN, MI 48120",6.743904801621224e+18,Air Permit to Install Documents,AQD - Air,Permit
2026-07-08,2026.0,"CARIBBEAN POOL & FIBERGLASS PRODUCTS, INC.",AIRPERMI,Air Permit to Install,https://mienviro.michigan.gov/ncore/downloadpdf/6332192627363927361,P0578,SM OPT OUT,300 Lincoln Lake Avenue SE,LOWELL,49331.0,KENT,GRAND RAPIDS,MORGAND2,,,"300 Lincoln Lake Avenue SE, LOWELL, MI 49331",6.332192627363927e+18,Air Permit to Install Documents,AQD - Air,Permit
2026-07-08,2026.0,GENERAL MOTORS LANSING GRAND RIVER ASSEMBLY,NFORMDOC,nForm Document,https://mienviro.michigan.gov/ncore/downloadpdf/454232124592529899,A1641,MAJOR,920  TOWNSEND ST.,LANSING,48933.0,INGHAM,LANSING,BYRNESR,,,"920  TOWNSEND ST., LANSING, MI 48933",4.5423212459252986e+17,Form Submission Attachments,AQD - Air,Application/Request
2026-07-08,2026.0,"AUNT MILLIE'S BAKERIES, PLYMOUTH",AIRPERMI,Air Permit to Install,https://mienviro.michigan.gov/ncore/downloadpdf/-8401807615903782133,N8040,SM OPT OUT,45789 PORT ST,PLYMOUTH,48170.0,WAYNE,DETROIT,ZIMMERMANJ3,,,"45789 PORT ST, PLYMOUTH, MI 48170",-8.401807615903783e+18,Air Permit to Install Documents,AQD - Air,Permit
2026-07-08,2026.0,MICHIGAN WHEEL CORP,AIRPERMI,Air Permit to Install,https://mienviro.michigan.gov/ncore/downloadpdf/-6445760658195942142,B2833,MINOR,1501 BUCHANAN SW,GRAND RAPIDS,49507.0,KENT,GRAND RAPIDS,GRINSTERNE,,,"1501 BUCHANAN SW, GRAND RAPIDS, MI 49507",-6.445760658195942e+18,Air Permit to Install Documents,AQD - Air,Permit
2026-07-08,2026.0,ULTIUM CELLS LLC,SUBMISSI,Submission PDF,https://mienviro.michigan.gov/ncore/downloadpdf/830544905399496220,P1269,,7111 DAVIS HWY,LANSING,48917.0,EATON,LANSING,,,,"7111 DAVIS HWY, LANSING, MI 48917",8.305449053994962e+17,Form Submission Attachments,AQD - Air,Application/Request
2026-07-08,2026.0,GENERAL MOTORS LANSING GRAND RIVER ASSEMBLY,NFORMDOC,nForm Document,https://mienviro.michigan.gov/ncore/downloadpdf/4645363148525159288,A1641,MAJOR,920  TOWNSEND ST.,LANSING,48933.0,INGHAM,LANSING,BYRNESR,,,"920  TOWNSEND ST., LANSING, MI 48933",4.645363148525159e+18,Form Submission Attachments,AQD - Air,Application/Request
2026-07-08,2026.0,FCA US LLC WARREN TRUCK ASSEMBLY PLANT,SUBMISSI,Submission PDF,https://mienviro.michigan.gov/ncore/downloadpdf/8921390885271782889,B2767,MAJOR,21500  Mound Road,WARREN,48091.0,MACOMB,WARREN,KONANAHALLII,,,"21500  Mound Road, WARREN, MI 48091",8.921390885271782e+18,Form Submission Attachments,AQD - Air,Application/Request
2026-07-08,2026.0,CARBON GREEN BIOENERGY,SUBMISSI,Submission PDF,https://mienviro.michigan.gov/ncore/downloadpdf/-1486642251785272773,N7412,SM OPT OUT,7795 Saddlebag Lake Rd,LAKE ODESSA,48849.0,BARRY,GRAND RAPIDS,GRINSTERNE,,,"7795 Saddlebag Lake Rd, LAKE ODESSA, MI 48849",-1.4866422517852728e+18,Form Submission Attachments,AQD - Air,Application/Request
2026-07-08,2026.0,"AUNT MILLIE'S BAKERIES, PLYMOUTH",AIRPERMI,Air Permit to Install,https://mienviro.michigan.gov/ncore/downloadpdf/-8535344966358778701,N8040,SM OPT OUT,45789 PORT ST,PLYMOUTH,48170.0,WAYNE,DETROIT,ZIMMERMANJ3,,,"45789 PORT ST, PLYMOUTH, MI 48170",-8.535344966358778e+18,Air Permit to Install Documents,AQD - Air,Permit
2026-07-08,2026.0,CITY OF MIDLAND UTILITIES DIVISION,SUBMISSI,Submission PDF,https://mienviro.michigan.gov/ncore/downloadpdf/-2374700663360508546,N6004,MAJOR,4311 E. Ashman St.,MIDLAND,48642.0,MIDLAND,BAY CITY,MCCANNG2,,,"4311 E. Ashman St., MIDLAND, MI 48642",-2.3747006633605084e+18,Form Submission Attachments,AQD - Air,Application/Request
2026-07-08,2026.0,GENERAL MOTORS LANSING GRAND RIVER ASSEMBLY,SUBMISSI,Submission PDF,https://mienviro.michigan.gov/ncore/downloadpdf/4359337142210114822,A1641,MAJOR,920  TOWNSEND ST.,LANSING,48933.0,INGHAM,LANSING,BYRNESR,,,"920  TOWNSEND ST., LANSING, MI 48933",4.3593371422101146e+18,Form Submission Attachments,AQD - Air,Application/Request
2026-07-08,2026.0,FCA US LLC - CHRYSLER TECHNOLOGY CENTER,SUBMISSI,Submission PDF,https://mienviro.michigan.gov/ncore/downloadpdf/-2315560529832170721,N1436,MAJOR,800 Chrysler Drive,AUBURN HILLS,48326.0,OAKLAND,WARREN,BOGNARA1,,,"800 Chrysler Drive, AUBURN HILLS, MI 48326",-2.315560529832171e+18,Form Submission Attachments,AQD - Air,Application/Request
2026-07-08,2026.0,SEBEWAING LIGHT AND WATER DEPT.,AIRPERMI,Air Permit to Install,https://mienviro.michigan.gov/ncore/downloadpdf/7720345602912511537,N2726,SM OPT OUT,350 Pine Street,SEBEWAING,48759.0,HURON,BAY CITY,SHAFFERA1,,,"350 Pine Street, SEBEWAING, MI 48759",7.72034560291251e+18,Air Permit to Install Documents,AQD - Air,Permit
2026-07-08,2026.0,CARBON GREEN BIOENERGY,NFORMDOC,nForm Document,https://mienviro.michigan.gov/ncore/downloadpdf/972935363886293086,N7412,SM OPT OUT,7795 Saddlebag Lake Rd,LAKE ODESSA,48849.0,BARRY,GRAND RAPIDS,GRINSTERNE,,,"7795 Saddlebag Lake Rd, LAKE ODESSA, MI 48849",9.729353638862932e+17,Form Submission Attachments,AQD - Air,Application/Request
2026-07-08,2026.0,CITY OF MIDLAND UTILITIES DIVISION,NFORMDOC,nForm Document,https://mienviro.michigan.gov/ncore/downloadpdf/-8649978656137282965,N6004,MAJOR,4311 E. Ashman St.,MIDLAND,48642.0,MIDLAND,BAY CITY,MCCANNG2,,,"4311 E. Ashman St., MIDLAND, MI 48642",-8.649978656137284e+18,Form Submission Attachments,AQD - Air,Application/Request
2026-07-08,2026.0,"PHARMACIA & UPJOHN CO LLC, A SUBSIDIARY OF PFIZER",SCHEDULE,Schedule - Air Quality Test Plan Submittal,https://mienviro.michigan.gov/ncore/downloadfile/-5629118937773709424,B3610,MEGASITE,7000  Portage Road,KALAMAZOO,49001.0,KALAMAZOO,KALAMAZOO,BROTHERSM,,,"7000  Portage Road, KALAMAZOO, MI 49001",-5.629118937773709e+18,Misc. Submittal Docs,AQD - Air,Application/Request
2026-07-08,2026.0,CLEVELAND-CLIFFS STEEL CORPORATION DEARBORN WORKS,AIRPERMI,Air Permit to Install,https://mienviro.michigan.gov/ncore/downloadpdf/3132984776049560415,A8640,MEGASITE,4001  MILLER ROAD,DEARBORN,48120.0,WAYNE,DETROIT,KOSTERK1,,,"4001  MILLER ROAD, DEARBORN, MI 48120",3.1329847760495606e+18,Air Permit to Install Documents,AQD - Air,Permit
2026-07-08,2026.0,GENERAL MOTORS LLC - ORION ASSEMBLY,AIRPERMI,Air Permit to Install,https://mienviro.michigan.gov/ncore/downloadpdf/5861526209499084304,B7227,MAJOR,4555  GIDDINGS RD,LAKE ORION,48359.0,OAKLAND,WARREN,BYRNESR,,,"4555  GIDDINGS RD, LAKE ORION, MI 48359",5.861526209499084e+18,Air Permit to Install Documents,AQD - Air,Permit
2026-07-08,2026.0,DETROIT THERMAL  BEACON HEATING PLANT,PERMITCO,Permit Conditions for Minor Moification HQJ-WXD3-FVGPE,https://mienviro.michigan.gov/ncore/downloadpdf/2942384761173608666,B2814,MAJOR,541  MADISON AVE,DETROIT,48226.0,WAYNE,DETROIT,LIVESONS2,,,"541  MADISON AVE, DETROIT, MI 48226",2.942384761173609e+18,ROP Documents,AQD - Air,Permit
2026-07-08,2026.0,"RIETH RILEY CONSTRUCTION CO., INC.",AIRPERMI,Air Permit to Install,https://mienviro.michigan.gov/ncore/downloadpdf/7785971410684560280,B7300,SM OPT OUT,11101 Levering Rd,MUNRO TWP,49755.0,CHEBOYGAN,CADILLAC,CHILDSK,,,"11101 Levering Rd, MUNRO TWP, MI 49755",7.78597141068456e+18,Air Permit to Install Documents,AQD - Air,Permit
2026-07-08,2026.0,MICHIGAN WHEEL CORP,AIRPERMI,Air Permit to Install,https://mienviro.michigan.gov/ncore/downloadpdf/1168334732462013010,B2833,MINOR,1501 BUCHANAN SW,GRAND RAPIDS,49507.0,KENT,GRAND RAPIDS,GRINSTERNE,,,"1501 BUCHANAN SW, GRAND RAPIDS, MI 49507",1.168334732462013e+18,Air Permit to Install Documents,AQD - Air,Permit
2026-07-08,2026.0,GENERAL MOTORS LANSING GRAND RIVER ASSEMBLY,SUBMISSI,Submission PDF,https://mienviro.michigan.gov/ncore/downloadpdf/-6141781674252509010,A1641,MAJOR,920  TOWNSEND ST.,LANSING,48933.0,INGHAM,LANSING,BYRNESR,,,"920  TOWNSEND ST., LANSING, MI 48933",-6.141781674252509e+18,Form Submission Attachments,AQD - Air,Application/Request
2026-07-08,2026.0,TECHNICAL SERVICE PROFESSIONALS LLC,AIRGENER,Air General Permit to Install,https://mienviro.michigan.gov/ncore/downloadpdf/129538469157513101,P0099,,101 S River St,YPSILANTI,48198.0,WASHTENAW,JACKSON,DURHAMZ,,,"101 S River St, YPSILANTI, MI 48198",1.295384691575131e+17,Air Permit to Install Documents,AQD - Air,Permit
2026-07-08,2026.0,CARBON GREEN BIOENERGY,NFORMDOC,nForm Document,https://mienviro.michigan.gov/ncore/downloadpdf/-4982858055826558792,N7412,SM OPT OUT,7795 Saddlebag Lake Rd,LAKE ODESSA,48849.0,BARRY,GRAND RAPIDS,GRINSTERNE,,,"7795 Saddlebag Lake Rd, LAKE ODESSA, MI 48849",-4.982858055826559e+18,Form Submission Attachments,AQD - Air,Application/Request
2026-07-08,2026.0,GENERAL MOTORS LANSING GRAND RIVER ASSEMBLY,SUBMISSI,Submission PDF,https://mienviro.michigan.gov/ncore/downloadpdf/-2036114015965876530,A1641,MAJOR,920  TOWNSEND ST.,LANSING,48933.0,INGHAM,LANSING,BYRNESR,,,"920  TOWNSEND ST., LANSING, MI 48933",-2.0361140159658765e+18,Form Submission Attachments,AQD - Air,Application/Request
2026-07-08,2026.0,FCA US LLC - CHRYSLER TECHNOLOGY CENTER,NFORMDOC,nForm Document,https://mienviro.michigan.gov/ncore/downloadpdf/7408620364559530205,N1436,MAJOR,800 Chrysler Drive,AUBURN HILLS,48326.0,OAKLAND,WARREN,BOGNARA1,,,"800 Chrysler Drive, AUBURN HILLS, MI 48326",7.40862036455953e+18,Form Submission Attachments,AQD - Air,Application/Request
2026-07-08,2026.0,MICHIGAN WHEEL CORP,AIRPERMI,Air Permit to Install,https://mienviro.michigan.gov/ncore/downloadpdf/-2558715764282041252,B2833,MINOR,1501 BUCHANAN SW,GRAND RAPIDS,49507.0,KENT,GRAND RAPIDS,GRINSTERNE,,,"1501 BUCHANAN SW, GRAND RAPIDS, MI 49507",-2.558715764282041e+18,Air Permit to Install Documents,AQD - Air,Permit
2026-07-08,2026.0,"AUNT MILLIE'S BAKERIES, PLYMOUTH",AIRPERMI,Air Permit to Install,https://mienviro.michigan.gov/ncore/downloadpdf/-126588602160110000,N8040,SM OPT OUT,45789 PORT ST,PLYMOUTH,48170.0,WAYNE,DETROIT,ZIMMERMANJ3,,,"45789 PORT ST, PLYMOUTH, MI 48170",-1.2658860216011e+17,Air Permit to Install Documents,AQD - Air,Permit
2026-07-07,2026.0,GENERAL MOTORS LANSING GRAND RIVER ASSEMBLY,SUBMISSI,Submission PDF,https://mienviro.michigan.gov/ncore/downloadpdf/894506245339276843,A1641,MAJOR,920  TOWNSEND ST.,LANSING,48933.0,INGHAM,LANSING,BYRNESR,,,"920  TOWNSEND ST., LANSING, MI 48933",8.945062453392768e+17,Form Submission Attachments,AQD - Air,Application/Request
2026-07-07,2026.0,"CITY ENVIRONMENTAL SERVICES LF, INC. OF HASTINGS",SUBMISSI,Submission PDF,https://mienviro.michigan.gov/ncore/downloadpdf/5324210130373304718,N2952,MAJOR,1899 N M-43 HWY,HASTINGS,49058.0,BARRY,GRAND RAPIDS,MORGAND2,,,"1899 N M-43 HWY, HASTINGS, MI 49058",5.324210130373304e+18,Form Submission Attachments,AQD - Air,Application/Request
2026-07-07,2026.0,GLWA WATER RESOURCE RECOVERY FACILITY,SUBMISSI,Submission PDF,https://mienviro.michigan.gov/ncore/downloadpdf/-4126970258695838152,B2103,MAJOR,9300 W. JEFFERSON AVE,DETROIT,48209.0,WAYNE,DETROIT,WEISS,,,"9300 W. JEFFERSON AVE, DETROIT, MI 48209",-4.126970258695838e+18,Form Submission Attachments,AQD - Air,Application/Request
2026-07-07,2026.0,WYANDOTTE DEPT MUNI POWER PLANT,SUBMISSI,Submission PDF,https://mienviro.michigan.gov/ncore/downloadpdf/-6057132027921073804,B2132,MAJOR,2555  VAN ALSTYNE,WYANDOTTE,48192.0,WAYNE,DETROIT,WEISS,,,"2555  VAN ALSTYNE, WYANDOTTE, MI 48192",-6.057132027921073e+18,Form Submission Attachments,AQD - Air,Application/Request
2026-07-07,2026.0,GLWA WATER RESOURCE RECOVERY FACILITY,NFORMDOC,nForm Document,https://mienviro.michigan.gov/ncore/downloadpdf/9141468434841736756,B2103,MAJOR,9300 W. JEFFERSON AVE,DETROIT,48209.0,WAYNE,DETROIT,WEISS,,,"9300 W. JEFFERSON AVE, DETROIT, MI 48209",9.141468434841736e+18,Form Submission Attachments,AQD - Air,Application/Request
2026-07-07,2026.0,GLWA WATER RESOURCE RECOVERY FACILITY,NFORMDOC,nForm Document,https://mienviro.michigan.gov/ncore/downloadpdf/-1541058692803564502,B2103,MAJOR,9300 W. JEFFERSON AVE,DETROIT,48209.0,WAYNE,DETROIT,WEISS,,,"9300 W. JEFFERSON AVE, DETROIT, MI 48209",-1.5410586928035643e+18,Form Submission Attachments,AQD - Air,Application/Request
2026-07-07,2026.0,EES COKE BATTERY L.L.C.,SUBMISSI,Submission PDF,https://mienviro.michigan.gov/ncore/downloadpdf/-6609002184122201905,P0408,MEGASITE,1400 Zug Island Road,RIVER ROUGE,48209.0,WAYNE,DETROIT,KOSTERK1,,,"1400 Zug Island Road, RIVER ROUGE, MI 48209",-6.609002184122202e+18,Form Submission Attachments,AQD - Air,Application/Request
2026-07-07,2026.0,LOCKHART CHEMICAL COMPANY,AGENDAFO,"Agenda for 7/8/2026 Weekly Update Meeting with City of Flint, EGLE, and the company.",https://mienviro.michigan.gov/ncore/downloadfile/-7143850863988678958,B6179,SM OPT OUT,4302 JAMES P COLE BLVD,FLINT,48505.0,GENESEE,LANSING,MCGEEND,,,"4302 JAMES P COLE BLVD, FLINT, MI 48505",-7.14385086398868e+18,Air Site Documents,,Site
2026-07-07,2026.0,"PLASTIC TRIM INTERNATIONAL, INC.",SUBMISSI,Submission PDF,https://mienviro.michigan.gov/ncore/downloadpdf/6265613018534128650,N3592,MINOR,935 AULERICH ROAD,EAST TAWAS,48730.0,IOSCO,BAY CITY,GENTLEN,,,"935 AULERICH ROAD, EAST TAWAS, MI 48730",6.265613018534129e+18,Form Submission Attachments,AQD - Air,Application/Request
2026-07-07,2026.0,GLWA WATER RESOURCE RECOVERY FACILITY,NFORMDOC,nForm Document,https://mienviro.michigan.gov/ncore/downloadpdf/-3773404948945199971,B2103,MAJOR,9300 W. JEFFERSON AVE,DETROIT,48209.0,WAYNE,DETROIT,WEISS,,,"9300 W. JEFFERSON AVE, DETROIT, MI 48209",-3.7734049489452e+18,Form Submission Attachments,AQD - Air,Application/Request
2026-07-07,2026.0,"PHARMACIA & UPJOHN CO LLC, A SUBSIDIARY OF PFIZER",SCHEDULE,Schedule - Air Quality Test Report Submittal,https://mienviro.michigan.gov/ncore/downloadpdf/8793184726776155579,B3610,MEGASITE,7000  Portage Road,KALAMAZOO,49001.0,KALAMAZOO,KALAMAZOO,BROTHERSM,,,"7000  Portage Road, KALAMAZOO, MI 49001",8.793184726776155e+18,Misc. Submittal Docs,AQD - Air,Application/Request
2026-07-07,2026.0,WYANDOTTE DEPT MUNI POWER PLANT,NFORMDOC,nForm Document,https://mienviro.michigan.gov/ncore/downloadpdf/5440755947270463698,B2132,MAJOR,2555  VAN ALSTYNE,WYANDOTTE,48192.0,WAYNE,DETROIT,WEISS,,,"2555  VAN ALSTYNE, WYANDOTTE, MI 48192",5.440755947270463e+18,Form Submission Attachments,AQD - Air,Application/Request
2026-07-07,2026.0,DTE GAS COMPANY - TAGGART COMPRESSOR STATION,AIRPERMI,Air Permit to Install,https://mienviro.michigan.gov/ncore/downloadpdf/-8415686811907221757,N3392,MAJOR,10450  NEVINS ROAD,SIX LAKES,48886.0,MONTCALM,GRAND RAPIDS,ROBINSONC17,,,"10450  NEVINS ROAD, SIX LAKES, MI 48886",-8.41568681190722e+18,Air Permit to Install Documents,AQD - Air,Permit
2026-07-07,2026.0,GENERAL MOTORS LANSING GRAND RIVER ASSEMBLY,NFORMDOC,nForm Document,https://mienviro.michigan.gov/ncore/downloadpdf/2789427339432323294,A1641,MAJOR,920  TOWNSEND ST.,LANSING,48933.0,INGHAM,LANSING,BYRNESR,,,"920  TOWNSEND ST., LANSING, MI 48933",2.789427339432323e+18,Form Submission Attachments,AQD - Air,Application/Request
2026-07-07,2026.0,WESTSIDE RECYCLING AND DISPOSAL FACILITY,SUBMISSI,Submission PDF,https://mienviro.michigan.gov/ncore/downloadpdf/1520065876338955296,N1216,MAJOR,14094 W. M-60,THREE RIVERS,49093.0,SAINT JOSEPH,KALAMAZOO,DESKINSM,,,"14094 W. M-60, THREE RIVERS, MI 49093",1.5200658763389553e+18,Form Submission Attachments,AQD - Air,Application/Request
2026-07-07,2026.0,WYANDOTTE DEPT MUNI POWER PLANT,NFORMDOC,nForm Document,https://mienviro.michigan.gov/ncore/downloadpdf/-5510701799307905022,B2132,MAJOR,2555  VAN ALSTYNE,WYANDOTTE,48192.0,WAYNE,DETROIT,WEISS,,,"2555  VAN ALSTYNE, WYANDOTTE, MI 48192",-5.510701799307905e+18,Form Submission Attachments,AQD - Air,Application/Request
2026-07-07,2026.0,DTE GAS COMPANY - TAGGART COMPRESSOR STATION,AIRPERMI,Air Permit to Install,https://mienviro.michigan.gov/ncore/downloadpdf/1952853859024311223,N3392,MAJOR,10450  NEVINS ROAD,SIX LAKES,48886.0,MONTCALM,GRAND RAPIDS,ROBINSONC17,,,"10450  NEVINS ROAD, SIX LAKES, MI 48886",1.952853859024312e+18,Air Permit to Install Documents,AQD - Air,Permit
2026-07-07,2026.0,PIONEER CABINETRY INC,ACO,Administrative Consent Order,https://mienviro.michigan.gov/ncore/downloadpdf/3487124147556368219,N2664,SM OPT OUT,301 W RISING,DAVISON,48423.0,GENESEE,LANSING,DAVISS46,ACO,Administrative Consent Order,"301 W RISING, DAVISON, MI 48423",3.487124147556368e+18,Air Enforcement Documents,AQD - Air,Compliance Action
2026-07-07,2026.0,GENERAL MOTORS LANSING GRAND RIVER ASSEMBLY,SUBMISSI,Submission PDF,https://mienviro.michigan.gov/ncore/downloadpdf/6934554795363945526,A1641,MAJOR,920  TOWNSEND ST.,LANSING,48933.0,INGHAM,LANSING,BYRNESR,,,"920  TOWNSEND ST., LANSING, MI 48933",6.934554795363945e+18,Form Submission Attachments,AQD - Air,Application/Request
2026-07-07,2026.0,"PLASTIC TRIM INTERNATIONAL, INC.",NFORMDOC,nForm Document,https://mienviro.michigan.gov/ncore/downloadpdf/1535535611991916596,N3592,MINOR,935 AULERICH ROAD,EAST TAWAS,48730.0,IOSCO,BAY CITY,GENTLEN,,,"935 AULERICH ROAD, EAST TAWAS, MI 48730",1.5355356119919163e+18,Form Submission Attachments,AQD - Air,Application/Request
2026-07-06,2026.0,CONSUMERS ENERGY - FREEDOM COMPRESSOR STATION,NFORMDOC,nForm Document,https://mienviro.michigan.gov/ncore/downloadpdf/-7241060376670393592,N3920,MAJOR,12201  PLEASANT LAKE RD,MANCHESTER,48158.0,WASHTENAW,JACKSON,KOVALCHICKM,,,"12201  PLEASANT LAKE RD, MANCHESTER, MI 48158",-7.241060376670393e+18,Form Submission Attachments,AQD - Air,Application/Request
2026-07-06,2026.0,ANR PIPELINE CO. - GOODWELL COMPRESSOR STATION,PROPOSED,Proposed Staff Report – An explanation of the technical details and the rules and regulations that apply to the permit.,https://mienviro.michigan.gov/ncore/downloadpdf/-8077343778718538377,N5576,MAJOR,6759  East Five Mile Rd.,WHITE CLOUD,49349.0,NEWAYGO,GRAND RAPIDS,ROBINSONC17,,,"6759  East Five Mile Rd., WHITE CLOUD, MI 49349",-8.077343778718538e+18,Air Application Documents,AQD - Air,Application/Request
2026-07-06,2026.0,"PHARMACIA & UPJOHN CO LLC, A SUBSIDIARY OF PFIZER",NFORMDOC,nForm Document,https://mienviro.michigan.gov/ncore/downloadpdf/-6874934169128068517,B3610,MEGASITE,7000  Portage Road,KALAMAZOO,49001.0,KALAMAZOO,KALAMAZOO,BROTHERSM,,,"7000  Portage Road, KALAMAZOO, MI 49001",-6.874934169128069e+18,Form Submission Attachments,AQD - Air,Application/Request
2026-07-06,2026.0,"PHARMACIA & UPJOHN CO LLC, A SUBSIDIARY OF PFIZER",SUBMISSI,Submission PDF,https://mienviro.michigan.gov/ncore/downloadpdf/5093644492346644792,B3610,MEGASITE,7000  Portage Road,KALAMAZOO,49001.0,KALAMAZOO,KALAMAZOO,BROTHERSM,,,"7000  Portage Road, KALAMAZOO, MI 49001",5.093644492346644e+18,Form Submission Attachments,AQD - Air,Application/Request
2026-07-06,2026.0,CONSUMERS ENERGY - FREEDOM COMPRESSOR STATION,NFORMDOC,nForm Document,https://mienviro.michigan.gov/ncore/downloadpdf/-4051679933340370321,N3920,MAJOR,12201  PLEASANT LAKE RD,MANCHESTER,48158.0,WASHTENAW,JACKSON,KOVALCHICKM,,,"12201  PLEASANT LAKE RD, MANCHESTER, MI 48158",-4.0516799333403694e+18,Form Submission Attachments,AQD - Air,Application/Request
2026-07-06,2026.0,FCA US LLC - JEFFERSON NORTH ASSEMBLY PLANT,NFORMDOC,nForm Document,https://mienviro.michigan.gov/ncore/downloadpdf/6776239551936710434,N2155,MAJOR,2101  CONNER AVE,DETROIT,48215.0,WAYNE,DETROIT,BYRNESR,,,"2101  CONNER AVE, DETROIT, MI 48215",6.776239551936711e+18,Form Submission Attachments,AQD - Air,Application/Request
2026-07-06,2026.0,VENTRA FOWLERVILLE LLC,ACO,Administrative Consent Order,https://mienviro.michigan.gov/ncore/downloadpdf/-5807317828200033530,N7413,MAJOR,8887 WEST GRAND RIVER AVENUE,FOWLERVILLE,48836.0,LIVINGSTON,LANSING,BYRNESR,ACO,Administrative Consent Order,"8887 WEST GRAND RIVER AVENUE, FOWLERVILLE, MI 48836",-5.807317828200033e+18,Air Enforcement Documents,AQD - Air,Compliance Action
2026-07-06,2026.0,SAUK TRAIL HILLS DEVELOPMENT,SUBMISSI,Submission PDF,https://mienviro.michigan.gov/ncore/downloadpdf/-5109422902839254071,N6009,MAJOR,5011 S LILLEY RD,CANTON TWP,48188.0,WAYNE,DETROIT,LAMBJ1,,,"5011 S LILLEY RD, CANTON TWP, MI 48188",-5.109422902839254e+18,Form Submission Attachments,AQD - Air,Application/Request
2026-07-06,2026.0,FCA US LLC - JEFFERSON NORTH ASSEMBLY PLANT,NFORMDOC,nForm Document,https://mienviro.michigan.gov/ncore/downloadpdf/3594745121618288114,N2155,MAJOR,2101  CONNER AVE,DETROIT,48215.0,WAYNE,DETROIT,BYRNESR,,,"2101  CONNER AVE, DETROIT, MI 48215",3.594745121618288e+18,Form Submission Attachments,AQD - Air,Application/Request
2026-07-06,2026.0,"PHARMACIA & UPJOHN CO LLC, A SUBSIDIARY OF PFIZER",NFORMDOC,nForm Document,https://mienviro.michigan.gov/ncore/downloadpdf/-7586434903073792242,B3610,MEGASITE,7000  Portage Road,KALAMAZOO,49001.0,KALAMAZOO,KALAMAZOO,BROTHERSM,,,"7000  Portage Road, KALAMAZOO, MI 49001",-7.586434903073792e+18,Form Submission Attachments,AQD - Air,Application/Request
2026-07-06,2026.0,"PHARMACIA & UPJOHN CO LLC, A SUBSIDIARY OF PFIZER",SUBMISSI,Submission PDF,https://mienviro.michigan.gov/ncore/downloadpdf/-8982389275963668076,B3610,MEGASITE,7000  Portage Road,KALAMAZOO,49001.0,KALAMAZOO,KALAMAZOO,BROTHERSM,,,"7000  Portage Road, KALAMAZOO, MI 49001",-8.982389275963667e+18,Form Submission Attachments,AQD - Air,Application/Request
2026-07-06,2026.0,"PHARMACIA & UPJOHN CO LLC, A SUBSIDIARY OF PFIZER",SUBMISSI,Submission PDF,https://mienviro.michigan.gov/ncore/downloadpdf/7660931417727363928,B3610,MEGASITE,7000  Portage Road,KALAMAZOO,49001.0,KALAMAZOO,KALAMAZOO,BROTHERSM,,,"7000  Portage Road, KALAMAZOO, MI 49001",7.660931417727365e+18,Form Submission Attachments,AQD - Air,Application/Request
2026-07-06,2026.0,ANR PIPELINE CO. - GOODWELL COMPRESSOR STATION,RENEWABL,Renewable Operating Permit containing permit conditions for the facility.,https://mienviro.michigan.gov/ncore/downloadpdf/3626164468674486080,N5576,MAJOR,6759  East Five Mile Rd.,WHITE CLOUD,49349.0,NEWAYGO,GRAND RAPIDS,ROBINSONC17,,,"6759  East Five Mile Rd., WHITE CLOUD, MI 49349",3.6261644686744863e+18,Air Application Documents,AQD - Air,Application/Request
2026-07-06,2026.0,CITY OF MIDLAND UTILITIES DIVISION,SUBMISSI,Submission PDF,https://mienviro.michigan.gov/ncore/downloadpdf/-9222300574344495155,N6004,MAJOR,4311 E. Ashman St.,MIDLAND,48642.0,MIDLAND,BAY CITY,MCCANNG2,,,"4311 E. Ashman St., MIDLAND, MI 48642",-9.222300574344496e+18,Form Submission Attachments,AQD - Air,Application/Request
2026-07-06,2026.0,NWH ROOF & FLOOR TRUSS SYSTEMS,AIRPERMI,Air Permit to Install,https://mienviro.michigan.gov/ncore/downloadpdf/7897186038587604113,N3109,MINOR,16775 Industrial Parkway,LANSING,48906.0,CLINTON,LANSING,DAVISS46,,,"16775 Industrial Parkway, LANSING, MI 48906",7.897186038587603e+18,Air Permit to Install Documents,AQD - Air,Permit
2026-07-06,2026.0,CITY OF MIDLAND UTILITIES DIVISION,NFORMDOC,nForm Document,https://mienviro.michigan.gov/ncore/downloadpdf/-2683044139300604392,N6004,MAJOR,4311 E. Ashman St.,MIDLAND,48642.0,MIDLAND,BAY CITY,MCCANNG2,,,"4311 E. Ashman St., MIDLAND, MI 48642",-2.6830441393006044e+18,Form Submission Attachments,AQD - Air,Application/Request
2026-07-06,2026.0,NWH ROOF & FLOOR TRUSS SYSTEMS,AIRPERMI,Air Permit to Install,https://mienviro.michigan.gov/ncore/downloadpdf/4873235592538169817,N3109,MINOR,16775 Industrial Parkway,LANSING,48906.0,CLINTON,LANSING,DAVISS46,,,"16775 Industrial Parkway, LANSING, MI 48906",4.873235592538169e+18,Air Permit to Install Documents,AQD - Air,Permit
2026-07-06,2026.0,VENTRA FOWLERVILLE LLC,ACO,Administrative Consent Order,https://mienviro.michigan.gov/ncore/downloadpdf/6485039660268073252,N7413,MAJOR,8887 WEST GRAND RIVER AVENUE,FOWLERVILLE,48836.0,LIVINGSTON,LANSING,BYRNESR,ACO,Administrative Consent Order,"8887 WEST GRAND RIVER AVENUE, FOWLERVILLE, MI 48836",6.485039660268073e+18,Air Enforcement Documents,AQD - Air,Compliance Action
2026-07-06,2026.0,CITY OF MIDLAND UTILITIES DIVISION,NFORMDOC,nForm Document,https://mienviro.michigan.gov/ncore/downloadpdf/-3661456498357395292,N6004,MAJOR,4311 E. Ashman St.,MIDLAND,48642.0,MIDLAND,BAY CITY,MCCANNG2,,,"4311 E. Ashman St., MIDLAND, MI 48642",-3.661456498357396e+18,Form Submission Attachments,AQD - Air,Application/Request
2026-07-06,2026.0,FCA US LLC - JEFFERSON NORTH ASSEMBLY PLANT,SUBMISSI,Submission PDF,https://mienviro.michigan.gov/ncore/downloadpdf/6272198357438546396,N2155,MAJOR,2101  CONNER AVE,DETROIT,48215.0,WAYNE,DETROIT,BYRNESR,,,"2101  CONNER AVE, DETROIT, MI 48215",6.272198357438546e+18,Form Submission Attachments,AQD - Air,Application/Request
2026-07-06,2026.0,CONSUMERS ENERGY - FREEDOM COMPRESSOR STATION,SUBMISSI,Submission PDF,https://mienviro.michigan.gov/ncore/downloadpdf/-2588028283933611536,N3920,MAJOR,12201  PLEASANT LAKE RD,MANCHESTER,48158.0,WASHTENAW,JACKSON,KOVALCHICKM,,,"12201  PLEASANT LAKE RD, MANCHESTER, MI 48158",-2.5880282839336115e+18,Form Submission Attachments,AQD - Air,Application/Request
2026-07-03,2026.0,WOLVERINE POWER SUPPLY CO-OP - ALPINE POWER PLANT,NFORMDOC,nForm Document,https://mienviro.michigan.gov/ncore/downloadpdf/6260104529717652373,P0582,MAJOR,7432 M-32 Highway,ELMIRA,49730.0,OTSEGO,GAYLORD,BOWMAND7,,,"7432 M-32 Highway, ELMIRA, MI 49730",6.260104529717652e+18,Form Submission Attachments,AQD - Air,Application/Request
2026-07-03,2026.0,WOLVERINE POWER SUPPLY CO-OP - ALPINE POWER PLANT,SUBMISSI,Submission PDF,https://mienviro.michigan.gov/ncore/downloadpdf/3006904243451770651,P0582,MAJOR,7432 M-32 Highway,ELMIRA,49730.0,OTSEGO,GAYLORD,BOWMAND7,,,"7432 M-32 Highway, ELMIRA, MI 49730",3.0069042434517704e+18,Form Submission Attachments,AQD - Air,Application/Request
2026-07-03,2026.0,WOLVERINE POWER SUPPLY CO-OP - ALPINE POWER PLANT,NFORMDOC,nForm Document,https://mienviro.michigan.gov/ncore/downloadpdf/-5155278134056551512,P0582,MAJOR,7432 M-32 Highway,ELMIRA,49730.0,OTSEGO,GAYLORD,BOWMAND7,,,"7432 M-32 Highway, ELMIRA, MI 49730",-5.155278134056552e+18,Form Submission Attachments,AQD - Air,Application/Request
2026-07-03,2026.0,WOLVERINE POWER SUPPLY CO-OP - ALPINE POWER PLANT,NFORMDOC,nForm Document,https://mienviro.michigan.gov/ncore/downloadpdf/3638087194511668944,P0582,MAJOR,7432 M-32 Highway,ELMIRA,49730.0,OTSEGO,GAYLORD,BOWMAND7,,,"7432 M-32 Highway, ELMIRA, MI 49730",3.6380871945116687e+18,Form Submission Attachments,AQD - Air,Application/Request
2026-07-02,2026.0,ULTIUM CELLS LLC,NFORMDOC,nForm Document,https://mienviro.michigan.gov/ncore/downloadpdf/6524697043802963840,P1269,,7111 DAVIS HWY,LANSING,48917.0,EATON,LANSING,,,,"7111 DAVIS HWY, LANSING, MI 48917",6.524697043802964e+18,Form Submission Attachments,AQD - Air,Application/Request
2026-07-02,2026.0,WORTHEN COATED FABRICS,NFORMDOC,nForm Document,https://mienviro.michigan.gov/ncore/downloadpdf/4524733515750765418,P0634,MAJOR,1125 41st Street SE,GRAND RAPIDS,49508.0,KENT,GRAND RAPIDS,LAZZAROA1,,,"1125 41st Street SE, GRAND RAPIDS, MI 49508",4.5247335157507645e+18,Form Submission Attachments,AQD - Air,Application/Request
2026-07-02,2026.0,O-N MINERALS(MICHIGAN) COMPANY DBA CARMEUSE LIME,PACKAGEF,Package Form - Air Construction Waiver Request Form (Rule 202),https://mienviro.michigan.gov/ncore/downloadpdf/2465552786467692273,B4925,MINOR,1035 CALCITE RD,ROGERS CITY,49779.0,PRESQUE ISLE,GAYLORD,BOWMAND7,,,"1035 CALCITE RD, ROGERS CITY, MI 49779",2.465552786467692e+18,Air Application Documents,AQD - Air,Application/Request
2026-07-02,2026.0,CARGILL SALT - ST. CLAIR,NFORMDOC,nForm Document,https://mienviro.michigan.gov/ncore/downloadpdf/664375446643414175,A6240,MINOR,916 S. RIVERSIDE AVE.,SAINT CLAIR,48079.0,SAINT CLAIR,WARREN,ELMOUCHIR,,,"916 S. RIVERSIDE AVE., SAINT CLAIR, MI 48079",6.643754466434141e+17,Form Submission Attachments,AQD - Air,Application/Request
2026-07-02,2026.0,STATELINE CRUSHING,NFORMDOC,nForm Document,https://mienviro.michigan.gov/ncore/downloadpdf/4110034962382023519,P0622,MINOR,7061 Dexter Ann Arbor Rd,DEXTER,48130.0,WASHTENAW,JACKSON,KOVALCHICKM,,,"7061 Dexter Ann Arbor Rd, DEXTER, MI 48130",4.110034962382024e+18,Form Submission Attachments,AQD - Air,Application/Request
2026-07-02,2026.0,ULTIUM CELLS LLC,SUBMISSI,Submission PDF,https://mienviro.michigan.gov/ncore/downloadpdf/5778493365388002536,P1269,,7111 DAVIS HWY,LANSING,48917.0,EATON,LANSING,,,,"7111 DAVIS HWY, LANSING, MI 48917",5.778493365388002e+18,Form Submission Attachments,AQD - Air,Application/Request
2026-07-02,2026.0,ULTIUM CELLS LLC,NFORMDOC,nForm Document,https://mienviro.michigan.gov/ncore/downloadpdf/1008072311807631566,P1269,,7111 DAVIS HWY,LANSING,48917.0,EATON,LANSING,,,,"7111 DAVIS HWY, LANSING, MI 48917",1.0080723118076316e+18,Form Submission Attachments,AQD - Air,Application/Request
2026-07-02,2026.0,ULTIUM CELLS LLC,SUBMISSI,Submission PDF,https://mienviro.michigan.gov/ncore/downloadpdf/-1321298261202714581,P1269,,7111 DAVIS HWY,LANSING,48917.0,EATON,LANSING,,,,"7111 DAVIS HWY, LANSING, MI 48917",-1.3212982612027144e+18,Form Submission Attachments,AQD - Air,Application/Request
2026-07-02,2026.0,WORTHEN COATED FABRICS,SUBMISSI,Submission PDF,https://mienviro.michigan.gov/ncore/downloadpdf/1768879376331844172,P0634,MAJOR,1125 41st Street SE,GRAND RAPIDS,49508.0,KENT,GRAND RAPIDS,LAZZAROA1,,,"1125 41st Street SE, GRAND RAPIDS, MI 49508",1.768879376331844e+18,Form Submission Attachments,AQD - Air,Application/Request
2026-07-02,2026.0,THOMPSON RECYCLE CO,NFORMDOC,nForm Document,https://mienviro.michigan.gov/ncore/downloadpdf/4978485185276504891,N5408,MINOR,7061 Dexter Ann Arbor Rd,DEXTER,48130.0,WASHTENAW,JACKSON,KOVALCHICKM,,,"7061 Dexter Ann Arbor Rd, DEXTER, MI 48130",4.978485185276505e+18,Form Submission Attachments,AQD - Air,Application/Request
2026-07-02,2026.0,ULTIUM CELLS LLC,NFORMDOC,nForm Document,https://mienviro.michigan.gov/ncore/downloadpdf/3064112534472605707,P1269,,7111 DAVIS HWY,LANSING,48917.0,EATON,LANSING,,,,"7111 DAVIS HWY, LANSING, MI 48917",3.0641125344726057e+18,Form Submission Attachments,AQD - Air,Application/Request
2026-07-02,2026.0,STATELINE CRUSHING,NFORMDOC,nForm Document,https://mienviro.michigan.gov/ncore/downloadpdf/2981626427943831364,P0622,MINOR,7061 Dexter Ann Arbor Rd,DEXTER,48130.0,WASHTENAW,JACKSON,KOVALCHICKM,,,"7061 Dexter Ann Arbor Rd, DEXTER, MI 48130",2.981626427943832e+18,Form Submission Attachments,AQD - Air,Application/Request
2026-07-02,2026.0,CARGILL SALT - ST. CLAIR,NFORMDOC,nForm Document,https://mienviro.michigan.gov/ncore/downloadpdf/-6645159004036021844,A6240,MINOR,916 S. RIVERSIDE AVE.,SAINT CLAIR,48079.0,SAINT CLAIR,WARREN,ELMOUCHIR,,,"916 S. RIVERSIDE AVE., SAINT CLAIR, MI 48079",-6.645159004036021e+18,Form Submission Attachments,AQD - Air,Application/Request
2026-07-02,2026.0,PITSCH SANITARY LANDFILL,EMAILCOR,Email correspondence regarding Tier 2 test plan and approval letter,https://mienviro.michigan.gov/ncore/downloadfile/5536722336576885115,N5619,MAJOR,7905 Johnson Rd,BELDING,48809.0,IONIA,GRAND RAPIDS,MORGAND2,,,"7905 Johnson Rd, BELDING, MI 48809",5.536722336576885e+18,Misc. Submittal Docs,AQD - Air,Application/Request
2026-07-02,2026.0,THOMPSON RECYCLE CO,NFORMDOC,nForm Document,https://mienviro.michigan.gov/ncore/downloadpdf/-7048493466652562294,N5408,MINOR,7061 Dexter Ann Arbor Rd,DEXTER,48130.0,WASHTENAW,JACKSON,KOVALCHICKM,,,"7061 Dexter Ann Arbor Rd, DEXTER, MI 48130",-7.048493466652561e+18,Form Submission Attachments,AQD - Air,Application/Request
2026-07-02,2026.0,THOMPSON RECYCLE CO,SUBMISSI,Submission PDF,https://mienviro.michigan.gov/ncore/downloadpdf/-4789962358139919121,N5408,MINOR,7061 Dexter Ann Arbor Rd,DEXTER,48130.0,WASHTENAW,JACKSON,KOVALCHICKM,,,"7061 Dexter Ann Arbor Rd, DEXTER, MI 48130",-4.789962358139919e+18,Form Submission Attachments,AQD - Air,Application/Request
2026-07-02,2026.0,STATELINE CRUSHING,NFORMDOC,nForm Document,https://mienviro.michigan.gov/ncore/downloadpdf/1518315421812101623,P0622,MINOR,7061 Dexter Ann Arbor Rd,DEXTER,48130.0,WASHTENAW,JACKSON,KOVALCHICKM,,,"7061 Dexter Ann Arbor Rd, DEXTER, MI 48130",1.5183154218121016e+18,Form Submission Attachments,AQD - Air,Application/Request
2026-07-02,2026.0,PITSCH SANITARY LANDFILL,SUBMISSI,Submission PDF,https://mienviro.michigan.gov/ncore/downloadpdf/-667978863792713695,N5619,MAJOR,7905 Johnson Rd,BELDING,48809.0,IONIA,GRAND RAPIDS,MORGAND2,,,"7905 Johnson Rd, BELDING, MI 48809",-6.679788637927137e+17,Form Submission Attachments,AQD - Air,Application/Request
2026-07-02,2026.0,STATELINE CRUSHING,SUBMISSI,Submission PDF,https://mienviro.michigan.gov/ncore/downloadpdf/1302372657658192939,P0622,MINOR,7061 Dexter Ann Arbor Rd,DEXTER,48130.0,WASHTENAW,JACKSON,KOVALCHICKM,,,"7061 Dexter Ann Arbor Rd, DEXTER, MI 48130",1.302372657658193e+18,Form Submission Attachments,AQD - Air,Application/Request
2026-07-02,2026.0,THOMPSON RECYCLE CO,NFORMDOC,nForm Document,https://mienviro.michigan.gov/ncore/downloadpdf/-8623956591823355785,N5408,MINOR,7061 Dexter Ann Arbor Rd,DEXTER,48130.0,WASHTENAW,JACKSON,KOVALCHICKM,,,"7061 Dexter Ann Arbor Rd, DEXTER, MI 48130",-8.623956591823355e+18,Form Submission Attachments,AQD - Air,Application/Request
2026-07-02,2026.0,CARGILL SALT - ST. CLAIR,SUBMISSI,Submission PDF,https://mienviro.michigan.gov/ncore/downloadpdf/-7960067630771111014,A6240,MINOR,916 S. RIVERSIDE AVE.,SAINT CLAIR,48079.0,SAINT CLAIR,WARREN,ELMOUCHIR,,,"916 S. RIVERSIDE AVE., SAINT CLAIR, MI 48079",-7.96006763077111e+18,Form Submission Attachments,AQD - Air,Application/Request
2026-07-02,2026.0,WORTHEN COATED FABRICS,NFORMDOC,nForm Document,https://mienviro.michigan.gov/ncore/downloadpdf/7180223106946003760,P0634,MAJOR,1125 41st Street SE,GRAND RAPIDS,49508.0,KENT,GRAND RAPIDS,LAZZAROA1,,,"1125 41st Street SE, GRAND RAPIDS, MI 49508",7.180223106946004e+18,Form Submission Attachments,AQD - Air,Application/Request
2026-07-02,2026.0,ULTIUM CELLS LLC,NFORMDOC,nForm Document,https://mienviro.michigan.gov/ncore/downloadpdf/-3132965657032478764,P1269,,7111 DAVIS HWY,LANSING,48917.0,EATON,LANSING,,,,"7111 DAVIS HWY, LANSING, MI 48917",-3.1329656570324787e+18,Form Submission Attachments,AQD - Air,Application/Request
2026-07-01,2026.0,MEG'S HAULING,SUBMISSI,Submission PDF,https://mienviro.michigan.gov/ncore/downloadpdf/5288833717478872501,P1280,MINOR,67401 Brian Drive, RAY TWP,48096.0,MACOMB,,,,,"67401 Brian Drive, Ray Twp, MI 48096",5.288833717478873e+18,Form Submission Attachments,AQD - Air,Application/Request
2026-07-01,2026.0,MEG'S HAULING,NFORMDOC,nForm Document,https://mienviro.michigan.gov/ncore/downloadpdf/3207508281312522887,P1280,MINOR,67401 Brian Drive, RAY TWP,48096.0,MACOMB,,,,,"67401 Brian Drive, Ray Twp, MI 48096",3.207508281312523e+18,Form Submission Attachments,AQD - Air,Application/Request
2026-07-01,2026.0,BAY CARBON INC,SUBMISSI,Submission PDF,https://mienviro.michigan.gov/ncore/downloadpdf/-6615027978933204659,N1832,MINOR,800 MARQUETTE ST,BAY CITY,48706.0,BAY,BAY CITY,BREWERK,,,"800 MARQUETTE ST, BAY CITY, MI 48706",-6.615027978933205e+18,Form Submission Attachments,AQD - Air,Application/Request
2026-07-01,2026.0,TOEFCO ENGINEERED COATING SYSTEMS,NFORMDOC,nForm Document,https://mienviro.michigan.gov/ncore/downloadpdf/-7759953260337841379,N2610,MAJOR,1220 N 14th St,NILES,49120.0,BERRIEN,KALAMAZOO,DESKINSM,,,"1220 N 14th St, NILES, MI 49120",-7.759953260337841e+18,Form Submission Attachments,AQD - Air,Application/Request
2026-07-01,2026.0,"FAURECIA INTERIOR SYSTEMS SALINE, LLC",2NDADDIT,2nd Additional Information Request sent to company from AQD on 7/1/2026.,https://mienviro.michigan.gov/ncore/downloadfile/5123411317759647848,B2063,MAJOR,7700  MICHIGAN AVE,SALINE,48176.0,WASHTENAW,JACKSON,WEEMSS,,,"7700  MICHIGAN AVE, SALINE, MI 48176",5.123411317759648e+18,Air Application Documents,AQD - Air,Application/Request
2026-07-01,2026.0,HOLCIM (US) INC. DBA LAFARGE ALPENA PLANT,SCHEDULE,Schedule - Air Quality Test Plan Submittal,https://mienviro.michigan.gov/ncore/downloadfile/8937841425401905411,B1477,MAJOR,1435  Ford Avenue,ALPENA,49707.0,ALPENA,CADILLAC,CHILDSK,,,"1435  Ford Avenue, ALPENA, MI 49707",8.937841425401905e+18,Misc. Submittal Docs,AQD - Air,Application/Request
2026-07-01,2026.0,"DENSO MANUFACTURING MICHIGAN, INC.",NFORMDOC,nForm Document,https://mienviro.michigan.gov/ncore/downloadpdf/-5056805726951680034,N1192,MAJOR,One Denso Road,BATTLE CREEK,49037.0,CALHOUN,KALAMAZOO,CHAPELA,,,"One Denso Road, BATTLE CREEK, MI 49037",-5.05680572695168e+18,Form Submission Attachments,AQD - Air,Application/Request
2026-07-01,2026.0,"M.S.V. CONSTRUCTION, INC.",NFORMDOC,nForm Document,https://mienviro.michigan.gov/ncore/downloadpdf/3024643392000663057,P0546,MINOR,7757 Creekwood Drive,ALTO,49302.0,KENT,GRAND RAPIDS,LAZZAROA1,,,"7757 Creekwood Drive, ALTO, MI 49302",3.024643392000663e+18,Form Submission Attachments,AQD - Air,Application/Request
2026-07-01,2026.0,CONSUMERS ENERGY - FREEDOM COMPRESSOR STATION,NFORMDOC,nForm Document,https://mienviro.michigan.gov/ncore/downloadpdf/7823428345623160327,N3920,MAJOR,12201  PLEASANT LAKE RD,MANCHESTER,48158.0,WASHTENAW,JACKSON,KOVALCHICKM,,,"12201  PLEASANT LAKE RD, MANCHESTER, MI 48158",7.82342834562316e+18,Form Submission Attachments,AQD - Air,Application/Request
2026-07-01,2026.0,CONSUMERS ENERGY - FREEDOM COMPRESSOR STATION,NFORMDOC,nForm Document,https://mienviro.michigan.gov/ncore/downloadpdf/4309172796110428978,N3920,MAJOR,12201  PLEASANT LAKE RD,MANCHESTER,48158.0,WASHTENAW,JACKSON,KOVALCHICKM,,,"12201  PLEASANT LAKE RD, MANCHESTER, MI 48158",4.3091727961104287e+18,Form Submission Attachments,AQD - Air,Application/Request
2026-07-01,2026.0,"M.S.V. CONSTRUCTION, INC.",NFORMDOC,nForm Document,https://mienviro.michigan.gov/ncore/downloadpdf/8093923689558444563,P0546,MINOR,7757 Creekwood Drive,ALTO,49302.0,KENT,GRAND RAPIDS,LAZZAROA1,,,"7757 Creekwood Drive, ALTO, MI 49302",8.093923689558445e+18,Form Submission Attachments,AQD - Air,Application/Request
2026-07-01,2026.0,"M.S.V. CONSTRUCTION, INC.",NFORMDOC,nForm Document,https://mienviro.michigan.gov/ncore/downloadpdf/1158276116677567029,P0546,MINOR,7757 Creekwood Drive,ALTO,49302.0,KENT,GRAND RAPIDS,LAZZAROA1,,,"7757 Creekwood Drive, ALTO, MI 49302",1.158276116677567e+18,Form Submission Attachments,AQD - Air,Application/Request
2026-07-01,2026.0,ANR PIPELINE COMPANY - HAMILTON COMPRESSOR STATION,TESTOBSE,Test Observation (06/30/2026),https://mienviro.michigan.gov/ncore/downloadpdf/756558709535640546,N5574,MAJOR,4193  134th Ave,HAMILTON,49419.0,ALLEGAN,KALAMAZOO,YAZZIEC,,,"4193  134th Ave, HAMILTON, MI 49419",7.565587095356404e+17,Inspection Report,AQD - Air,Evaluation
2026-07-01,2026.0,BAY CARBON INC,NFORMDOC,nForm Document,https://mienviro.michigan.gov/ncore/downloadpdf/7999208463835565721,N1832,MINOR,800 MARQUETTE ST,BAY CITY,48706.0,BAY,BAY CITY,BREWERK,,,"800 MARQUETTE ST, BAY CITY, MI 48706",7.999208463835565e+18,Form Submission Attachments,AQD - Air,Application/Request
2026-07-01,2026.0,BAY CARBON INC,NFORMDOC,nForm Document,https://mienviro.michigan.gov/ncore/downloadpdf/5406519990540089336,N1832,MINOR,800 MARQUETTE ST,BAY CITY,48706.0,BAY,BAY CITY,BREWERK,,,"800 MARQUETTE ST, BAY CITY, MI 48706",5.406519990540088e+18,Form Submission Attachments,AQD - Air,Application/Request
2026-07-01,2026.0,"M.S.V. CONSTRUCTION, INC.",SUBMISSI,Submission PDF,https://mienviro.michigan.gov/ncore/downloadpdf/1522156354578945423,P0546,MINOR,7757 Creekwood Drive,ALTO,49302.0,KENT,GRAND RAPIDS,LAZZAROA1,,,"7757 Creekwood Drive, ALTO, MI 49302",1.5221563545789453e+18,Form Submission Attachments,AQD - Air,Application/Request
2026-07-01,2026.0,BAY CARBON INC,SUBMISSI,Submission PDF,https://mienviro.michigan.gov/ncore/downloadpdf/-4128550349844843795,N1832,MINOR,800 MARQUETTE ST,BAY CITY,48706.0,BAY,BAY CITY,BREWERK,,,"800 MARQUETTE ST, BAY CITY, MI 48706",-4.128550349844844e+18,Form Submission Attachments,AQD - Air,Application/Request
2026-07-01,2026.0,INDECK NILES LLC,MAPAPPRO,MAP Approval Letter,https://mienviro.michigan.gov/ncore/downloadpdf/7032481205613461026,N6921,,2200 Progressive Ave,NILES,49120.0,CASS,KALAMAZOO,BENAWAYR,,,"2200 Progressive Ave, NILES, MI 49120",7.03248120561346e+18,Air Site Documents,,Site
2026-07-01,2026.0,MPLX TERMINALS LLC - NILES TERMINAL,EQUIPMEN,Equipment/Emissions Submission,https://mienviro.michigan.gov/ncore/downloadpdf/1156704316302064204,B9073,MAJOR,2216 S. Third  St.,NILES,49120.0,BERRIEN,KALAMAZOO,DESKINSM,,,"2216 S. Third  St., NILES, MI 49120",1.156704316302064e+18,Equipment/Emissions Documents,,Application/Request
2026-07-01,2026.0,BAY CARBON INC,NFORMDOC,nForm Document,https://mienviro.michigan.gov/ncore/downloadpdf/3247896169527615168,N1832,MINOR,800 MARQUETTE ST,BAY CITY,48706.0,BAY,BAY CITY,BREWERK,,,"800 MARQUETTE ST, BAY CITY, MI 48706",3.247896169527615e+18,Form Submission Attachments,AQD - Air,Application/Request
2026-07-01,2026.0,TOEFCO ENGINEERED COATING SYSTEMS,SUBMISSI,Submission PDF,https://mienviro.michigan.gov/ncore/downloadpdf/-2490185664526474020,N2610,MAJOR,1220 N 14th St,NILES,49120.0,BERRIEN,KALAMAZOO,DESKINSM,,,"1220 N 14th St, NILES, MI 49120",-2.490185664526474e+18,Form Submission Attachments,AQD - Air,Application/Request
2026-07-01,2026.0,"M.S.V. CONSTRUCTION, INC.",NFORMDOC,nForm Document,https://mienviro.michigan.gov/ncore/downloadpdf/6648167892657282587,P0546,MINOR,7757 Creekwood Drive,ALTO,49302.0,KENT,GRAND RAPIDS,LAZZAROA1,,,"7757 Creekwood Drive, ALTO, MI 49302",6.648167892657282e+18,Form Submission Attachments,AQD - Air,Application/Request
2026-07-01,2026.0,J. H. CAMPBELL PLANT,SUBMISSI,Submission PDF,https://mienviro.michigan.gov/ncore/downloadpdf/-4123694285568870916,B2835,MAJOR,17000  Croswell,WEST OLIVE,49460.0,OTTAWA,GRAND RAPIDS,DEVRIESK1,,,"17000  Croswell, WEST OLIVE, MI 49460",-4.123694285568872e+18,Form Submission Attachments,AQD - Air,Application/Request
2026-07-01,2026.0,J. H. CAMPBELL PLANT,NFORMDOC,nForm Document,https://mienviro.michigan.gov/ncore/downloadpdf/1416696878624284900,B2835,MAJOR,17000  Croswell,WEST OLIVE,49460.0,OTTAWA,GRAND RAPIDS,DEVRIESK1,,,"17000  Croswell, WEST OLIVE, MI 49460",1.4166968786242847e+18,Form Submission Attachments,AQD - Air,Application/Request
2026-07-01,2026.0,BAY CARBON INC,SUBMISSI,Submission PDF,https://mienviro.michigan.gov/ncore/downloadpdf/-8910948945076827043,N1832,MINOR,800 MARQUETTE ST,BAY CITY,48706.0,BAY,BAY CITY,BREWERK,,,"800 MARQUETTE ST, BAY CITY, MI 48706",-8.910948945076827e+18,Form Submission Attachments,AQD - Air,Application/Request
2026-07-01,2026.0,BAY CARBON INC,NFORMDOC,nForm Document,https://mienviro.michigan.gov/ncore/downloadpdf/8710598688851719377,N1832,MINOR,800 MARQUETTE ST,BAY CITY,48706.0,BAY,BAY CITY,BREWERK,,,"800 MARQUETTE ST, BAY CITY, MI 48706",8.710598688851718e+18,Form Submission Attachments,AQD - Air,Application/Request
2026-07-01,2026.0,DETROIT THERMAL  BEACON HEATING PLANT,NFORMDOC,nForm Document,https://mienviro.michigan.gov/ncore/downloadpdf/4975249435487550380,B2814,MAJOR,541  MADISON AVE,DETROIT,48226.0,WAYNE,DETROIT,LIVESONS2,,,"541  MADISON AVE, DETROIT, MI 48226",4.97524943548755e+18,Form Submission Attachments,AQD - Air,Application/Request
2026-07-01,2026.0,BAY CARBON INC,NFORMDOC,nForm Document,https://mienviro.michigan.gov/ncore/downloadpdf/1757075998643702738,N1832,MINOR,800 MARQUETTE ST,BAY CITY,48706.0,BAY,BAY CITY,BREWERK,,,"800 MARQUETTE ST, BAY CITY, MI 48706",1.7570759986437028e+18,Form Submission Attachments,AQD - Air,Application/Request
2026-07-01,2026.0,J. H. CAMPBELL PLANT,SUBMISSI,Submission PDF,https://mienviro.michigan.gov/ncore/downloadpdf/6583338767123416817,B2835,MAJOR,17000  Croswell,WEST OLIVE,49460.0,OTTAWA,GRAND RAPIDS,DEVRIESK1,,,"17000  Croswell, WEST OLIVE, MI 49460",6.583338767123417e+18,Form Submission Attachments,AQD - Air,Application/Request
2026-07-01,2026.0,TOEFCO ENGINEERED COATING SYSTEMS,NFORMDOC,nForm Document,https://mienviro.michigan.gov/ncore/downloadpdf/-2327699971932462118,N2610,MAJOR,1220 N 14th St,NILES,49120.0,BERRIEN,KALAMAZOO,DESKINSM,,,"1220 N 14th St, NILES, MI 49120",-2.327699971932462e+18,Form Submission Attachments,AQD - Air,Application/Request
2026-07-01,2026.0,"DENSO MANUFACTURING MICHIGAN, INC.",NFORMDOC,nForm Document,https://mienviro.michigan.gov/ncore/downloadpdf/7402765010182614808,N1192,MAJOR,One Denso Road,BATTLE CREEK,49037.0,CALHOUN,KALAMAZOO,CHAPELA,,,"One Denso Road, BATTLE CREEK, MI 49037",7.402765010182614e+18,Form Submission Attachments,AQD - Air,Application/Request
2026-07-01,2026.0,DETROIT THERMAL  BEACON HEATING PLANT,SUBMISSI,Submission PDF,https://mienviro.michigan.gov/ncore/downloadpdf/7555905162864298630,B2814,MAJOR,541  MADISON AVE,DETROIT,48226.0,WAYNE,DETROIT,LIVESONS2,,,"541  MADISON AVE, DETROIT, MI 48226",7.555905162864298e+18,Form Submission Attachments,AQD - Air,Application/Request
2026-07-01,2026.0,CONSUMERS ENERGY - FREEDOM COMPRESSOR STATION,SUBMISSI,Submission PDF,https://mienviro.michigan.gov/ncore/downloadpdf/8892156073182483991,N3920,MAJOR,12201  PLEASANT LAKE RD,MANCHESTER,48158.0,WASHTENAW,JACKSON,KOVALCHICKM,,,"12201  PLEASANT LAKE RD, MANCHESTER, MI 48158",8.892156073182484e+18,Form Submission Attachments,AQD - Air,Application/Request
2026-07-01,2026.0,"FAURECIA INTERIOR SYSTEMS SALINE, LLC",EMAILSTO,Emails to Faurecia from AQD requesting additional information for ROP Renewal application.,https://mienviro.michigan.gov/ncore/downloadfile/4516514937832791819,B2063,MAJOR,7700  MICHIGAN AVE,SALINE,48176.0,WASHTENAW,JACKSON,WEEMSS,,,"7700  MICHIGAN AVE, SALINE, MI 48176",4.516514937832792e+18,Air Application Documents,AQD - Air,Application/Request
2026-07-01,2026.0,GLEN'S SANITARY LANDFILL,SUBMISSI,Submission PDF,https://mienviro.michigan.gov/ncore/downloadpdf/-5395794285096132228,N3261,MAJOR,518 E. TRAVERSE HIGHWAY,MAPLE CITY,49664.0,LEELANAU,CADILLAC,CHILDSK,,,"518 E. TRAVERSE HIGHWAY, MAPLE CITY, MI 49664",-5.395794285096132e+18,Form Submission Attachments,AQD - Air,Application/Request
2026-07-01,2026.0,DETROIT THERMAL  BEACON HEATING PLANT,NFORMDOC,nForm Document,https://mienviro.michigan.gov/ncore/downloadpdf/-3506210518570392055,B2814,MAJOR,541  MADISON AVE,DETROIT,48226.0,WAYNE,DETROIT,LIVESONS2,,,"541  MADISON AVE, DETROIT, MI 48226",-3.506210518570392e+18,Form Submission Attachments,AQD - Air,Application/Request
2026-07-01,2026.0,BAY CARBON INC,NFORMDOC,nForm Document,https://mienviro.michigan.gov/ncore/downloadpdf/-7978464033379467866,N1832,MINOR,800 MARQUETTE ST,BAY CITY,48706.0,BAY,BAY CITY,BREWERK,,,"800 MARQUETTE ST, BAY CITY, MI 48706",-7.978464033379469e+18,Form Submission Attachments,AQD - Air,Application/Request
2026-07-01,2026.0,MACOMB COUNTY ANIMAL CONTROL,SECONDVI,Second Violation Notice,https://mienviro.michigan.gov/ncore/downloadpdf/849417445648059947,M3511,MINOR,21417 DUNHAM,CLINTON TWP,48036.0,MACOMB,WARREN,ELMOUCHIR,,,"21417 DUNHAM, CLINTON TWP, MI 48036",8.494174456480599e+17,Air Enforcement Documents,AQD - Air,Compliance Action
2026-07-01,2026.0,BAY CARBON INC,NFORMDOC,nForm Document,https://mienviro.michigan.gov/ncore/downloadpdf/5000447550232459355,N1832,MINOR,800 MARQUETTE ST,BAY CITY,48706.0,BAY,BAY CITY,BREWERK,,,"800 MARQUETTE ST, BAY CITY, MI 48706",5.000447550232459e+18,Form Submission Attachments,AQD - Air,Application/Request
2026-07-01,2026.0,"DENSO MANUFACTURING MICHIGAN, INC.",SUBMISSI,Submission PDF,https://mienviro.michigan.gov/ncore/downloadpdf/6195434593988555305,N1192,MAJOR,One Denso Road,BATTLE CREEK,49037.0,CALHOUN,KALAMAZOO,CHAPELA,,,"One Denso Road, BATTLE CREEK, MI 49037",6.195434593988555e+18,Form Submission Attachments,AQD - Air,Application/Request
2026-07-01,2026.0,"M.S.V. CONSTRUCTION, INC.",NFORMDOC,nForm Document,https://mienviro.michigan.gov/ncore/downloadpdf/-7840623003072333575,P0546,MINOR,7757 Creekwood Drive,ALTO,49302.0,KENT,GRAND RAPIDS,LAZZAROA1,,,"7757 Creekwood Drive, ALTO, MI 49302",-7.840623003072333e+18,Form Submission Attachments,AQD - Air,Application/Request
2026-06-30,2026.0,MARATHON PETROLEUM COMPANY LP,NFORMDOC,nForm Document,https://mienviro.michigan.gov/ncore/downloadpdf/-7611105085521288012,A9831,MEGASITE,1001 S Oakwood,DETROIT,48217.0,WAYNE,DETROIT,ACEVEDOJ1,,,"1001 S Oakwood, DETROIT, MI 48217",-7.611105085521288e+18,Form Submission Attachments,AQD - Air,Application/Request
2026-06-30,2026.0,NOVARES - HOWELL,VN,Violation Notice,https://mienviro.michigan.gov/ncore/downloadpdf/8679702891209389685,N2148,SM OPT OUT,1301 McPherson Park Dr.,HOWELL,48843.0,LIVINGSTON,LANSING,DAVISS46,VN,Violation Notice,"1301 McPherson Park Dr., HOWELL, MI 48843",8.679702891209389e+18,Air Enforcement Documents,AQD - Air,Compliance Action
2026-06-30,2026.0,FCA US LLC - JEFFERSON NORTH ASSEMBLY PLANT,NFORMDOC,nForm Document,https://mienviro.michigan.gov/ncore/downloadpdf/8712401620579268178,N2155,MAJOR,2101  CONNER AVE,DETROIT,48215.0,WAYNE,DETROIT,BYRNESR,,,"2101  CONNER AVE, DETROIT, MI 48215",8.712401620579268e+18,Form Submission Attachments,AQD - Air,Application/Request
2026-06-30,2026.0,PREGIS,VN,Violation Notice,https://mienviro.michigan.gov/ncore/downloadpdf/-1709343962820969973,N6944,MAJOR,2700 Wills Street,MARYSVILLE,48040.0,SAINT CLAIR,WARREN,LEFFERTK,VN,Violation Notice,"2700 Wills Street, MARYSVILLE, MI 48040",-1.70934396282097e+18,Air Enforcement Documents,AQD - Air,Compliance Action
2026-06-30,2026.0,PITSCH SANITARY LANDFILL,NFORMDOC,nForm Document,https://mienviro.michigan.gov/ncore/downloadpdf/-6063265556781698029,N5619,MAJOR,7905 Johnson Rd,BELDING,48809.0,IONIA,GRAND RAPIDS,MORGAND2,,,"7905 Johnson Rd, BELDING, MI 48809",-6.063265556781698e+18,Form Submission Attachments,AQD - Air,Application/Request
2026-06-30,2026.0,HOLCIM (US) INC. DBA LAFARGE ALPENA PLANT,TESTOBSE,Test Observation (06/10/2026),https://mienviro.michigan.gov/ncore/downloadpdf/480694081531645912,B1477,MAJOR,1435  Ford Avenue,ALPENA,49707.0,ALPENA,CADILLAC,CHILDSK,,,"1435  Ford Avenue, ALPENA, MI 49707",4.80694081531646e+17,Inspection Report,AQD - Air,Evaluation
2026-06-30,2026.0,"VERSO QUINNESEC, LLC",TESTOBSE,Test Observation (06/16/2026),https://mienviro.michigan.gov/ncore/downloadpdf/-5299606031993471761,B7192,MAJOR,W-6791 US HIGHWAY 2,QUINNESEC,49876.0,DICKINSON,MARQUETTE,CONKLINM1,,,"W-6791 US HIGHWAY 2, QUINNESEC, MI 49876",-5.299606031993472e+18,Inspection Report,AQD - Air,Evaluation
2026-06-30,2026.0,ST. CLAIR / BELLE RIVER POWER PLANT,NFORMDOC,nForm Document,https://mienviro.michigan.gov/ncore/downloadpdf/-9175832642706216087,B2796,MAJOR,4505 King Road,CHINA TWP,48054.0,SAINT CLAIR,WARREN,DZIADOSZM,,,"4505 King Road, CHINA TWP, MI 48054",-9.175832642706216e+18,Form Submission Attachments,AQD - Air,Application/Request
2026-06-30,2026.0,GUARDIAN INDUSTRIES-CARLETON,NFORMDOC,nForm Document,https://mienviro.michigan.gov/ncore/downloadpdf/4860030348648223260,B1877,MAJOR,14600  ROMINE RD,CARLETON,48117.0,MONROE,JACKSON,CARLEYB,,,"14600  ROMINE RD, CARLETON, MI 48117",4.860030348648223e+18,Form Submission Attachments,AQD - Air,Application/Request
2026-06-30,2026.0,"KNAUF INSULATION, INC.",NFORMDOC,nForm Document,https://mienviro.michigan.gov/ncore/downloadpdf/-2727157196890435712,B7205,MAJOR,1000 E NORTH ST,ALBION,49224.0,CALHOUN,KALAMAZOO,CHAPELA,,,"1000 E NORTH ST, ALBION, MI 49224",-2.727157196890436e+18,Form Submission Attachments,AQD - Air,Application/Request
2026-06-30,2026.0,"KNAUF INSULATION, INC.",NFORMDOC,nForm Document,https://mienviro.michigan.gov/ncore/downloadpdf/-1232798138744267432,B7205,MAJOR,1000 E NORTH ST,ALBION,49224.0,CALHOUN,KALAMAZOO,CHAPELA,,,"1000 E NORTH ST, ALBION, MI 49224",-1.2327981387442675e+18,Form Submission Attachments,AQD - Air,Application/Request
2026-06-30,2026.0,"KLETT RECYCLE, INC.",TAMMIEPU,Tammie Puite Comments on PTI Conditions.,https://mienviro.michigan.gov/ncore/downloadpdf/5998523613998821521,N6804,MINOR,62994 TERRITORIAL ROAD,HARTFORD,49057.0,VAN BUREN,KALAMAZOO,BENAWAYR,,,"62994 TERRITORIAL ROAD, HARTFORD, MI 49057",5.998523613998821e+18,Application Review Documents,AQD - Air,Application/Request
2026-06-30,2026.0,"KNAUF INSULATION, INC.",NFORMDOC,nForm Document,https://mienviro.michigan.gov/ncore/downloadpdf/4878410772781561685,B7205,MAJOR,1000 E NORTH ST,ALBION,49224.0,CALHOUN,KALAMAZOO,CHAPELA,,,"1000 E NORTH ST, ALBION, MI 49224",4.878410772781562e+18,Form Submission Attachments,AQD - Air,Application/Request
2026-06-30,2026.0,GLWA WATER RESOURCE RECOVERY FACILITY,NFORMDOC,nForm Document,https://mienviro.michigan.gov/ncore/downloadpdf/4489088153968331080,B2103,MAJOR,9300 W. JEFFERSON AVE,DETROIT,48209.0,WAYNE,DETROIT,WEISS,,,"9300 W. JEFFERSON AVE, DETROIT, MI 48209",4.4890881539683313e+18,Form Submission Attachments,AQD - Air,Application/Request
2026-06-30,2026.0,MARATHON PETROLEUM COMPANY LP,SUBMISSI,Submission PDF,https://mienviro.michigan.gov/ncore/downloadpdf/-6644289519849281441,A9831,MEGASITE,1001 S Oakwood,DETROIT,48217.0,WAYNE,DETROIT,ACEVEDOJ1,,,"1001 S Oakwood, DETROIT, MI 48217",-6.644289519849282e+18,Form Submission Attachments,AQD - Air,Application/Request
2026-06-30,2026.0,ST. CLAIR / BELLE RIVER POWER PLANT,NFORMDOC,nForm Document,https://mienviro.michigan.gov/ncore/downloadpdf/-8569346085425023804,B2796,MAJOR,4505 King Road,CHINA TWP,48054.0,SAINT CLAIR,WARREN,DZIADOSZM,,,"4505 King Road, CHINA TWP, MI 48054",-8.569346085425024e+18,Form Submission Attachments,AQD - Air,Application/Request
2026-06-30,2026.0,PITSCH SANITARY LANDFILL,SUBMISSI,Submission PDF,https://mienviro.michigan.gov/ncore/downloadpdf/393718449715770590,N5619,MAJOR,7905 Johnson Rd,BELDING,48809.0,IONIA,GRAND RAPIDS,MORGAND2,,,"7905 Johnson Rd, BELDING, MI 48809",3.9371844971577056e+17,Form Submission Attachments,AQD - Air,Application/Request
2026-06-30,2026.0,FCA US LLC - JEFFERSON NORTH ASSEMBLY PLANT,SUBMISSI,Submission PDF,https://mienviro.michigan.gov/ncore/downloadpdf/-3782275193923457406,N2155,MAJOR,2101  CONNER AVE,DETROIT,48215.0,WAYNE,DETROIT,BYRNESR,,,"2101  CONNER AVE, DETROIT, MI 48215",-3.7822751939234575e+18,Form Submission Attachments,AQD - Air,Application/Request
2026-06-30,2026.0,"KNAUF INSULATION, INC.",NFORMDOC,nForm Document,https://mienviro.michigan.gov/ncore/downloadpdf/2592646757445636473,B7205,MAJOR,1000 E NORTH ST,ALBION,49224.0,CALHOUN,KALAMAZOO,CHAPELA,,,"1000 E NORTH ST, ALBION, MI 49224",2.5926467574456366e+18,Form Submission Attachments,AQD - Air,Application/Request
2026-06-30,2026.0,GLWA WATER RESOURCE RECOVERY FACILITY,NFORMDOC,nForm Document,https://mienviro.michigan.gov/ncore/downloadpdf/6307379858979519966,B2103,MAJOR,9300 W. JEFFERSON AVE,DETROIT,48209.0,WAYNE,DETROIT,WEISS,,,"9300 W. JEFFERSON AVE, DETROIT, MI 48209",6.30737985897952e+18,Form Submission Attachments,AQD - Air,Application/Request
2026-06-30,2026.0,FCA US LLC - JEFFERSON NORTH ASSEMBLY PLANT,NFORMDOC,nForm Document,https://mienviro.michigan.gov/ncore/downloadpdf/6222619790359668482,N2155,MAJOR,2101  CONNER AVE,DETROIT,48215.0,WAYNE,DETROIT,BYRNESR,,,"2101  CONNER AVE, DETROIT, MI 48215",6.222619790359669e+18,Form Submission Attachments,AQD - Air,Application/Request
2026-06-30,2026.0,GUARDIAN INDUSTRIES-CARLETON,NFORMDOC,nForm Document,https://mienviro.michigan.gov/ncore/downloadpdf/2822318826347337046,B1877,MAJOR,14600  ROMINE RD,CARLETON,48117.0,MONROE,JACKSON,CARLEYB,,,"14600  ROMINE RD, CARLETON, MI 48117",2.8223188263473367e+18,Form Submission Attachments,AQD - Air,Application/Request
2026-06-30,2026.0,"KNAUF INSULATION, INC.",SUBMISSI,Submission PDF,https://mienviro.michigan.gov/ncore/downloadpdf/-6879713287126300569,B7205,MAJOR,1000 E NORTH ST,ALBION,49224.0,CALHOUN,KALAMAZOO,CHAPELA,,,"1000 E NORTH ST, ALBION, MI 49224",-6.879713287126301e+18,Form Submission Attachments,AQD - Air,Application/Request
2026-06-30,2026.0,GLWA WATER RESOURCE RECOVERY FACILITY,SUBMISSI,Submission PDF,https://mienviro.michigan.gov/ncore/downloadpdf/9944098077151815,B2103,MAJOR,9300 W. JEFFERSON AVE,DETROIT,48209.0,WAYNE,DETROIT,WEISS,,,"9300 W. JEFFERSON AVE, DETROIT, MI 48209",9944098077151816.0,Form Submission Attachments,AQD - Air,Application/Request
2026-06-30,2026.0,GUARDIAN INDUSTRIES-CARLETON,SUBMISSI,Submission PDF,https://mienviro.michigan.gov/ncore/downloadpdf/2881159065710416558,B1877,MAJOR,14600  ROMINE RD,CARLETON,48117.0,MONROE,JACKSON,CARLEYB,,,"14600  ROMINE RD, CARLETON, MI 48117",2.8811590657104164e+18,Form Submission Attachments,AQD - Air,Application/Request
2026-06-30,2026.0,"KNAUF INSULATION, INC.",NFORMDOC,nForm Document,https://mienviro.michigan.gov/ncore/downloadpdf/-8236627181103183966,B7205,MAJOR,1000 E NORTH ST,ALBION,49224.0,CALHOUN,KALAMAZOO,CHAPELA,,,"1000 E NORTH ST, ALBION, MI 49224",-8.236627181103184e+18,Form Submission Attachments,AQD - Air,Application/Request
2026-06-30,2026.0,ST. CLAIR / BELLE RIVER POWER PLANT,SUBMISSI,Submission PDF,https://mienviro.michigan.gov/ncore/downloadpdf/5216408704372680155,B2796,MAJOR,4505 King Road,CHINA TWP,48054.0,SAINT CLAIR,WARREN,DZIADOSZM,,,"4505 King Road, CHINA TWP, MI 48054",5.21640870437268e+18,Form Submission Attachments,AQD - Air,Application/Request
2026-06-30,2026.0,TOYOTA MOTOR NORTH AMERICA R&D,TESTOBSE,Test Observation (06/30/2026),https://mienviro.michigan.gov/ncore/downloadpdf/3770468762824904463,N2915,MAJOR,1555 WOODRIDGE,ANN ARBOR,48105.0,WASHTENAW,JACKSON,KAVANAUGHD,,,"1555 WOODRIDGE, ANN ARBOR, MI 48105",3.770468762824904e+18,Inspection Report,AQD - Air,Evaluation
2026-06-30,2026.0,ADRIAN LANDFILL,RENEWABL,Renewable Operating Permit containing permit conditions for the facility.,https://mienviro.michigan.gov/ncore/downloadpdf/-7278780394107531612,N2369,MAJOR,1970 NORTH OGDEN HWY,ADRIAN,49221.0,LENAWEE,JACKSON,KAVANAUGHD,,,"1970 NORTH OGDEN HWY, ADRIAN, MI 49221",-7.278780394107531e+18,ROP Documents,AQD - Air,Permit
2026-06-30,2026.0,ADRIAN LANDFILL,STAFFREP,Staff Report – An explanation of the technical details and the rules and regulations that apply to the permit.,https://mienviro.michigan.gov/ncore/downloadpdf/-2394081604435253612,N2369,MAJOR,1970 NORTH OGDEN HWY,ADRIAN,49221.0,LENAWEE,JACKSON,KAVANAUGHD,,,"1970 NORTH OGDEN HWY, ADRIAN, MI 49221",-2.394081604435254e+18,ROP Documents,AQD - Air,Permit
2026-06-30,2026.0,"VERSO QUINNESEC, LLC",SITE,Site,https://mienviro.michigan.gov/ncore/downloadpdf/-8316083387298246914,B7192,MAJOR,W-6791 US HIGHWAY 2,QUINNESEC,49876.0,DICKINSON,MARQUETTE,CONKLINM1,,,"W-6791 US HIGHWAY 2, QUINNESEC, MI 49876",-8.316083387298248e+18,Air Site Documents,,Site
2026-06-30,2026.0,"KNAUF INSULATION, INC.",SUBMISSI,Submission PDF,https://mienviro.michigan.gov/ncore/downloadpdf/5981967346722990065,B7205,MAJOR,1000 E NORTH ST,ALBION,49224.0,CALHOUN,KALAMAZOO,CHAPELA,,,"1000 E NORTH ST, ALBION, MI 49224",5.98196734672299e+18,Form Submission Attachments,AQD - Air,Application/Request
2026-06-29,2026.0,TEMPERFORM LLC,NFORMDOC,nForm Document,https://mienviro.michigan.gov/ncore/downloadpdf/7459330666907540545,B7357,SM OPT OUT,25425 TRANS X,NOVI,48375.0,OAKLAND,WARREN,KONANAHALLII,,,"25425 TRANS X, NOVI, MI 48375",7.459330666907539e+18,Form Submission Attachments,AQD - Air,Application/Request
2026-06-29,2026.0,TEMPERFORM LLC,SUBMISSI,Submission PDF,https://mienviro.michigan.gov/ncore/downloadpdf/-2704701863708578118,B7357,SM OPT OUT,25425 TRANS X,NOVI,48375.0,OAKLAND,WARREN,KONANAHALLII,,,"25425 TRANS X, NOVI, MI 48375",-2.704701863708578e+18,Form Submission Attachments,AQD - Air,Application/Request
2026-06-29,2026.0,GENERAL MOTORS LLC FLINT ASSEMBLY,NFORMDOC,nForm Document,https://mienviro.michigan.gov/ncore/downloadpdf/-1179981087500456640,B1606,MAJOR,G-3100  Van Slyke Rd.,FLINT,48551.0,GENESEE,LANSING,BYRNESR,,,"G-3100  Van Slyke Rd., FLINT, MI 48551",-1.1799810875004567e+18,Form Submission Attachments,AQD - Air,Application/Request
2026-06-29,2026.0,"ZEELAND FARM SERVICES, INC.",CAMPLANJ,"CAM Plan - January 8, 2020",https://mienviro.michigan.gov/ncore/downloadpdf/1593915825538691073,M4204,MAJOR,2468  84th Ave,ZEELAND,49464.0,OTTAWA,GRAND RAPIDS,DEVRIESK1,,,"2468  84th Ave, ZEELAND, MI 49464",1.593915825538691e+18,Air Application Documents,AQD - Air,Application/Request
2026-06-29,2026.0,LACKS INDUSTRIES INC,EMAILFRO,"Email from testing company to TPU saying that the methanol test data is invalid due to freezing the sample and ""upon reviewing the analytical results, it became clear that the freezing event impacted the samples — the spike recoveries failed, and the resulting data showed no consistent or valid trends"".  As such there is no methanol test data.  The Airlane North facility was idled on October 24, 2025.",https://mienviro.michigan.gov/ncore/downloadfile/-1231265898620856820,N0895,MAJOR,4260 AIRLANE SE,KENTWOOD,49512.0,KENT,GRAND RAPIDS,LAZZAROA1,,,"4260 AIRLANE SE, KENTWOOD, MI 49512",-1.2312658986208568e+18,Misc. Submittal Docs,AQD - Air,Application/Request
2026-06-29,2026.0,DARLING INGREDIENTS INC.,AIRPERMI,Air Permit to Install,https://mienviro.michigan.gov/ncore/downloadpdf/6620297308618208455,B1526,MINOR,600 JAY ST,COLDWATER,49036.0,BRANCH,KALAMAZOO,COLLINSC21,,,"600 JAY ST, COLDWATER, MI 49036",6.620297308618208e+18,Air Permit to Install Documents,AQD - Air,Permit
2026-06-29,2026.0,GENERAL MOTORS LLC FLINT ASSEMBLY,SUBMISSI,Submission PDF,https://mienviro.michigan.gov/ncore/downloadpdf/-3644884456290508327,B1606,MAJOR,G-3100  Van Slyke Rd.,FLINT,48551.0,GENESEE,LANSING,BYRNESR,,,"G-3100  Van Slyke Rd., FLINT, MI 48551",-3.644884456290508e+18,Form Submission Attachments,AQD - Air,Application/Request
2026-06-29,2026.0,CENTURY FOUNDRY INC,PERMITCH,Permit Change - Air Permit to Install - Modification,https://mienviro.michigan.gov/ncore/downloadpdf/1807651599418535111,N7027,MINOR,339 W Hovey,MUSKEGON HTS,49444.0,MUSKEGON,GRAND RAPIDS,GRINSTERNE,,,"339 W Hovey, MUSKEGON HTS, MI 49444",1.8076515994185352e+18,Air Application Documents,AQD - Air,Application/Request
2026-06-29,2026.0,GENERAL MOTORS LANSING GRAND RIVER ASSEMBLY,NFORMDOC,nForm Document,https://mienviro.michigan.gov/ncore/downloadpdf/-4240607727076045182,A1641,MAJOR,920  TOWNSEND ST.,LANSING,48933.0,INGHAM,LANSING,BYRNESR,,,"920  TOWNSEND ST., LANSING, MI 48933",-4.240607727076045e+18,Form Submission Attachments,AQD - Air,Application/Request
2026-06-29,2026.0,GENERAL MOTORS LLC FLINT ASSEMBLY,NFORMDOC,nForm Document,https://mienviro.michigan.gov/ncore/downloadpdf/-4762881236071943125,B1606,MAJOR,G-3100  Van Slyke Rd.,FLINT,48551.0,GENESEE,LANSING,BYRNESR,,,"G-3100  Van Slyke Rd., FLINT, MI 48551",-4.762881236071943e+18,Form Submission Attachments,AQD - Air,Application/Request
2026-06-29,2026.0,"ZEELAND FARM SERVICES, INC.",ENGIENMA,"ENGIEN MAP-PMP - January 24, 2023",https://mienviro.michigan.gov/ncore/downloadpdf/-2151053477724233895,M4204,MAJOR,2468  84th Ave,ZEELAND,49464.0,OTTAWA,GRAND RAPIDS,DEVRIESK1,,,"2468  84th Ave, ZEELAND, MI 49464",-2.1510534777242337e+18,Air Application Documents,AQD - Air,Application/Request
2026-06-29,2026.0,"ZEELAND FARM SERVICES, INC.",MOSTRECE,Most Recent MAP PMP,https://mienviro.michigan.gov/ncore/downloadpdf/-7045001166893741871,M4204,MAJOR,2468  84th Ave,ZEELAND,49464.0,OTTAWA,GRAND RAPIDS,DEVRIESK1,,,"2468  84th Ave, ZEELAND, MI 49464",-7.045001166893742e+18,Air Application Documents,AQD - Air,Application/Request
2026-06-29,2026.0,TEMPERFORM LLC,NFORMDOC,nForm Document,https://mienviro.michigan.gov/ncore/downloadpdf/4626720148809275529,B7357,SM OPT OUT,25425 TRANS X,NOVI,48375.0,OAKLAND,WARREN,KONANAHALLII,,,"25425 TRANS X, NOVI, MI 48375",4.626720148809276e+18,Form Submission Attachments,AQD - Air,Application/Request
2026-06-29,2026.0,"ATLAS EPS, A DIVISION OF ATLAS ROOFING CORP.",AIRPERMI,Air Permit to Install,https://mienviro.michigan.gov/ncore/downloadpdf/91678421108163110,N1794,MAJOR,8240  Byron Center Rd.,BYRON CENTER,49315.0,KENT,GRAND RAPIDS,LAZZAROA1,,,"8240  Byron Center Rd., BYRON CENTER, MI 49315",9.167842110816312e+16,Air Permit to Install Documents,AQD - Air,Permit
2026-06-29,2026.0,"KNAUF INSULATION, INC.",SUBMISSI,Submission PDF,https://mienviro.michigan.gov/ncore/downloadpdf/-1186095150293125706,B7205,MAJOR,1000 E NORTH ST,ALBION,49224.0,CALHOUN,KALAMAZOO,CHAPELA,,,"1000 E NORTH ST, ALBION, MI 49224",-1.1860951502931256e+18,Form Submission Attachments,AQD - Air,Application/Request
2026-06-29,2026.0,GENERAL MOTORS LLC FLINT ASSEMBLY,NFORMDOC,nForm Document,https://mienviro.michigan.gov/ncore/downloadpdf/5533462359638834338,B1606,MAJOR,G-3100  Van Slyke Rd.,FLINT,48551.0,GENESEE,LANSING,BYRNESR,,,"G-3100  Van Slyke Rd., FLINT, MI 48551",5.533462359638833e+18,Form Submission Attachments,AQD - Air,Application/Request
2026-06-29,2026.0,WESTERN MICHIGAN UNIVERSITY,RENEWABL,Renewable Operating Permit containing permit conditions for the facility.,https://mienviro.michigan.gov/ncore/downloadpdf/4641707025652554491,K2131,MAJOR,1903 West Michigan Ave,KALAMAZOO,49008.0,KALAMAZOO,KALAMAZOO,BROTHERSM,,,"1903 West Michigan Ave, KALAMAZOO, MI 49008",4.641707025652554e+18,Air Application Documents,AQD - Air,Application/Request
2026-06-29,2026.0,"ATLAS EPS, A DIVISION OF ATLAS ROOFING CORP.",AIRPERMI,Air Permit to Install,https://mienviro.michigan.gov/ncore/downloadpdf/-2895561229013504372,N1794,MAJOR,8240  Byron Center Rd.,BYRON CENTER,49315.0,KENT,GRAND RAPIDS,LAZZAROA1,,,"8240  Byron Center Rd., BYRON CENTER, MI 49315",-2.8955612290135045e+18,Air Permit to Install Documents,AQD - Air,Permit
2026-06-29,2026.0,DARLING INGREDIENTS INC.,AIRPERMI,Air Permit to Install,https://mienviro.michigan.gov/ncore/downloadpdf/9159709362258354584,B1526,MINOR,600 JAY ST,COLDWATER,49036.0,BRANCH,KALAMAZOO,COLLINSC21,,,"600 JAY ST, COLDWATER, MI 49036",9.159709362258352e+18,Air Permit to Install Documents,AQD - Air,Permit
2026-06-29,2026.0,"ZEELAND FARM SERVICES, INC.",FUGITIVE,Fugitive Duet Plan - September 2024,https://mienviro.michigan.gov/ncore/downloadpdf/-354926857209053330,M4204,MAJOR,2468  84th Ave,ZEELAND,49464.0,OTTAWA,GRAND RAPIDS,DEVRIESK1,,,"2468  84th Ave, ZEELAND, MI 49464",-3.549268572090533e+17,Air Application Documents,AQD - Air,Application/Request
2026-06-29,2026.0,GENERAL MOTORS LLC FLINT ASSEMBLY,NFORMDOC,nForm Document,https://mienviro.michigan.gov/ncore/downloadpdf/3027469716857842178,B1606,MAJOR,G-3100  Van Slyke Rd.,FLINT,48551.0,GENESEE,LANSING,BYRNESR,,,"G-3100  Van Slyke Rd., FLINT, MI 48551",3.027469716857842e+18,Form Submission Attachments,AQD - Air,Application/Request
2026-06-29,2026.0,GENERAL MOTORS LANSING GRAND RIVER ASSEMBLY,SUBMISSI,Submission PDF,https://mienviro.michigan.gov/ncore/downloadpdf/-30117540505827176,A1641,MAJOR,920  TOWNSEND ST.,LANSING,48933.0,INGHAM,LANSING,BYRNESR,,,"920  TOWNSEND ST., LANSING, MI 48933",-3.0117540505827176e+16,Form Submission Attachments,AQD - Air,Application/Request
2026-06-29,2026.0,GENERAL MOTORS LLC FLINT ASSEMBLY,SUBMISSI,Submission PDF,https://mienviro.michigan.gov/ncore/downloadpdf/-3148163119755679107,B1606,MAJOR,G-3100  Van Slyke Rd.,FLINT,48551.0,GENESEE,LANSING,BYRNESR,,,"G-3100  Van Slyke Rd., FLINT, MI 48551",-3.148163119755679e+18,Form Submission Attachments,AQD - Air,Application/Request
2026-06-29,2026.0,TEMPERFORM LLC,NFORMDOC,nForm Document,https://mienviro.michigan.gov/ncore/downloadpdf/-5384722439868709415,B7357,SM OPT OUT,25425 TRANS X,NOVI,48375.0,OAKLAND,WARREN,KONANAHALLII,,,"25425 TRANS X, NOVI, MI 48375",-5.384722439868709e+18,Form Submission Attachments,AQD - Air,Application/Request
2026-06-29,2026.0,WESTERN MICHIGAN UNIVERSITY,DRAFTSTA,Draft Staff Report – An explanation of the technical details and the rules and regulations that apply to the permit.,https://mienviro.michigan.gov/ncore/downloadpdf/375600353216721259,K2131,MAJOR,1903 West Michigan Ave,KALAMAZOO,49008.0,KALAMAZOO,KALAMAZOO,BROTHERSM,,,"1903 West Michigan Ave, KALAMAZOO, MI 49008",3.756003532167213e+17,Air Application Documents,AQD - Air,Application/Request
2026-06-29,2026.0,DARLING INGREDIENTS INC.,SUBMISSI,Submission PDF,https://mienviro.michigan.gov/ncore/downloadpdf/-4539824447075675583,B1526,MINOR,600 JAY ST,COLDWATER,49036.0,BRANCH,KALAMAZOO,COLLINSC21,,,"600 JAY ST, COLDWATER, MI 49036",-4.539824447075676e+18,Form Submission Attachments,AQD - Air,Application/Request
2026-06-27,2026.0,UNIVERSITY OF MICHIGAN,SUBMISSI,Submission PDF,https://mienviro.michigan.gov/ncore/downloadpdf/-212947611702340144,M0675,MAJOR,1239  KIPKE DR,ANN ARBOR,48109.0,WASHTENAW,JACKSON,KAVANAUGHD,,,"1239  KIPKE DR, ANN ARBOR, MI 48109",-2.1294761170234016e+17,Form Submission Attachments,AQD - Air,Application/Request
2026-06-27,2026.0,UNIVERSITY OF MICHIGAN,NFORMDOC,nForm Document,https://mienviro.michigan.gov/ncore/downloadpdf/4877982793936174111,M0675,MAJOR,1239  KIPKE DR,ANN ARBOR,48109.0,WASHTENAW,JACKSON,KAVANAUGHD,,,"1239  KIPKE DR, ANN ARBOR, MI 48109",4.877982793936174e+18,Form Submission Attachments,AQD - Air,Application/Request
2026-06-27,2026.0,UNIVERSITY OF MICHIGAN,NFORMDOC,nForm Document,https://mienviro.michigan.gov/ncore/downloadpdf/6667875956183119116,M0675,MAJOR,1239  KIPKE DR,ANN ARBOR,48109.0,WASHTENAW,JACKSON,KAVANAUGHD,,,"1239  KIPKE DR, ANN ARBOR, MI 48109",6.667875956183119e+18,Form Submission Attachments,AQD - Air,Application/Request
